"Date","alpha_0.01","alpha_0.05"
"2004-12-28",-1.89109889652923,-1.25607994772075
"2004-12-29",-1.89264087353412,-1.25633271809516
"2004-12-30",-1.84737265625486,-1.22585015434382
"2004-12-31",-1.82114893223457,-1.20272745207646
"2005-01-03",-1.77180423299478,-1.17215363032409
"2005-01-04",-1.8644326884767,-1.23138902811047
"2005-01-05",-2.04391841432791,-1.3681525785345
"2005-01-06",-2.04546620175532,-1.36618817559406
"2005-01-07",-1.98785538237719,-1.33402560546489
"2005-01-10",-1.96222972026032,-1.31093296375078
"2005-01-11",-1.92214849107876,-1.28404135182285
"2005-01-12",-1.96652643787057,-1.30137619861544
"2005-01-13",-1.91139597419476,-1.27123405013909
"2005-01-14",-1.92788760134374,-1.29335911419766
"2005-01-18",-1.92933143036396,-1.2818467853413
"2005-01-19",-1.97360609215431,-1.31265175150951
"2005-01-20",-2.02460185226312,-1.36418894814353
"2005-01-21",-2.02244615732843,-1.35232452838786
"2005-01-24",-1.9972026692491,-1.32897572181675
"2005-01-25",-1.97485463324395,-1.31629598713045
"2005-01-26",-1.95548451717942,-1.30769029505648
"2005-01-27",-1.95304160877514,-1.30894407153456
"2005-01-28",-1.90574821795504,-1.28640570097547
"2005-01-31",-1.91564350689326,-1.27536630906188
"2005-02-01",-1.9406206886151,-1.29979564844511
"2005-02-02",-1.92624156145044,-1.28269755230573
"2005-02-03",-1.90355129038375,-1.26059735808122
"2005-02-04",-1.8793600108056,-1.24605149275337
"2005-02-07",-1.94736636607852,-1.29526984871271
"2005-02-08",-1.92342007383778,-1.2775641827042
"2005-02-09",-1.9002843330214,-1.26964406879354
"2005-02-10",-1.9929055551807,-1.34138796204157
"2005-02-11",-1.94867160709855,-1.30725029734806
"2005-02-14",-1.97239754488387,-1.32026964883527
"2005-02-15",-1.93603205551114,-1.29927212377431
"2005-02-16",-1.90954992536568,-1.27082571822098
"2005-02-17",-1.88290148909745,-1.25054487014536
"2005-02-18",-1.88800798610992,-1.26198271253426
"2005-02-22",-1.87936446121322,-1.24695042220673
"2005-02-23",-2.03047086260545,-1.36450578708926
"2005-02-24",-2.01286329844627,-1.34438888667417
"2005-02-25",-2.04448793224893,-1.36032682242838
"2005-02-28",-2.05285151683967,-1.37125309484645
"2005-03-01",-2.00875296303987,-1.34875382574521
"2005-03-02",-1.98886718536756,-1.31569331138421
"2005-03-03",-1.9559907123587,-1.30602351557297
"2005-03-04",-1.94366417524591,-1.29828968316674
"2005-03-07",-1.93921563937891,-1.29982129330088
"2005-03-08",-1.90469297711838,-1.26863842454591
"2005-03-09",-1.89905062088893,-1.26595071890557
"2005-03-10",-1.93850685580839,-1.29696331029939
"2005-03-11",-1.92570199499929,-1.275751393377
"2005-03-14",-1.89662896582873,-1.25356031531751
"2005-03-15",-1.85745932502331,-1.23650467283701
"2005-03-16",-1.87231206503819,-1.24299017335622
"2005-03-17",-1.88482237130999,-1.25214209959885
"2005-03-18",-1.86324953721804,-1.23276263734243
"2005-03-21",-1.8434833041487,-1.23178093924182
"2005-03-22",-1.83085301351422,-1.20912665362732
"2005-03-23",-1.8769025974112,-1.24707596727936
"2005-03-24",-1.84229467054853,-1.23054217993867
"2005-03-28",-1.8428920555806,-1.22713333921646
"2005-03-29",-1.81809547989486,-1.20250838670194
"2005-03-30",-1.83374316468913,-1.21705333344504
"2005-03-31",-1.91404467307943,-1.28420927667463
"2005-04-01",-1.90880791478224,-1.26833589700337
"2005-04-04",-1.89985841673537,-1.25486697893667
"2005-04-05",-1.87127648584649,-1.23834046706034
"2005-04-06",-1.87536735689745,-1.23150692839916
"2005-04-07",-1.82357551435743,-1.21668994014848
"2005-04-08",-1.82976765762966,-1.20740467096024
"2005-04-11",-1.82857108109336,-1.21398151576193
"2005-04-12",-1.82776558972508,-1.20674570574998
"2005-04-13",-1.83062231948965,-1.20338189906668
"2005-04-14",-1.88403603009013,-1.25744345374452
"2005-04-15",-1.94946485023983,-1.30678755478488
"2005-04-18",-2.13359411464002,-1.43539694346676
"2005-04-19",-2.10301806923995,-1.40912017353756
"2005-04-20",-2.10332491109496,-1.41096048140445
"2005-04-21",-2.19559975542553,-1.48497640352461
"2005-04-22",-2.40856461364386,-1.62262328685976
"2005-04-25",-2.35805515168154,-1.60586105262916
"2005-04-26",-2.36947340460596,-1.60849168312834
"2005-04-27",-2.34429861859765,-1.60186242478319
"2005-04-28",-2.29428872597801,-1.56172349467576
"2005-04-29",-2.35552527302012,-1.59967551769185
"2005-05-02",-2.34311531192159,-1.58637858783775
"2005-05-03",-2.30467110693125,-1.56499701202331
"2005-05-04",-2.26942998233267,-1.54006259756264
"2005-05-05",-2.28590827130589,-1.54779903222355
"2005-05-06",-2.25164780411679,-1.51852947572586
"2005-05-09",-2.2061383969612,-1.49723460296414
"2005-05-10",-2.18329984366813,-1.47282227874859
"2005-05-11",-2.19295291818174,-1.48297653825456
"2005-05-12",-2.17221089527558,-1.46906092221123
"2005-05-13",-2.24365174428766,-1.51383793588034
"2005-05-16",-2.2200818828192,-1.50701398206893
"2005-05-17",-2.22476485172874,-1.50931049992691
"2005-05-18",-2.21235774737894,-1.50078681756812
"2005-05-19",-2.23609578623005,-1.51530926514886
"2005-05-20",-2.18452677275444,-1.48427267061829
"2005-05-23",-2.15130871060303,-1.46125520972846
"2005-05-24",-2.12639490177687,-1.44010310581002
"2005-05-25",-2.10711760983746,-1.42077247298838
"2005-05-26",-2.07152682572051,-1.40260255135995
"2005-05-27",-2.09709449742364,-1.4172746520074
"2005-05-31",-2.04584105116444,-1.36774554542714
"2005-06-01",-1.98633610764423,-1.32923027055927
"2005-06-02",-1.98300533857568,-1.33616694624261
"2005-06-03",-1.96932714509087,-1.31860341680473
"2005-06-06",-1.96161510646409,-1.31425795351323
"2005-06-07",-1.9247386175244,-1.28124231391751
"2005-06-08",-1.89951792950902,-1.26419911829706
"2005-06-09",-1.86511242306677,-1.2518931196662
"2005-06-10",-1.88113017252882,-1.24578507066301
"2005-06-13",-1.84263791385872,-1.23095306204436
"2005-06-14",-1.81430980811423,-1.21468113330896
"2005-06-15",-1.80202268826239,-1.19109116083126
"2005-06-16",-1.78020753416961,-1.1812252508457
"2005-06-17",-1.76096492704642,-1.17122816244376
"2005-06-20",-1.73896249028831,-1.14727679266974
"2005-06-21",-1.71157123720084,-1.12847961462644
"2005-06-22",-1.70531677755141,-1.11754023832531
"2005-06-23",-1.69286799773898,-1.10910804054349
"2005-06-24",-1.79967247817763,-1.18893675231469
"2005-06-27",-1.80383548403972,-1.19164551021621
"2005-06-28",-1.78666615848365,-1.17978185963024
"2005-06-29",-1.85236322884789,-1.24032913773576
"2005-06-30",-1.84450348570986,-1.22000108847767
"2005-07-01",-1.82825440535507,-1.20791473543641
"2005-07-05",-1.78216143759425,-1.18725533339343
"2005-07-06",-1.8351700490804,-1.22167491321012
"2005-07-07",-1.841993142118,-1.22173451207279
"2005-07-08",-1.831923451359,-1.21133408799994
"2005-07-11",-1.92803836126574,-1.28311700000677
"2005-07-12",-1.91019671267776,-1.27951278870971
"2005-07-13",-1.8963698592053,-1.2613829791177
"2005-07-14",-1.87082531924804,-1.23665596363263
"2005-07-15",-1.81872885818044,-1.20804287401175
"2005-07-18",-1.80691598844336,-1.20026818772966
"2005-07-19",-1.80055791873358,-1.19839759273648
"2005-07-20",-1.82330616711754,-1.20860897934183
"2005-07-21",-1.81081817090143,-1.20307343843725
"2005-07-22",-1.85583755995296,-1.2402555989475
"2005-07-25",-1.84499003354345,-1.23272516290079
"2005-07-26",-1.84968129901534,-1.2315077131845
"2005-07-27",-1.81831490488398,-1.21054600621707
"2005-07-28",-1.79340841415207,-1.1866587340061
"2005-07-29",-1.81336005140389,-1.20343825100987
"2005-08-01",-1.77685857285902,-1.18452241583129
"2005-08-02",-1.76275274515937,-1.1636154455357
"2005-08-03",-1.73969219507219,-1.15088794919454
"2005-08-04",-1.74100873998071,-1.1394854520744
"2005-08-05",-1.79024227329416,-1.18154874155782
"2005-08-08",-1.80944438347479,-1.20821119713204
"2005-08-09",-1.81210359781386,-1.20297292316586
"2005-08-10",-1.76547569364566,-1.17454839209709
"2005-08-11",-1.75393116539299,-1.1580623258095
"2005-08-12",-1.7635842472339,-1.15754336365412
"2005-08-15",-1.76537635042692,-1.17139472626535
"2005-08-16",-1.74952453318709,-1.14953236605611
"2005-08-17",-1.86235459301726,-1.24030806496595
"2005-08-18",-1.83627362358041,-1.22368896297944
"2005-08-19",-1.8287808300725,-1.22016617891556
"2005-08-22",-1.81954474337593,-1.20875439484695
"2005-08-23",-1.8106240809377,-1.19183101317153
"2005-08-24",-1.77094666419798,-1.1842417565301
"2005-08-25",-1.76409775350005,-1.16455566342704
"2005-08-26",-1.74599508603638,-1.15055743757179
"2005-08-29",-1.76218301407475,-1.16202129140434
"2005-08-30",-1.77116361893519,-1.16582138020801
"2005-08-31",-1.7327487488786,-1.15326505809923
"2005-09-01",-1.82625680740025,-1.21171248124078
"2005-09-02",-1.80035778716569,-1.19688140791645
"2005-09-06",-1.79958140757393,-1.20170206305315
"2005-09-07",-1.85899552234372,-1.2395454870035
"2005-09-08",-1.83729338234615,-1.22501255434389
"2005-09-09",-1.82143402077677,-1.21419328805955
"2005-09-12",-1.81941981098855,-1.20482829796237
"2005-09-13",-1.79912464866582,-1.18953923955991
"2005-09-14",-1.79780673017241,-1.19012974872452
"2005-09-15",-1.78423003473154,-1.18140340784202
"2005-09-16",-1.7737537780902,-1.17499643313131
"2005-09-19",-1.76016971778731,-1.16763627845851
"2005-09-20",-1.75367881350233,-1.1525216119684
"2005-09-21",-1.76464179810574,-1.17406973527764
"2005-09-22",-1.83560857319715,-1.21367458645727
"2005-09-23",-1.80031654514566,-1.20398235011594
"2005-09-26",-1.77599353408416,-1.19044229031757
"2005-09-27",-1.78160552877551,-1.1756270573992
"2005-09-28",-1.76685706931928,-1.15916096988648
"2005-09-29",-1.74076522982159,-1.14537935790491
"2005-09-30",-1.74209296255226,-1.15244115097325
"2005-10-03",-1.73007544883441,-1.14521966670664
"2005-10-04",-1.71363934232177,-1.12625219086661
"2005-10-05",-1.75812673317978,-1.1582636608524
"2005-10-06",-2.06744305721382,-1.38495437867938
"2005-10-07",-2.07278498162134,-1.40003889305446
"2005-10-10",-2.06673036122359,-1.39134938332725
"2005-10-11",-2.06876472751131,-1.38710742724512
"2005-10-12",-2.0489323939122,-1.37643933050577
"2005-10-13",-2.08149827887642,-1.40661020243192
"2005-10-14",-2.06882208225896,-1.39146328844963
"2005-10-17",-2.06849399051201,-1.39941752832106
"2005-10-18",-2.07307674145581,-1.38575712584414
"2005-10-19",-2.11620181812166,-1.42658312251911
"2005-10-20",-2.18754195747967,-1.48684613359861
"2005-10-21",-2.33190678247614,-1.57918078001315
"2005-10-24",-2.2917294604922,-1.54788387419729
"2005-10-25",-2.41726782697119,-1.64024597410338
"2005-10-26",-2.3600856217789,-1.60426296013632
"2005-10-27",-2.33537449544853,-1.58151682121884
"2005-10-28",-2.37511713705821,-1.62966271328537
"2005-10-31",-2.46178287626696,-1.66828098925443
"2005-11-01",-2.42499167466441,-1.65776586401364
"2005-11-02",-2.38828537220334,-1.6266432443658
"2005-11-03",-2.41050845485722,-1.63821106507505
"2005-11-04",-2.37480027701369,-1.61333811009584
"2005-11-07",-2.34270343457293,-1.59758112720592
"2005-11-08",-2.29523249756101,-1.55066220515516
"2005-11-09",-2.26521888093178,-1.53369910411271
"2005-11-10",-2.22129981264354,-1.50942519645264
"2005-11-11",-2.15950908827296,-1.45790589055358
"2005-11-14",-2.13565224917733,-1.43518625847569
"2005-11-15",-2.09908790948816,-1.41308123772762
"2005-11-16",-2.06504534464543,-1.38602206743193
"2005-11-17",-2.04829988062833,-1.37806923250915
"2005-11-18",-2.0683849798378,-1.39727417970534
"2005-11-21",-2.04623121793776,-1.36631097319277
"2005-11-22",-2.0288965816549,-1.36830180378691
"2005-11-23",-2.00680715203986,-1.34613483628259
"2005-11-25",-1.97561612223552,-1.31842212812434
"2005-11-28",-1.95240272720061,-1.2988916490672
"2005-11-29",-2.02037066476312,-1.35637037125036
"2005-11-30",-1.99094361352253,-1.3322450868416
"2005-12-01",-1.92098627820433,-1.28387031058303
"2005-12-02",-1.99682484151205,-1.34993734784666
"2005-12-05",-1.9804997443997,-1.31696720813503
"2005-12-06",-1.93297701211182,-1.29336215136036
"2005-12-07",-1.92679525049546,-1.28180909729149
"2005-12-08",-1.90219542112445,-1.27232822362095
"2005-12-09",-1.8865204864108,-1.2524823409407
"2005-12-12",-1.83746855043183,-1.22516903303725
"2005-12-13",-1.82827516176062,-1.21125215925081
"2005-12-14",-1.78134827091664,-1.18332132630727
"2005-12-15",-1.74420765022713,-1.16056437340215
"2005-12-16",-1.74342282790289,-1.1487641822583
"2005-12-19",-1.72624383361209,-1.1380833789323
"2005-12-20",-1.76976143633871,-1.17415246022947
"2005-12-21",-1.73394323680324,-1.15315689415271
"2005-12-22",-1.73749707806437,-1.14713200125148
"2005-12-23",-1.70879114699372,-1.1318609559453
"2005-12-27",-1.69498966257785,-1.11576447098649
"2005-12-28",-1.78931113972879,-1.18989686780406
"2005-12-29",-1.759362045712,-1.163576869826
"2005-12-30",-1.75205788636294,-1.15991305876774
"2006-01-03",-1.7497605764077,-1.15968109324841
"2006-01-04",-1.96900920023934,-1.317999555979
"2006-01-05",-1.94598221243181,-1.30899348879088
"2006-01-06",-1.93980660934182,-1.28546439086096
"2006-01-09",-1.93858983526626,-1.29053407152331
"2006-01-10",-1.91694879406387,-1.27477992956276
"2006-01-11",-1.89228650544605,-1.26037440753362
"2006-01-12",-1.84826480227976,-1.22831633779205
"2006-01-13",-1.8468030505069,-1.23040851472429
"2006-01-17",-1.82118397721817,-1.20890804302743
"2006-01-18",-1.80243066856184,-1.19037041978868
"2006-01-19",-1.78264551521038,-1.17920912574924
"2006-01-20",-1.77229364229631,-1.16974521925639
"2006-01-23",-2.08545195317316,-1.40243520611819
"2006-01-24",-2.073516442879,-1.38437065288839
"2006-01-25",-1.99210539664597,-1.33910452691133
"2006-01-26",-1.99050318890687,-1.33096963850733
"2006-01-27",-1.96194191425954,-1.32100367896588
"2006-01-30",-1.99463877384487,-1.32678180019114
"2006-01-31",-1.93684521518805,-1.29769552234123
"2006-02-01",-1.91099821711594,-1.27091384007173
"2006-02-02",-1.88497819288527,-1.25083018879612
"2006-02-03",-1.90485702622194,-1.2716461326753
"2006-02-06",-1.86860025340292,-1.24881424969905
"2006-02-07",-1.85600501922962,-1.23089051421882
"2006-02-08",-1.91386663204251,-1.28075760561508
"2006-02-09",-1.88887727271286,-1.26384181268497
"2006-02-10",-1.85812199799107,-1.24043580760061
"2006-02-13",-1.83898661325524,-1.22171647570212
"2006-02-14",-1.81590224300924,-1.21146583348078
"2006-02-15",-1.86103120505694,-1.23382241744767
"2006-02-16",-1.82861832491667,-1.21772311386968
"2006-02-17",-1.87034910802994,-1.23687571318446
"2006-02-21",-1.83123067732972,-1.20778848971401
"2006-02-22",-1.80419473662312,-1.18973914545421
"2006-02-23",-1.77738350081098,-1.18712386977379
"2006-02-24",-1.77479229516973,-1.1675335859571
"2006-02-27",-1.74565255549358,-1.15677225026807
"2006-02-28",-1.72840868720142,-1.13854762471395
"2006-03-01",-1.79891136059709,-1.20624400420903
"2006-03-02",-1.84905463612686,-1.23179759370932
"2006-03-03",-1.83257272923102,-1.21106805151753
"2006-03-06",-1.79935090756367,-1.19889543572892
"2006-03-07",-1.85597589149361,-1.22811022627058
"2006-03-08",-1.85758987369964,-1.24173487352484
"2006-03-09",-1.820752535361,-1.21163022834524
"2006-03-10",-1.79677218290946,-1.20679922298511
"2006-03-13",-1.80741992831077,-1.19504862112143
"2006-03-14",-1.76010645258123,-1.18049607719508
"2006-03-15",-1.8310391390146,-1.21704689557942
"2006-03-16",-1.8193480181733,-1.20867898695412
"2006-03-17",-1.79127785332695,-1.18088596000903
"2006-03-20",-1.79050575619969,-1.17978513552383
"2006-03-21",-1.76131267346987,-1.16830909898813
"2006-03-22",-1.78485635720341,-1.18589393073273
"2006-03-23",-1.77939320936263,-1.18028022785426
"2006-03-24",-1.76522231899115,-1.16261613892428
"2006-03-27",-1.74857081807144,-1.15234534769382
"2006-03-28",-1.74320178548936,-1.14489173119943
"2006-03-29",-1.71171374561605,-1.12560369915567
"2006-03-30",-1.74663367453893,-1.15209472899945
"2006-03-31",-1.734095782358,-1.14487907377684
"2006-04-03",-1.70660562410162,-1.12694531728831
"2006-04-04",-1.70584931514494,-1.11369303734631
"2006-04-05",-1.68678343480267,-1.10879088031109
"2006-04-06",-1.69234648267763,-1.11463603465343
"2006-04-07",-1.68541714610672,-1.08859670839388
"2006-04-10",-1.74095272894994,-1.14669359690919
"2006-04-11",-1.72955932778456,-1.13640654764659
"2006-04-12",-1.7449939877881,-1.15973742934755
"2006-04-13",-1.73433152950824,-1.14312033149712
"2006-04-17",-1.73216277040261,-1.13328323506727
"2006-04-18",-1.71934857163812,-1.12342118182311
"2006-04-19",-1.95521910828075,-1.30912925393974
"2006-04-20",-1.9322398412146,-1.30039374568869
"2006-04-21",-1.9105874323072,-1.28163087415669
"2006-04-24",-1.90710310953861,-1.27303388878709
"2006-04-25",-1.88383423219143,-1.25290684387095
"2006-04-26",-1.86853167598481,-1.23899292718388
"2006-04-27",-1.84975170986163,-1.23208943007123
"2006-04-28",-1.84162976969604,-1.20882750361875
"2006-05-01",-1.80585290839243,-1.19450359722054
"2006-05-02",-1.77027892324434,-1.16438156744675
"2006-05-03",-1.75756765704126,-1.16754728887076
"2006-05-04",-1.73727835891678,-1.14427010676328
"2006-05-05",-1.7309726723193,-1.14008005604043
"2006-05-08",-1.74648379284449,-1.15396115030187
"2006-05-09",-1.73964503262662,-1.14508576937528
"2006-05-10",-1.72354050887044,-1.13834457814953
"2006-05-11",-1.7171351745031,-1.12884297209552
"2006-05-12",-1.86480782245677,-1.23818919022125
"2006-05-15",-2.04653490945447,-1.37434850491855
"2006-05-16",-2.04848468533151,-1.37453749021673
"2006-05-17",-2.01542259697092,-1.35297754574321
"2006-05-18",-2.18747772441288,-1.46987290728693
"2006-05-19",-2.19434591778026,-1.47796141054638
"2006-05-22",-2.14821513253976,-1.44837170992757
"2006-05-23",-2.15995032646873,-1.45865603618032
"2006-05-24",-2.10152476149109,-1.41738475442383
"2006-05-25",-2.0898527183003,-1.40550037530215
"2006-05-26",-2.11845286385141,-1.42950725515406
"2006-05-30",-2.09613865994561,-1.41750711549917
"2006-05-31",-2.2323691658398,-1.50163594668595
"2006-06-01",-2.22962235447299,-1.51045204092826
"2006-06-02",-2.25201980913388,-1.54460281734418
"2006-06-05",-2.22475385858746,-1.51537222061535
"2006-06-06",-2.48620353975713,-1.68543684442547
"2006-06-07",-2.4398113555386,-1.66254954537994
"2006-06-08",-2.45085576385062,-1.66085472149261
"2006-06-09",-2.41049377928215,-1.63118538356309
"2006-06-12",-2.37879730941444,-1.60424226516878
"2006-06-13",-2.53359141925886,-1.72827312970387
"2006-06-14",-2.57260474341278,-1.75585528237687
"2006-06-15",-2.53955896188244,-1.72570567688249
"2006-06-16",-2.95846676563585,-2.0303536043546
"2006-06-19",-2.90696440717311,-1.99442590684554
"2006-06-20",-2.88964096486434,-1.97846291726893
"2006-06-21",-2.83586893762406,-1.93914824392404
"2006-06-22",-2.81952697451439,-1.93059241343603
"2006-06-23",-2.7609057302285,-1.89711007994962
"2006-06-26",-2.72142118996508,-1.85692560814336
"2006-06-27",-2.68705015492334,-1.83395239899281
"2006-06-28",-2.66193127793587,-1.81619848152635
"2006-06-29",-2.60023675079363,-1.77519891016656
"2006-06-30",-2.87733334779363,-1.96117040376223
"2006-07-03",-2.75653652233054,-1.89814098573407
"2006-07-05",-2.75969822356704,-1.88017322881073
"2006-07-06",-2.71197307849321,-1.85726457382412
"2006-07-07",-2.66624121469235,-1.82138215502665
"2006-07-10",-2.6597144701354,-1.81372443562889
"2006-07-11",-2.60985585785976,-1.76596167193668
"2006-07-12",-2.57574633020464,-1.73982333275083
"2006-07-13",-2.53374443914133,-1.71525356892923
"2006-07-14",-2.56002157316284,-1.75133391440246
"2006-07-17",-2.54877403162232,-1.72949471592755
"2006-07-18",-2.48965207697662,-1.70185215504536
"2006-07-19",-2.49840046594433,-1.69433502985159
"2006-07-20",-2.61868185096721,-1.79316717653059
"2006-07-21",-2.63692395536458,-1.80288190830471
"2006-07-24",-2.62508175239671,-1.79619143916112
"2006-07-25",-2.69267709761385,-1.84354177367487
"2006-07-26",-2.64799645503058,-1.81466983087602
"2006-07-27",-2.61274682818541,-1.78316483810159
"2006-07-28",-2.58893720290856,-1.75660580139204
"2006-07-31",-2.60021118596522,-1.77545524883176
"2006-08-01",-2.54562579897934,-1.74043255467789
"2006-08-02",-2.52332032001975,-1.7252412449825
"2006-08-03",-2.48828182610056,-1.6977866377169
"2006-08-04",-2.46873238386953,-1.67773007608967
"2006-08-07",-2.43294525310741,-1.66111242018915
"2006-08-08",-2.42089956378455,-1.62684727760747
"2006-08-09",-2.37997910156507,-1.61635288249921
"2006-08-10",-2.36745316373656,-1.60413800962928
"2006-08-11",-2.32219060199878,-1.580577784828
"2006-08-14",-2.32589362683798,-1.56749458740769
"2006-08-15",-2.29337018269691,-1.54212472498707
"2006-08-16",-2.33077527514977,-1.57675555977414
"2006-08-17",-2.31541616181623,-1.5582502135283
"2006-08-18",-2.28833098961662,-1.54237781627414
"2006-08-21",-2.2608060619794,-1.53725904702416
"2006-08-22",-2.21830212440859,-1.50198726576529
"2006-08-23",-2.17799048061937,-1.4814489784612
"2006-08-24",-2.1452305493363,-1.45103818744319
"2006-08-25",-2.11767202526295,-1.44133463268418
"2006-08-28",-2.10100686310523,-1.4161052319951
"2006-08-29",-2.08056911639252,-1.39910579196752
"2006-08-30",-2.06103717251735,-1.37268521006312
"2006-08-31",-2.01230579660472,-1.35533101370333
"2006-09-01",-1.9917883811685,-1.34227272730754
"2006-09-05",-1.96786139901689,-1.30847251513802
"2006-09-06",-1.93520651915994,-1.28508930392624
"2006-09-07",-2.00295270682229,-1.34745142023367
"2006-09-08",-1.99253332582512,-1.33172112701575
"2006-09-11",-1.95855104539788,-1.30980140983437
"2006-09-12",-1.92443438451753,-1.28950998242898
"2006-09-13",-1.9824696340632,-1.33105945873918
"2006-09-14",-1.96801790772939,-1.31615116649664
"2006-09-15",-1.96264306932803,-1.31052520717143
"2006-09-18",-1.9286907449165,-1.28184949013346
"2006-09-19",-1.91034906894837,-1.26825409557217
"2006-09-20",-1.90430013042773,-1.26431181682749
"2006-09-21",-1.9085033963473,-1.27433687164297
"2006-09-22",-1.90568176738824,-1.26565867187748
"2006-09-25",-1.8923052449791,-1.262354581073
"2006-09-26",-1.86436818809673,-1.24015363364806
"2006-09-27",-1.82735429451013,-1.21529841597616
"2006-09-28",-1.81393373243349,-1.20262213740419
"2006-09-29",-1.78263631408666,-1.18947403447624
"2006-10-02",-1.81253630117638,-1.19916665616214
"2006-10-03",-1.82284383710114,-1.21527425687863
"2006-10-04",-1.79916625153908,-1.18570974732953
"2006-10-05",-1.8786807952451,-1.24907224236602
"2006-10-06",-1.86912395711178,-1.24336421383941
"2006-10-09",-1.85881707465634,-1.22543021039176
"2006-10-10",-1.83652678105903,-1.21833249267999
"2006-10-11",-1.83869394193173,-1.21120833321949
"2006-10-12",-1.79412831230857,-1.20148234501546
"2006-10-13",-1.88265892424287,-1.24295006382677
"2006-10-16",-1.85689635237391,-1.22900345570736
"2006-10-17",-1.83226393820778,-1.22853091348912
"2006-10-18",-1.81618260686941,-1.2153319625182
"2006-10-19",-1.82390408979062,-1.20851724798377
"2006-10-20",-1.79564340754049,-1.18717508758651
"2006-10-23",-1.78307784477934,-1.17283121005495
"2006-10-24",-1.74056761144075,-1.14972047876536
"2006-10-25",-1.74328816802793,-1.13514312500431
"2006-10-26",-1.69967813709722,-1.12470690118858
"2006-10-27",-1.70627711811548,-1.12659388711986
"2006-10-30",-1.73606836046996,-1.14442274819594
"2006-10-31",-1.72655640154947,-1.13533251122215
"2006-11-01",-1.71150609011171,-1.12631436222208
"2006-11-02",-1.76718966033957,-1.17266590951024
"2006-11-03",-1.75813776668351,-1.16129764289793
"2006-11-06",-1.73448441246714,-1.14393436829173
"2006-11-07",-1.77889383439535,-1.18008642221055
"2006-11-08",-1.77836014835311,-1.17215075091283
"2006-11-09",-1.77154763770542,-1.16012954845192
"2006-11-10",-1.77469926340751,-1.16885262878538
"2006-11-13",-1.75381527050894,-1.15587814642942
"2006-11-14",-1.74196808160628,-1.15024389364201
"2006-11-15",-1.75123856184699,-1.15705582548013
"2006-11-16",-1.7469685955326,-1.14932554996479
"2006-11-17",-1.72851876261117,-1.13928842749563
"2006-11-20",-1.71607989933982,-1.12607942675529
"2006-11-21",-1.69157665483929,-1.10932797505681
"2006-11-22",-1.69075805188109,-1.10647425925509
"2006-11-24",-1.67931762784218,-1.0925106647717
"2006-11-27",-1.65387653816854,-1.08516492767004
"2006-11-28",-1.92064182108599,-1.27762911024803
"2006-11-29",-1.89336476334274,-1.26601959436532
"2006-11-30",-1.89712804504213,-1.26863622775587
"2006-12-01",-1.87634834659046,-1.2492631002546
"2006-12-04",-1.86450791997785,-1.23941016706133
"2006-12-05",-1.90754027211683,-1.26758641535646
"2006-12-06",-1.87639114747991,-1.24217326296498
"2006-12-07",-1.85448719607993,-1.23343818110682
"2006-12-08",-1.84112204536778,-1.21827488366126
"2006-12-11",-1.83615161826202,-1.20847694863792
"2006-12-12",-1.81223353388029,-1.19589236713168
"2006-12-13",-1.78487132950411,-1.18061488089599
"2006-12-14",-1.78198200966325,-1.1769156804099
"2006-12-15",-1.75577172132004,-1.15370924643527
"2006-12-18",-1.75186832298152,-1.14627016174247
"2006-12-19",-1.74251961421348,-1.14700536820865
"2006-12-20",-1.73906845787855,-1.14121363558903
"2006-12-21",-1.72024986615991,-1.12766697647401
"2006-12-22",-1.71315042722397,-1.11665263326121
"2006-12-26",-1.68265281214557,-1.10828933045744
"2006-12-27",-1.67053158265898,-1.09441704667504
"2006-12-28",-1.70580351239162,-1.11145550838466
"2006-12-29",-1.68711839622524,-1.10175164832713
"2007-01-03",-1.69454075936146,-1.10599787557584
"2007-01-04",-1.67316256791079,-1.09841922032408
"2007-01-05",-1.68024403857478,-1.09997915343366
"2007-01-08",-1.69536055189442,-1.10810193417094
"2007-01-09",-1.69096522568063,-1.10419547001404
"2007-01-10",-1.67757011913799,-1.09073427974626
"2007-01-11",-1.67077986475496,-1.09409299052749
"2007-01-12",-1.684222234116,-1.10261784705462
"2007-01-16",-1.66459505661382,-1.0946729766495
"2007-01-17",-1.65691065802345,-1.08265162405377
"2007-01-18",-1.66637457926411,-1.080277248413
"2007-01-19",-1.67621800820662,-1.09434123441993
"2007-01-22",-1.6658113518909,-1.08160089901894
"2007-01-23",-1.68065035362287,-1.09709780107758
"2007-01-24",-1.66895571245528,-1.09076197503425
"2007-01-25",-1.69981377220769,-1.10664932127133
"2007-01-26",-1.7791889948767,-1.15777566981653
"2007-01-29",-1.73305546297782,-1.14157850133898
"2007-01-30",-1.72032244108598,-1.12459771800286
"2007-01-31",-1.69691549500942,-1.10894781167853
"2007-02-01",-1.6959441649851,-1.10200919542469
"2007-02-02",-1.68146509220199,-1.10088938672639
"2007-02-05",-1.66738101225342,-1.08936550897839
"2007-02-06",-1.65904008056413,-1.07750007934148
"2007-02-07",-1.64249628151744,-1.07436176346707
"2007-02-08",-1.64398794110409,-1.06779550240843
"2007-02-09",-1.632387824305,-1.06205044274813
"2007-02-12",-1.6678737189631,-1.08385351780316
"2007-02-13",-1.65734716761384,-1.07608225867149
"2007-02-14",-1.66064720442839,-1.06652514965166
"2007-02-15",-1.63496877432401,-1.0589597655947
"2007-02-16",-1.63346259837182,-1.06157462696399
"2007-02-20",-1.62731639845107,-1.05045471213705
"2007-02-21",-1.61271733487992,-1.044966591748
"2007-02-22",-1.59678521097337,-1.04470634342928
"2007-02-23",-1.61122221633315,-1.03503028800679
"2007-02-26",-1.58894311403857,-1.03249427792759
"2007-02-27",-1.58475861224503,-1.02526022324637
"2007-02-28",-3.19363065490914,-2.09804216619491
"2007-03-01",-3.07899131963843,-2.01977741504541
"2007-03-02",-3.02083472939575,-1.97707288632995
"2007-03-05",-2.99572104636327,-1.95772125591402
"2007-03-06",-2.93831861600371,-1.92858495599464
"2007-03-07",-2.96793683007867,-1.92832919501355
"2007-03-08",-2.91228651876739,-1.91210383081216
"2007-03-09",-2.87134199487129,-1.88058245949991
"2007-03-12",-2.82977148594976,-1.85030029037173
"2007-03-13",-2.76153657640217,-1.80151763533284
"2007-03-14",-2.82069387188733,-1.86360516038477
"2007-03-15",-2.82363699641074,-1.85890549439577
"2007-03-16",-2.77325903973758,-1.82509406463922
"2007-03-19",-2.72269101642229,-1.78331487289752
"2007-03-20",-2.71933581886089,-1.78662341081887
"2007-03-21",-2.68457614592047,-1.75825455564326
"2007-03-22",-2.68597186201466,-1.75567275280783
"2007-03-23",-2.63232049846427,-1.72969525846587
"2007-03-26",-2.55775273638228,-1.6900075556164
"2007-03-27",-2.51929200612863,-1.66318727877741
"2007-03-28",-2.50363275417048,-1.63511621517317
"2007-03-29",-2.4881192609639,-1.63469216228242
"2007-03-30",-2.47790885547132,-1.61724609503147
"2007-04-02",-2.3911738358302,-1.5537890817956
"2007-04-03",-2.35386347574633,-1.53671570672275
"2007-04-04",-2.35042455576957,-1.52980881135418
"2007-04-05",-2.25133299507456,-1.46673192775404
"2007-04-09",-2.21782325411346,-1.44630019283751
"2007-04-10",-2.16683132974816,-1.40463613101585
"2007-04-11",-2.11013662751884,-1.35812699279293
"2007-04-12",-2.07399870630026,-1.35350069321212
"2007-04-13",-2.03079094325552,-1.31285151623867
"2007-04-16",-1.97947145230046,-1.27471773282759
"2007-04-17",-2.01630359503467,-1.3039066789925
"2007-04-18",-1.95970422054913,-1.26510758620662
"2007-04-19",-1.92208573735937,-1.23649306593241
"2007-04-20",-1.89491900473991,-1.21956562979059
"2007-04-23",-1.91921342067323,-1.22786155257212
"2007-04-24",-1.88718155192781,-1.20850238996837
"2007-04-25",-1.86709112791889,-1.19873497080959
"2007-04-26",-1.86326705973269,-1.19696961211029
"2007-04-27",-1.84907384681248,-1.1814858196214
"2007-04-30",-1.81900146068485,-1.17068667324594
"2007-05-01",-1.85900043154888,-1.18963621309364
"2007-05-02",-1.82939152668147,-1.17869794076157
"2007-05-03",-1.85964326046451,-1.18646216545334
"2007-05-04",-1.82626909610259,-1.16950226176429
"2007-05-07",-1.80822380236179,-1.15590224511751
"2007-05-08",-1.8064147914197,-1.14154976919499
"2007-05-09",-1.76371337269241,-1.12976199039401
"2007-05-10",-1.73968346983618,-1.10643786780421
"2007-05-11",-1.90712843919174,-1.22289028837892
"2007-05-14",-1.88237446205444,-1.22552493914232
"2007-05-15",-1.88826518421977,-1.20913365891697
"2007-05-16",-1.87731380861306,-1.20618686050033
"2007-05-17",-1.86758228351353,-1.19659601753171
"2007-05-18",-1.83573092033387,-1.18167116594763
"2007-05-21",-1.83398163179766,-1.17969373851661
"2007-05-22",-1.8187039242359,-1.16479332743284
"2007-05-23",-1.79605572831029,-1.15844055767542
"2007-05-24",-1.79752468486007,-1.14847078980114
"2007-05-25",-1.85949984029173,-1.20212678550144
"2007-05-29",-1.85133739401611,-1.19300139410229
"2007-05-30",-1.83139927906241,-1.17960199575589
"2007-05-31",-1.84887759472953,-1.18265246648991
"2007-06-01",-1.82206364338991,-1.1695293174881
"2007-06-04",-1.79822563453673,-1.1542262817647
"2007-06-05",-1.78980393189798,-1.14972813975657
"2007-06-06",-1.78540230261211,-1.14333105778778
"2007-06-07",-1.81643370022618,-1.16510673724966
"2007-06-08",-2.04269101843782,-1.3283995576822
"2007-06-11",-2.0746006192255,-1.34628945372713
"2007-06-12",-2.01656238355423,-1.31266756614108
"2007-06-13",-2.05399584662521,-1.33037605829178
"2007-06-14",-2.11885990362368,-1.38065661140283
"2007-06-15",-2.09314643515835,-1.35327489142985
"2007-06-18",-2.07049885138417,-1.33632553396549
"2007-06-19",-2.02373061905289,-1.31179672338166
"2007-06-20",-1.99923391685804,-1.28912480796894
"2007-06-21",-2.09438431741217,-1.35527342346139
"2007-06-22",-2.05631837793404,-1.33975633922117
"2007-06-25",-2.13319072590619,-1.37546078104383
"2007-06-26",-2.07921017742985,-1.3531114204338
"2007-06-27",-2.05513401503101,-1.33776950588121
"2007-06-28",-2.05266011742047,-1.32740278256002
"2007-06-29",-2.02302319292014,-1.30491725193514
"2007-07-02",-1.98084674352658,-1.28796333291013
"2007-07-03",-2.04013118773725,-1.32287359995244
"2007-07-05",-2.00997377762392,-1.3018620543692
"2007-07-06",-1.97461793764244,-1.27182610405935
"2007-07-09",-1.91871801959522,-1.25266038562989
"2007-07-10",-1.91766093695044,-1.24181308585383
"2007-07-11",-2.04338615310354,-1.31576672540605
"2007-07-12",-2.00377720060535,-1.28657886476361
"2007-07-13",-2.17524425442364,-1.40637213822194
"2007-07-16",-2.12517913719572,-1.3698480682592
"2007-07-17",-2.10408969609228,-1.34779922550666
"2007-07-18",-2.04009522672989,-1.32420439509415
"2007-07-19",-2.01242911109462,-1.30426176407959
"2007-07-20",-2.01162952520716,-1.29099539398257
"2007-07-23",-2.06092667340151,-1.3346907028747
"2007-07-24",-2.05849701273511,-1.32075750185236
"2007-07-25",-2.33473160207742,-1.49871930768918
"2007-07-26",-2.26816629716122,-1.46880316298773
"2007-07-27",-2.5938878904566,-1.68670662321707
"2007-07-30",-2.67367896583606,-1.73301824123021
"2007-07-31",-2.66152450840156,-1.71373398691557
"2007-08-01",-2.65196224842028,-1.70082161709383
"2007-08-02",-2.54884772357945,-1.65718584193716
"2007-08-03",-2.50601543117476,-1.6091595603249
"2007-08-06",-2.94109874605929,-1.89746716315709
"2007-08-07",-3.03483653544337,-1.96621943440222
"2007-08-08",-2.94783847357873,-1.9024236874571
"2007-08-09",-2.93092818929457,-1.89667981761189
"2007-08-10",-3.35440330133255,-2.17981996145155
"2007-08-13",-3.27635035288486,-2.11797619123775
"2007-08-14",-3.15841672792006,-2.05459751322772
"2007-08-15",-3.23210758700918,-2.08130547786251
"2007-08-16",-3.20357746210898,-2.06353531174203
"2007-08-17",-3.15102129834026,-2.06833636513117
"2007-08-20",-3.29510370806047,-2.14869642330776
"2007-08-21",-3.17819508803747,-2.07707452160377
"2007-08-22",-3.098874118698,-2.0097032731711
"2007-08-23",-3.04044240676963,-1.982547206446
"2007-08-24",-2.96000715735858,-1.91930258149665
"2007-08-27",-2.87168788846313,-1.86077657712236
"2007-08-28",-2.82962444776323,-1.82348663296389
"2007-08-29",-3.08364432960595,-2.00798251237791
"2007-08-30",-3.19069246519293,-2.07614436606296
"2007-08-31",-3.05772520408197,-1.98860641574789
"2007-09-04",-3.01375601174389,-1.95476607582233
"2007-09-05",-2.94469592396634,-1.90572270308323
"2007-09-06",-2.83921496355598,-1.85386692225117
"2007-09-07",-2.79716061749526,-1.80252376353334
"2007-09-10",-2.85101766519143,-1.84280338992558
"2007-09-11",-2.73846622334111,-1.78970561696904
"2007-09-12",-2.70871683030935,-1.76724905139709
"2007-09-13",-2.61558452420628,-1.69797777845458
"2007-09-14",-2.55261028053228,-1.66202339573
"2007-09-17",-2.49154832387127,-1.60871449293543
"2007-09-18",-2.41508084543998,-1.55934163507623
"2007-09-19",-3.05640026356978,-1.97663245221119
"2007-09-20",-2.9768990968016,-1.89889399222194
"2007-09-21",-2.87887280498343,-1.85176663060768
"2007-09-24",-2.78231323736712,-1.79492542793142
"2007-09-25",-2.72126255702337,-1.74875312660266
"2007-09-26",-2.67054611279971,-1.71249961883642
"2007-09-27",-2.58200902442724,-1.65345571155122
"2007-09-28",-2.49207474244375,-1.61168174727956
"2007-10-01",-2.44750719368352,-1.57469222880857
"2007-10-02",-2.47679564423548,-1.59851853059501
"2007-10-03",-2.42266254475724,-1.55501268961144
"2007-10-04",-2.38117251000995,-1.53329457065429
"2007-10-05",-2.3209013196197,-1.48637785929492
"2007-10-08",-2.33840389101646,-1.4996072740794
"2007-10-09",-2.27784479231571,-1.45507956019109
"2007-10-10",-2.23954888035126,-1.44304152291599
"2007-10-11",-2.18111326741515,-1.39753654031148
"2007-10-12",-2.15654204953125,-1.39007686313925
"2007-10-15",-2.11836426247805,-1.3669916346489
"2007-10-16",-2.11959223462384,-1.3606479366598
"2007-10-17",-2.0858518469347,-1.33990749347548
"2007-10-18",-2.04071549975586,-1.3108628396395
"2007-10-19",-2.00732590731998,-1.29345259652093
"2007-10-22",-2.61063415138523,-1.669266258436
"2007-10-23",-2.54316763845937,-1.63757583863366
"2007-10-24",-2.54427862666041,-1.63715680685076
"2007-10-25",-2.45562062308965,-1.57648365203074
"2007-10-26",-2.41111797891553,-1.54111711985885
"2007-10-29",-2.43819917970783,-1.56365022714115
"2007-10-30",-2.39119465655024,-1.53043864121679
"2007-10-31",-2.35424351115779,-1.51731373138287
"2007-11-01",-2.39278713633299,-1.53394008294832
"2007-11-02",-2.99324984671939,-1.91684799204098
"2007-11-05",-2.85561028879862,-1.8188081272343
"2007-11-06",-2.79574116684927,-1.79368564092928
"2007-11-07",-2.77003587599076,-1.76964621641268
"2007-11-08",-3.26699223426287,-2.08057588577183
"2007-11-09",-3.17065999641348,-2.0145719282741
"2007-11-12",-3.17071425029867,-2.04648261622132
"2007-11-13",-3.14038759353821,-2.03659866501873
"2007-11-14",-3.48437896320897,-2.21569384151529
"2007-11-15",-3.34737924875671,-2.13626745847172
"2007-11-16",-3.28479138706823,-2.10093658682744
"2007-11-19",-3.20138866833612,-2.04335085736752
"2007-11-20",-3.23894618895506,-2.06708297524025
"2007-11-21",-3.14359057267166,-2.01763001581208
"2007-11-23",-3.15621666691918,-2.01281176942622
"2007-11-26",-3.13911150650185,-1.9999727695541
"2007-11-27",-3.23800016408568,-2.07650360927386
"2007-11-28",-3.18619474133683,-2.03704909537813
"2007-11-29",-3.55792261613777,-2.2655177395833
"2007-11-30",-3.49321798743611,-2.22093174020792
"2007-12-03",-3.37517492214295,-2.14507306161122
"2007-12-04",-3.27089694145656,-2.08047091198336
"2007-12-05",-3.18195010123444,-2.03011077633302
"2007-12-06",-3.16987312104249,-2.02275998063511
"2007-12-07",-3.17148591241602,-2.01270419379279
"2007-12-10",-3.05268380750031,-1.94180482677436
"2007-12-11",-2.99771219754383,-1.91518062608567
"2007-12-12",-3.33219926871591,-2.12724004736004
"2007-12-13",-3.22370818752276,-2.03324201859825
"2007-12-14",-3.08544524684377,-1.96941229497663
"2007-12-17",-3.07811792390472,-1.97624741942068
"2007-12-18",-3.10860290922638,-1.97711299635607
"2007-12-19",-3.07571367820259,-1.95739215554058
"2007-12-20",-2.97053935725617,-1.88263129086843
"2007-12-21",-2.8832004715044,-1.83278451299212
"2007-12-24",-2.91409124475868,-1.85879414312026
"2007-12-26",-2.86914563061858,-1.82932684670001
"2007-12-27",-2.75978551370256,-1.75717585691589
"2007-12-28",-2.83942168198721,-1.79998124986233
"2007-12-31",-2.73225616456998,-1.73525211916111
"2008-01-02",-2.67476979372132,-1.70266935548069
"2008-01-03",-2.71199304932075,-1.73889804541784
"2008-01-04",-2.65118812966142,-1.68730888284674
"2008-01-07",-3.12735431048905,-1.99313198268511
"2008-01-08",-2.98266437571445,-1.91564681999716
"2008-01-09",-3.07930045486786,-1.97813849209091
"2008-01-10",-3.01751582204866,-1.93906808442633
"2008-01-11",-2.96609799711168,-1.89327030202803
"2008-01-14",-2.98517317853668,-1.90745592311069
"2008-01-15",-2.89705605945597,-1.86975463982913
"2008-01-16",-3.23849608099106,-2.05660801188909
"2008-01-17",-3.12980784676113,-2.00550050479705
"2008-01-18",-3.53678591131019,-2.27618440896968
"2008-01-22",-3.4499682672855,-2.19205162894324
"2008-01-23",-3.38486940848772,-2.17473371986125
"2008-01-24",-3.45815385002661,-2.20102817829978
"2008-01-25",-3.34022518919972,-2.14256479187791
"2008-01-28",-3.36192430652833,-2.14335628106045
"2008-01-29",-3.37467325600699,-2.13845250344842
"2008-01-30",-3.30658694554611,-2.11341378324036
"2008-01-31",-3.20251183256618,-2.04229650271392
"2008-02-01",-3.22990509550466,-2.06128474317018
"2008-02-04",-3.26674356932656,-2.07076395858039
"2008-02-05",-3.16987414285188,-2.03172721009588
"2008-02-06",-3.65469676873731,-2.35477652612395
"2008-02-07",-3.59231781427998,-2.29956530002274
"2008-02-08",-3.50110069445546,-2.24912961774495
"2008-02-11",-3.40529531506374,-2.17902937544264
"2008-02-12",-3.29454362328054,-2.09843555603185
"2008-02-13",-3.21654803352924,-2.04933988152584
"2008-02-14",-3.19946159272303,-2.03771155574296
"2008-02-15",-3.18867509720666,-2.03324429397337
"2008-02-19",-3.08023749012573,-1.96393078351525
"2008-02-20",-2.99612693072671,-1.91145012653885
"2008-02-21",-2.94422873747096,-1.8795701026193
"2008-02-22",-2.94453643531836,-1.8647911534658
"2008-02-25",-2.85119991965362,-1.81914265172726
"2008-02-26",-2.81301324558963,-1.8066349510874
"2008-02-27",-2.74144685278249,-1.76922421144901
"2008-02-28",-2.66750337239947,-1.71601363867006
"2008-02-29",-2.68591916467822,-1.70945083899498
"2008-03-03",-3.19037217309371,-2.052757978226
"2008-03-04",-3.13270258336683,-1.98593461797433
"2008-03-05",-3.03550653422751,-1.9364512688487
"2008-03-06",-2.94863378566603,-1.87697403842436
"2008-03-07",-3.19017431855467,-2.04726935587502
"2008-03-10",-3.15304984402954,-1.99072499810652
"2008-03-11",-3.17019262315771,-2.0362737663097
"2008-03-12",-3.91685518613532,-2.48093675000195
"2008-03-13",-3.76444258276981,-2.40322626018053
"2008-03-14",-3.68625261569369,-2.33755391219794
"2008-03-17",-3.76590648286262,-2.41197338481259
"2008-03-18",-3.71037257972851,-2.37594468088762
"2008-03-19",-4.5446813262551,-2.92723728096363
"2008-03-20",-4.57265977780315,-2.92410336029176
"2008-03-24",-4.67141989995458,-3.00552081352322
"2008-03-25",-4.69434116620103,-2.97964316240829
"2008-03-26",-4.53250236559935,-2.90499387571644
"2008-03-27",-4.43775385665887,-2.85181042323914
"2008-03-28",-4.3333156676384,-2.78703204164518
"2008-03-31",-4.22060302917676,-2.71731122346956
"2008-04-01",-4.0713994416841,-2.64474271988334
"2008-04-02",-4.61496131885652,-2.99406329370429
"2008-04-03",-4.47286595041531,-2.89478866844842
"2008-04-04",-4.26898715343018,-2.77992066654228
"2008-04-07",-4.18120931701006,-2.69676041902842
"2008-04-08",-4.01834734455589,-2.62086535950752
"2008-04-09",-3.96609566113183,-2.56456036447338
"2008-04-10",-3.84863066215788,-2.50173360617532
"2008-04-11",-3.72181904692021,-2.41948357460305
"2008-04-14",-3.76278627840535,-2.42283293094064
"2008-04-15",-3.69211391935737,-2.38909728241473
"2008-04-16",-3.55914211157765,-2.29023674289653
"2008-04-17",-3.63938421990872,-2.33552490011076
"2008-04-18",-3.53631771568778,-2.26626383571311
"2008-04-21",-3.55680543128995,-2.30606535324549
"2008-04-22",-3.47860271011058,-2.21606358254741
"2008-04-23",-3.40214176659327,-2.1735749864212
"2008-04-24",-3.29566536664118,-2.11721901088736
"2008-04-25",-3.20156542914298,-2.06811547086844
"2008-04-28",-3.15451041832825,-2.0142316037427
"2008-04-29",-3.01262767742894,-1.93401779856579
"2008-04-30",-2.95412538982421,-1.88248017701609
"2008-05-01",-2.85621452763224,-1.81478702950173
"2008-05-02",-3.05752020433154,-1.96182101786781
"2008-05-05",-2.9123811886685,-1.87552760355943
"2008-05-06",-2.84932679240932,-1.82495503915972
"2008-05-07",-2.73594915032778,-1.7614826932127
"2008-05-08",-2.92044695195204,-1.881352498475
"2008-05-09",-2.83519316784361,-1.82480503951837
"2008-05-12",-2.7578086523472,-1.76984030789413
"2008-05-13",-2.76410862076257,-1.77186171129274
"2008-05-14",-2.63540580980537,-1.69504986627616
"2008-05-15",-2.58186226267202,-1.65712540794807
"2008-05-16",-2.59323217417135,-1.67272429145834
"2008-05-19",-2.52864330317249,-1.61567445078611
"2008-05-20",-2.41845867114132,-1.55247291952863
"2008-05-21",-2.41862600110618,-1.56730803236288
"2008-05-22",-2.61257277088563,-1.67944273922872
"2008-05-23",-2.5229292146643,-1.63154090066368
"2008-05-27",-2.62729542573311,-1.68960636914717
"2008-05-28",-2.53336113141442,-1.63098060108383
"2008-05-29",-2.52579717679068,-1.61011632791837
"2008-05-30",-2.46131839712895,-1.58516631158161
"2008-06-02",-2.42673183711902,-1.5416552290516
"2008-06-03",-2.42518315202682,-1.56451165290367
"2008-06-04",-2.39408520462041,-1.52906203251925
"2008-06-05",-2.31074713904998,-1.48047218872768
"2008-06-06",-2.51835238053836,-1.58471236969404
"2008-06-09",-3.16118587728665,-2.02191841198118
"2008-06-10",-3.07514085297751,-1.95600270429721
"2008-06-11",-2.96221073523754,-1.89240962958159
"2008-06-12",-3.13571680305413,-2.00272030076231
"2008-06-13",-3.04682644710634,-1.94592614514494
"2008-06-16",-3.07283347431102,-1.9753959162174
"2008-06-17",-2.99587018353612,-1.90610364433057
"2008-06-18",-2.94971509833525,-1.89375511796222
"2008-06-19",-2.93788669140553,-1.88805176944811
"2008-06-20",-2.84590055782133,-1.82726326527984
"2008-06-23",-3.03896582058728,-1.95600798015977
"2008-06-24",-2.97848861351164,-1.90870063461319
"2008-06-25",-2.88469443525673,-1.85055463126964
"2008-06-26",-2.83356019513681,-1.82263966685556
"2008-06-27",-3.36321972093603,-2.17638065594188
"2008-06-30",-3.30434382332869,-2.11879498497064
"2008-07-01",-3.20187904349032,-2.06324923594146
"2008-07-02",-3.14579468821833,-1.98880668398904
"2008-07-03",-3.2628909244603,-2.08457762848845
"2008-07-07",-3.16572423871998,-2.02596531583215
"2008-07-08",-3.13881188845726,-1.99488164506592
"2008-07-09",-3.27897514761728,-2.11970344972925
"2008-07-10",-3.50438289483054,-2.26975677363953
"2008-07-11",-3.36330998270743,-2.20335407429975
"2008-07-14",-3.4048706746699,-2.21144102227123
"2008-07-15",-3.45137120705299,-2.24184761299933
"2008-07-16",-3.31537944466662,-2.18148577945614
"2008-07-17",-4.21872209747816,-2.83808401505078
"2008-07-18",-4.55782198504593,-3.11243724586109
"2008-07-21",-4.3578603690186,-2.96467466542362
"2008-07-22",-4.14567764137977,-2.83306042281749
"2008-07-23",-4.4089349959508,-3.01131972448896
"2008-07-24",-4.39219431068875,-2.99201398455373
"2008-07-25",-4.79683638900678,-3.29365490820644
"2008-07-28",-4.63185606993007,-3.15691008614518
"2008-07-29",-4.69083240934671,-3.21088710348028
"2008-07-30",-5.07008782870354,-3.47064890636426
"2008-07-31",-4.7967078664557,-3.26439710407848
"2008-08-01",-4.58729201540291,-3.10047955107444
"2008-08-04",-4.34021721772865,-2.93191820213278
"2008-08-05",-4.16107691163982,-2.77827735762116
"2008-08-06",-4.54362732571132,-3.05395898115395
"2008-08-07",-4.35515165595998,-2.92258323198748
"2008-08-08",-4.50648818076086,-3.00664553437927
"2008-08-11",-4.68901614273201,-3.14916957665372
"2008-08-12",-4.55286278980946,-3.07337597318356
"2008-08-13",-4.59876219985627,-3.09164800973432
"2008-08-14",-4.48714004219938,-3.05844314923702
"2008-08-15",-4.44160285027945,-3.01171671020929
"2008-08-18",-4.29409236492095,-2.91682057645737
"2008-08-19",-4.28655281862197,-2.89211559482681
"2008-08-20",-4.31123645831488,-2.90786709977239
"2008-08-21",-4.07947073003015,-2.75658132537001
"2008-08-22",-3.90315289458543,-2.62898090849885
"2008-08-25",-3.86437721713586,-2.6271756017606
"2008-08-26",-3.96004556194917,-2.64917883742958
"2008-08-27",-3.78894082420706,-2.52529697790372
"2008-08-28",-3.65540487493856,-2.43182589865258
"2008-08-29",-3.8324416874026,-2.55317352760551
"2008-09-02",-3.66407339471214,-2.43961170250285
"2008-09-03",-3.54622308441508,-2.3572825409672
"2008-09-04",-3.41324828086129,-2.25723389820974
"2008-09-05",-3.79097690068275,-2.47285900896529
"2008-09-08",-3.71654095569696,-2.43465783127609
"2008-09-09",-3.882858847662,-2.57076293171882
"2008-09-10",-4.39500801035159,-2.87072280349687
"2008-09-11",-4.22237936164805,-2.75527818972811
"2008-09-12",-4.14579673200773,-2.6788637371835
"2008-09-15",-3.99551091560125,-2.57990108522659
"2008-09-16",-5.19448066218618,-3.39430872740397
"2008-09-17",-5.16891024072393,-3.3418193641722
"2008-09-18",-6.06964129129606,-3.92774021839225
"2008-09-19",-7.05478619781495,-4.63836424831587
"2008-09-22",-7.87755872448522,-5.16085369980031
"2008-09-23",-8.22929889497322,-5.41408707886647
"2008-09-24",-7.83621156438889,-5.18900519597095
"2008-09-25",-7.46560593402691,-4.93986605382209
"2008-09-26",-7.24888054927637,-4.79836123888307
"2008-09-29",-6.95321381334437,-4.56972979736587
"2008-09-30",-9.66418322870922,-6.29706379558835
"2008-10-01",-10.2472377592224,-6.74267016110471
"2008-10-02",-9.96152736448926,-6.55896116986825
"2008-10-03",-9.9014474227217,-6.45516374132605
"2008-10-06",-9.58614329369541,-6.23119628181686
"2008-10-07",-9.61007182534792,-6.17890971387262
"2008-10-08",-10.3490177390239,-6.70508014873779
"2008-10-09",-9.9384124466216,-6.47957903432986
"2008-10-10",-11.1839272142607,-7.24278528533798
"2008-10-13",-10.7867014137503,-6.96005573588028
"2008-10-14",-13.1366744859027,-8.32934303550554
"2008-10-15",-12.5460577659796,-8.07672020725376
"2008-10-16",-13.8852763504209,-8.81587181513055
"2008-10-17",-13.6536967771957,-8.59761336883524
"2008-10-20",-13.1070484876042,-8.22709789979968
"2008-10-21",-12.8623870260234,-8.10979748979347
"2008-10-22",-12.4203928541867,-7.8475882029668
"2008-10-23",-12.8289205537791,-8.04440696130937
"2008-10-24",-12.2534012163886,-7.66790176430931
"2008-10-27",-11.9700522840276,-7.54962470162429
"2008-10-28",-11.7171146577905,-7.3233556413332
"2008-10-29",-13.3699754587489,-8.34951297190795
"2008-10-30",-12.8328353419139,-8.02859178269163
"2008-10-31",-12.5056945613423,-7.79292797953805
"2008-11-03",-12.0229976922855,-7.50343925463603
"2008-11-04",-11.3418169097176,-7.11732126086171
"2008-11-05",-11.1262103107768,-7.02396585130927
"2008-11-06",-11.4704665857547,-7.24845907609705
"2008-11-07",-11.7986986125455,-7.44238488188411
"2008-11-10",-11.358672746822,-7.16928187071914
"2008-11-11",-10.9201309713246,-6.94223895873205
"2008-11-12",-10.7007769375694,-6.73871773233601
"2008-11-13",-10.9879833962468,-6.95732727145418
"2008-11-14",-11.7788296995607,-7.42282698527796
"2008-11-17",-11.7531704854065,-7.42093173677319
"2008-11-18",-11.4556710588402,-7.21045345266645
"2008-11-19",-10.7809371962852,-6.78897472136075
"2008-11-20",-11.748134959193,-7.45784205952074
"2008-11-21",-12.6389931517828,-8.06396486764975
"2008-11-24",-12.942497670516,-8.23582214667258
"2008-11-25",-13.6193461474174,-8.69204622071986
"2008-11-26",-13.1219464097364,-8.35557331038728
"2008-11-28",-13.0023027517501,-8.35247707854472
"2008-12-01",-12.4364831813577,-7.97544149898059
"2008-12-02",-13.9929840704013,-8.95905653888191
"2008-12-03",-13.748208243751,-8.87224687174547
"2008-12-04",-13.2717061888834,-8.57339717597714
"2008-12-05",-12.9365841844226,-8.24160424782592
"2008-12-08",-12.6181635660228,-8.01436829277564
"2008-12-09",-12.6841934473641,-8.11791596931567
"2008-12-10",-12.1246528595419,-7.75897692789168
"2008-12-11",-11.5222199123516,-7.32372240135408
"2008-12-12",-11.2352990872963,-7.24659445156285
"2008-12-15",-10.7134625388868,-6.81662708726807
"2008-12-16",-10.1910312565394,-6.50824402929711
"2008-12-17",-10.7926169835914,-6.889050070968
"2008-12-18",-10.0920323241591,-6.46085864266339
"2008-12-19",-9.71099796548502,-6.19611159504369
"2008-12-22",-9.21137585403933,-5.85376805380023
"2008-12-23",-8.95863502509889,-5.73998635337483
"2008-12-24",-8.54424487056777,-5.43395561259595
"2008-12-26",-8.00143660496809,-5.13475550474953
"2008-12-29",-7.45427396004064,-4.79706086729986
"2008-12-30",-7.08035348589075,-4.51116601944093
"2008-12-31",-7.0615339232825,-4.51116199763052
"2009-01-02",-6.88403033000531,-4.37400672080588
"2009-01-05",-7.24648282249921,-4.67839627696811
"2009-01-06",-6.90440874784059,-4.43418348290119
"2009-01-07",-6.66710344195405,-4.34417084663976
"2009-01-08",-6.84925053138701,-4.47430971962581
"2009-01-09",-6.5219636686445,-4.2250026497206
"2009-01-12",-6.48693039889955,-4.18164892653699
"2009-01-13",-6.73286663864137,-4.39473760563523
"2009-01-14",-6.32257242064464,-4.10539708759633
"2009-01-15",-6.768622169329,-4.44123008101636
"2009-01-16",-6.48833661218647,-4.26657767562158
"2009-01-20",-6.16363195486942,-4.0334947286819
"2009-01-21",-7.98696410969571,-5.27371809779721
"2009-01-22",-8.74866551888677,-5.77869719540257
"2009-01-23",-8.48267851523763,-5.60678316324936
"2009-01-26",-8.11545262129472,-5.39030994322173
"2009-01-27",-7.5691612241092,-5.02970349452471
"2009-01-28",-7.22759537414427,-4.77649129815464
"2009-01-29",-7.82671510886797,-5.21365155203328
"2009-01-30",-8.21160559817926,-5.48417464885975
"2009-02-02",-8.01243768207102,-5.35401460430761
"2009-02-03",-7.57656630599823,-5.02866140005551
"2009-02-04",-7.24688345966502,-4.81007531242463
"2009-02-05",-6.86291504896496,-4.5237346578664
"2009-02-06",-6.61664880667832,-4.35866420920228
"2009-02-09",-6.99091941493466,-4.64663359278818
"2009-02-10",-6.6126334379129,-4.42318868348391
"2009-02-11",-7.74540123100897,-5.15957871642501
"2009-02-12",-7.39310869844144,-4.92017209794361
"2009-02-13",-7.02888206393109,-4.61939545588772
"2009-02-17",-6.65987515773031,-4.39590887805813
"2009-02-18",-7.7124890279368,-5.11656168081018
"2009-02-19",-7.24981169331715,-4.79465676910663
"2009-02-20",-7.16870547957153,-4.75394542994315
"2009-02-23",-6.90823497396535,-4.59401759165287
"2009-02-24",-7.12070988895435,-4.65051656329926
"2009-02-25",-7.91546170858306,-5.30228101558489
"2009-02-26",-7.60126681325314,-5.02964529611014
"2009-02-27",-7.28854285301854,-4.82584606183751
"2009-03-02",-7.42364130603226,-4.91739395168874
"2009-03-03",-8.25745114146608,-5.51415803276217
"2009-03-04",-7.95854406128093,-5.27235175868809
"2009-03-05",-7.8382795832973,-5.16210462325159
"2009-03-06",-8.49586198268422,-5.61224601179854
"2009-03-09",-8.00309478401694,-5.305974744567
"2009-03-10",-7.6885575081951,-5.05703203769366
"2009-03-11",-9.67371532086427,-6.47440485727093
"2009-03-12",-9.17506150949851,-6.12288449860178
"2009-03-13",-9.61581036110642,-6.42257106829142
"2009-03-16",-9.05604076980516,-6.05266295237861
"2009-03-17",-8.66749930253841,-5.74844951685198
"2009-03-18",-8.60472848329318,-5.71647926620597
"2009-03-19",-9.00673491793044,-6.09453489436843
"2009-03-20",-8.78819475254019,-5.87888644488336
"2009-03-23",-8.5223481607798,-5.72452524076045
"2009-03-24",-10.6434607276654,-7.17070590109949
"2009-03-25",-10.2261827948788,-6.88610359121149
"2009-03-26",-9.66756842189948,-6.52145438824109
"2009-03-27",-9.49047433367779,-6.3358696104093
"2009-03-30",-9.06286710474915,-6.03740696331118
"2009-03-31",-9.9232556416785,-6.73819677031366
"2009-04-01",-9.48734054093827,-6.47200683464197
"2009-04-02",-9.295961959956,-6.31383030829508
"2009-04-03",-9.38086386588015,-6.39007166214606
"2009-04-06",-9.0474133389842,-6.1808970760195
"2009-04-07",-8.68840718471339,-5.8408448244858
"2009-04-08",-8.4767134950025,-5.67355691774838
"2009-04-09",-7.95284862417057,-5.37452255311442
"2009-04-13",-9.50094135550843,-6.53751232739314
"2009-04-14",-9.45399910910925,-6.46455513191272
"2009-04-15",-9.34840151630835,-6.37662856406674
"2009-04-16",-9.10326798941344,-6.22933374166785
"2009-04-17",-8.66980774056937,-5.90160953039749
"2009-04-20",-8.29067949352701,-5.63122608228298
"2009-04-21",-9.85858630992476,-6.73823665952177
"2009-04-22",-10.0969913293715,-6.89936209972195
"2009-04-23",-9.43886945253259,-6.44760275920288
"2009-04-24",-8.85466964656762,-6.046480777675
"2009-04-27",-8.64362558696996,-5.92566923869723
"2009-04-28",-8.33840479023292,-5.73278443702625
"2009-04-29",-7.89387069419664,-5.40389546243114
"2009-04-30",-7.94611909936751,-5.39501323480938
"2009-05-01",-7.5158542770442,-5.14181277888472
"2009-05-04",-7.11445101831072,-4.83561206944731
"2009-05-05",-8.2062014613831,-5.6562410359282
"2009-05-06",-7.76722851608174,-5.31014433386477
"2009-05-07",-8.11994797905468,-5.5757457536311
"2009-05-08",-7.76316161952195,-5.27505053464129
"2009-05-11",-8.41385035597689,-5.81044906271756
"2009-05-12",-8.45102490067142,-5.80119632007872
"2009-05-13",-8.07229878705077,-5.52976936211023
"2009-05-14",-8.48426527056461,-5.8684140461156
"2009-05-15",-8.22281616350494,-5.67737196051744
"2009-05-18",-7.85315895759358,-5.42790457556018
"2009-05-19",-8.37572337559428,-5.72859494614972
"2009-05-20",-7.79596945027857,-5.3661686419376
"2009-05-21",-7.40932541823431,-5.0670198371835
"2009-05-22",-7.12831188672099,-4.85304394908204
"2009-05-26",-6.65217732733525,-4.5303477139178
"2009-05-27",-6.57786233834555,-4.41405659481838
"2009-05-28",-6.30737589393129,-4.22513952688363
"2009-05-29",-6.15051629831597,-4.0693193332415
"2009-06-01",-5.95417769415104,-3.91810694421198
"2009-06-02",-6.06717929672463,-4.00360704412558
"2009-06-03",-5.69810069294778,-3.74481830040196
"2009-06-04",-5.76833106210457,-3.81320911577053
"2009-06-05",-5.75048144729568,-3.86351250161391
"2009-06-08",-5.40507998802751,-3.60004816325179
"2009-06-09",-5.08821329544921,-3.36864901012929
"2009-06-10",-4.85402255585227,-3.20929996077885
"2009-06-11",-4.59327347208863,-3.03929493780109
"2009-06-12",-4.47302565145566,-2.94385770483288
"2009-06-15",-4.17757910316996,-2.75565919601799
"2009-06-16",-4.49252578967658,-2.93779314047058
"2009-06-17",-4.48717992765317,-2.94678929259058
"2009-06-18",-4.42139745153924,-2.92196800550287
"2009-06-19",-4.1821922823244,-2.74790248793857
"2009-06-22",-3.95767214724286,-2.58834283730234
"2009-06-23",-4.86077706873201,-3.21546324866329
"2009-06-24",-4.61016472409454,-3.04225907615914
"2009-06-25",-4.40055605180983,-2.90952002890226
"2009-06-26",-4.49591995999974,-2.92010126118326
"2009-06-29",-4.202086840421,-2.74294032175311
"2009-06-30",-4.06712363427973,-2.63509169945171
"2009-07-01",-3.93067272798684,-2.52694049694766
"2009-07-02",-3.77170915781866,-2.3907631737489
"2009-07-06",-4.31845569437071,-2.74835584138997
"2009-07-07",-4.12926759324173,-2.63634841473158
"2009-07-08",-4.275707063776,-2.71620788255807
"2009-07-09",-4.10677667420523,-2.61776196406552
"2009-07-10",-3.97070041432594,-2.55784103561767
"2009-07-13",-3.7877691907,-2.43852423425726
"2009-07-14",-4.23425809231734,-2.71521744950819
"2009-07-15",-4.0550493455003,-2.60595256944083
"2009-07-16",-4.6120338493333,-2.95852464524238
"2009-07-17",-4.46999111378169,-2.84008736248675
"2009-07-20",-4.21309871616184,-2.6810728358083
"2009-07-21",-4.20837855717556,-2.68728509474368
"2009-07-22",-4.00888353182739,-2.56671913424796
"2009-07-23",-3.77321278850933,-2.41611453859839
"2009-07-24",-4.15321853273283,-2.67244417282462
"2009-07-27",-4.00013682675197,-2.56710924754937
"2009-07-28",-3.85570528287407,-2.47434696001554
"2009-07-29",-3.66983360375463,-2.35092393816352
"2009-07-30",-3.57877711033599,-2.31186645327154
"2009-07-31",-3.7801580511091,-2.48240042869289
"2009-08-03",-3.64359536545957,-2.42117443073889
"2009-08-04",-4.02273634187162,-2.66115188963676
"2009-08-05",-3.86717385282356,-2.57901434646203
"2009-08-06",-3.89495567106016,-2.58763639519188
"2009-08-07",-3.68261787345432,-2.43821682107366
"2009-08-10",-3.82890554960558,-2.52992343025127
"2009-08-11",-3.5695555153344,-2.37040588913305
"2009-08-12",-3.75232598912185,-2.47658605079475
"2009-08-13",-3.70362636016048,-2.44364314829256
"2009-08-14",-3.69771985940147,-2.46417531797436
"2009-08-17",-3.6226777565459,-2.373057191896
"2009-08-18",-4.19943825150501,-2.76459135099893
"2009-08-19",-4.18950147935765,-2.7726650188641
"2009-08-20",-4.02564129807833,-2.63075788371457
"2009-08-21",-3.94579348924492,-2.60309813761665
"2009-08-24",-4.14306217417107,-2.71131656829404
"2009-08-25",-3.85142555126274,-2.51412804549403
"2009-08-26",-3.68911522082271,-2.39010759748727
"2009-08-27",-3.50692507611397,-2.25431373083323
"2009-08-28",-3.31424237178588,-2.17102089498003
"2009-08-31",-3.20830882241131,-2.08048184457106
"2009-09-01",-3.19920328776396,-2.0769952738972
"2009-09-02",-3.90416980817289,-2.57438845515285
"2009-09-03",-3.75673863693858,-2.45217967833912
"2009-09-04",-3.73059659111163,-2.45851537323193
"2009-09-08",-3.69055236530066,-2.42686595537441
"2009-09-09",-3.55399158780295,-2.31916946239415
"2009-09-10",-3.51179632495036,-2.2937507930377
"2009-09-11",-3.60428116723873,-2.31950301759674
"2009-09-14",-3.39636628404919,-2.20511954830711
"2009-09-15",-3.33160464195427,-2.18064079160299
"2009-09-16",-3.20976964926289,-2.11300687385101
"2009-09-17",-3.50592112636247,-2.31451947898962
"2009-09-18",-3.34758453808952,-2.1924211741671
"2009-09-21",-3.17298952558281,-2.0779051110261
"2009-09-22",-3.08415005509676,-2.01391106977135
"2009-09-23",-3.19535517935943,-2.11346337053471
"2009-09-24",-3.19479514980076,-2.11080002458696
"2009-09-25",-3.34711867645735,-2.22663894214765
"2009-09-28",-3.24535949839275,-2.12623205446959
"2009-09-29",-3.40863104343179,-2.23433186692331
"2009-09-30",-3.20419010289528,-2.10134842610752
"2009-10-01",-3.12104779149914,-2.02865898061754
"2009-10-02",-3.72983985673857,-2.4094525003132
"2009-10-05",-3.5656373338099,-2.27945160179497
"2009-10-06",-3.80041027830316,-2.47261683086342
"2009-10-07",-3.77706333650217,-2.41886167233582
"2009-10-08",-3.60153160756516,-2.30522052657457
"2009-10-09",-3.47764693130284,-2.21720405620365
"2009-10-12",-3.35407749409201,-2.1328893800754
"2009-10-13",-3.18129379595817,-2.02698432414196
"2009-10-14",-3.04939486461474,-1.93056587617379
"2009-10-15",-3.30190773638755,-2.10786408670797
"2009-10-16",-3.18568283506551,-2.00553598557807
"2009-10-19",-3.24854012869962,-2.0694379288002
"2009-10-20",-3.16632870890478,-2.00297565776712
"2009-10-21",-3.14522216865353,-1.98082425117747
"2009-10-22",-3.17920837513951,-1.99632811745346
"2009-10-23",-3.18827619212644,-2.01022496494628
"2009-10-26",-3.35687718308347,-2.1332883588104
"2009-10-27",-3.53215900063647,-2.24509889974728
"2009-10-28",-3.42099310561335,-2.1758163039319
"2009-10-29",-3.82017980638391,-2.44920038558336
"2009-10-30",-4.24791844989739,-2.74152408605357
"2009-11-02",-4.8541122190645,-3.11234582427144
"2009-11-03",-4.5267739920173,-2.90241924173048
"2009-11-04",-4.28474403984339,-2.76262387103003
"2009-11-05",-4.01431593793906,-2.57781449585789
"2009-11-06",-4.21802824561282,-2.69372376445894
"2009-11-09",-3.9898387987401,-2.52932864784337
"2009-11-10",-4.29103007387999,-2.74447938529025
"2009-11-11",-4.00256102871146,-2.54745065527683
"2009-11-12",-3.81056263457871,-2.4149700059463
"2009-11-13",-3.89113711074806,-2.46658754890345
"2009-11-16",-3.69734760755873,-2.34549574550807
"2009-11-17",-3.7489121614501,-2.3631281553139
"2009-11-18",-3.53842243384037,-2.20087216906622
"2009-11-19",-3.37201733953889,-2.11676435956971
"2009-11-20",-3.50052163609301,-2.20236773418838
"2009-11-23",-3.39820880103571,-2.15172808825325
"2009-11-24",-3.41685184207535,-2.13765380533836
"2009-11-25",-3.24963781876064,-2.04119352701944
"2009-11-27",-3.10194815599348,-1.94543804683414
"2009-11-30",-3.40534539851782,-2.1339105536606
"2009-12-01",-3.25826161244217,-2.04204451339535
"2009-12-02",-3.27207688733212,-2.07108347404637
"2009-12-03",-3.16169873861613,-1.9716025092927
"2009-12-04",-3.11505697991706,-1.96947110975701
"2009-12-07",-3.10209483401862,-1.96452043901574
"2009-12-08",-3.00054093079755,-1.87318709050413
"2009-12-09",-2.95170915212588,-1.85280393429204
"2009-12-10",-2.83364224499686,-1.77410828840371
"2009-12-11",-2.72849364305136,-1.70518167529965
"2009-12-14",-2.66052992730835,-1.66913450635783
"2009-12-15",-2.71026591515579,-1.69055684833974
"2009-12-16",-2.63758215067303,-1.6606046326106
"2009-12-17",-2.57189892352777,-1.61971328968404
"2009-12-18",-2.65243458896906,-1.68250057120301
"2009-12-21",-2.62510093093772,-1.62906117708941
"2009-12-22",-2.67380069715561,-1.67866056601958
"2009-12-23",-2.61258252133439,-1.63693210111123
"2009-12-24",-2.52645776671894,-1.5839117771303
"2009-12-28",-2.49067225949054,-1.55547740789308
"2009-12-29",-2.36841043622,-1.47953855598398
"2009-12-30",-2.26141370030157,-1.42494752063879
"2009-12-31",-2.16314594965943,-1.35092988551063
"2010-01-04",-2.23356390376068,-1.38238751455665
"2010-01-05",-2.59167148673771,-1.61813242505004
"2010-01-06",-2.57986468646221,-1.63539162871822
"2010-01-07",-2.46749933188863,-1.57186824872212
"2010-01-08",-2.48520319609895,-1.56656952759947
"2010-01-11",-2.35910793824284,-1.50061091249164
"2010-01-12",-2.24833463769535,-1.4151015088342
"2010-01-13",-2.5227871734005,-1.62401934224245
"2010-01-14",-2.51915939530502,-1.61760095605641
"2010-01-15",-2.40344712946487,-1.53921936822605
"2010-01-19",-2.52695563285187,-1.61066701675073
"2010-01-20",-2.58640970566249,-1.64011571501341
"2010-01-21",-2.65176963295742,-1.67500265747733
"2010-01-22",-3.0351537944802,-1.92687655810849
"2010-01-25",-3.54383581546532,-2.27788482081125
"2010-01-26",-3.4051770205528,-2.19463387095568
"2010-01-27",-3.26565126037177,-2.08792978796891
"2010-01-28",-3.12841080748844,-2.01447005181217
"2010-01-29",-3.23058541419985,-2.04849559898632
"2010-02-01",-3.33143443360924,-2.14442042538889
"2010-02-02",-3.59105401756614,-2.31664967596995
"2010-02-03",-3.5846473893754,-2.31227699432657
"2010-02-04",-3.4133332008529,-2.19823194303341
"2010-02-05",-4.21516931074798,-2.72628156663573
"2010-02-08",-4.00131409814588,-2.56246577434839
"2010-02-09",-3.84407988591008,-2.4482018021551
"2010-02-10",-3.96023303012804,-2.52706888556599
"2010-02-11",-3.7010259441664,-2.35365928207886
"2010-02-12",-3.70381303176099,-2.37698246317432
"2010-02-16",-3.53335000792579,-2.25136772363497
"2010-02-17",-3.78246216313794,-2.42497223083813
"2010-02-18",-3.59818668419948,-2.27731600994502
"2010-02-19",-3.43647788401508,-2.19611736110909
"2010-02-22",-3.3045419927212,-2.09210268147425
"2010-02-23",-3.13965079454848,-1.98509298408313
"2010-02-24",-3.32742083696675,-2.14757943147821
"2010-02-25",-3.3501107812732,-2.13381433402425
"2010-02-26",-3.15653085963386,-2.02935821948325
"2010-03-01",-3.02952240791044,-1.94517192306108
"2010-03-02",-3.15670598408392,-2.0240010784752
"2010-03-03",-3.00059752870183,-1.92464684573114
"2010-03-04",-2.81492735139844,-1.80459718104068
"2010-03-05",-2.71617059575572,-1.75277905803534
"2010-03-08",-2.98089213697209,-1.90294437421536
"2010-03-09",-2.77031956994453,-1.7833537870143
"2010-03-10",-2.66143330423142,-1.69422121393781
"2010-03-11",-2.67350802259517,-1.70844612858458
"2010-03-12",-2.53670602100822,-1.62769504299531
"2010-03-15",-2.41899134431102,-1.54114199395793
"2010-03-16",-2.31897727099896,-1.49376663360628
"2010-03-17",-2.40148120954028,-1.52984602232744
"2010-03-18",-2.36230567910184,-1.50748826838603
"2010-03-19",-2.28678198158111,-1.46811843670791
"2010-03-22",-2.43489425232619,-1.57753573577938
"2010-03-23",-2.47627138988061,-1.59782660985129
"2010-03-24",-2.54504534264588,-1.64445035013969
"2010-03-25",-2.48210956854491,-1.59724884878889
"2010-03-26",-2.38924380078492,-1.53906972300844
"2010-03-29",-2.27976665725023,-1.47292649076678
"2010-03-30",-2.23634345657768,-1.43510779155598
"2010-03-31",-2.14528578748956,-1.36501953844538
"2010-04-01",-2.09908292995872,-1.33348814747001
"2010-04-05",-2.18962610497857,-1.40779939400877
"2010-04-06",-2.42127250189175,-1.56279824893548
"2010-04-07",-2.32051312035629,-1.49777515401513
"2010-04-08",-2.26865932047057,-1.46982874417442
"2010-04-09",-2.2445160362477,-1.43179257612994
"2010-04-12",-2.17024009024716,-1.39365688055388
"2010-04-13",-2.08276009656211,-1.32825996519991
"2010-04-14",-1.99504026445571,-1.26105840523286
"2010-04-15",-2.38223350745125,-1.5532272805017
"2010-04-16",-2.28091730104447,-1.47822780694266
"2010-04-19",-2.83497938822518,-1.87023639900643
"2010-04-20",-2.68253042575799,-1.75221950161776
"2010-04-21",-2.67475977503677,-1.7473547628289
"2010-04-22",-2.52523346379497,-1.65127788782227
"2010-04-23",-2.48379707549133,-1.63526426812131
"2010-04-26",-2.48862625774491,-1.61969611328616
"2010-04-27",-2.37625232796881,-1.54127581250925
"2010-04-28",-3.10811674809978,-2.02034504814968
"2010-04-29",-3.04078018998233,-1.96633296208315
"2010-04-30",-3.10851175204121,-2.03340720436609
"2010-05-03",-3.43029691070863,-2.22482272416047
"2010-05-04",-3.51580986081348,-2.26930822157087
"2010-05-05",-3.98656606807542,-2.57661993758052
"2010-05-06",-3.92252430768663,-2.51151794034832
"2010-05-07",-4.55844470056113,-2.92065582911006
"2010-05-10",-4.72725465775447,-3.01096990188267
"2010-05-11",-5.90782744830534,-3.78828431487745
"2010-05-12",-5.57743162957574,-3.53797893026756
"2010-05-13",-5.48640991590005,-3.52256115353157
"2010-05-14",-5.31676176597664,-3.36591614023256
"2010-05-17",-5.42189545574429,-3.45977421098639
"2010-05-18",-5.13848297234596,-3.28110138243516
"2010-05-19",-5.09602361460862,-3.25572735898366
"2010-05-20",-4.9282447213145,-3.11887856019466
"2010-05-21",-5.81363330402065,-3.69095950522457
"2010-05-24",-5.82823254013085,-3.72885558789595
"2010-05-25",-5.60804706568573,-3.58772951033402
"2010-05-26",-5.35474827185224,-3.38810999362488
"2010-05-27",-5.04300939505318,-3.21816922683839
"2010-05-28",-5.72314821944598,-3.68211377053365
"2010-06-01",-5.51894973700019,-3.55224205945771
"2010-06-02",-5.56647368433525,-3.59319427261279
"2010-06-03",-5.69373360184043,-3.65028355467307
"2010-06-04",-5.3924704477339,-3.43612349798845
"2010-06-07",-6.02105681648344,-3.83165859140574
"2010-06-08",-6.06848869979535,-3.84374955561808
"2010-06-09",-5.71915140136462,-3.61271305635115
"2010-06-10",-5.4427946277769,-3.44950505086435
"2010-06-11",-5.72009590898636,-3.60793594756296
"2010-06-14",-5.4610140645821,-3.44354529473479
"2010-06-15",-5.14909594153487,-3.22973154381226
"2010-06-16",-5.30885822800257,-3.33302281213327
"2010-06-17",-4.96367033014088,-3.15039337331124
"2010-06-18",-4.71097489827637,-2.96620501728977
"2010-06-21",-4.44269735235618,-2.79057990372389
"2010-06-22",-4.25137169963835,-2.65174565014902
"2010-06-23",-4.35808775067093,-2.73678738401383
"2010-06-24",-4.11328403204119,-2.56224058819569
"2010-06-25",-4.25767445514749,-2.68034075490337
"2010-06-28",-4.07338462463654,-2.59342099330005
"2010-06-29",-3.88222471737619,-2.45103411783767
"2010-06-30",-4.7985786374493,-3.06162306568692
"2010-07-01",-4.68093958063268,-2.95740736736437
"2010-07-02",-4.44319602409997,-2.80144124710481
"2010-07-06",-4.24703568621226,-2.69114951687145
"2010-07-07",-4.00662190508156,-2.52665826170068
"2010-07-08",-4.69432297344552,-2.95184113031988
"2010-07-09",-4.52843162358986,-2.85217504313372
"2010-07-12",-4.38243824357287,-2.76663201114043
"2010-07-13",-4.10697821266896,-2.597320749903
"2010-07-14",-4.29994949147847,-2.69025018079521
"2010-07-15",-3.98157122557502,-2.50286071984644
"2010-07-16",-3.73026875362219,-2.355047441086
"2010-07-19",-4.43018379348668,-2.77135919406003
"2010-07-20",-4.20679892015358,-2.63732804380474
"2010-07-21",-4.11328103442501,-2.59359098819546
"2010-07-22",-4.12747282708961,-2.57886876748345
"2010-07-23",-4.49917247466013,-2.80065599609071
"2010-07-26",-4.35965224987125,-2.74493742940107
"2010-07-27",-4.38975254441517,-2.7274867420645
"2010-07-28",-4.10815459507765,-2.560697397643
"2010-07-29",-4.01161429032338,-2.51073857300706
"2010-07-30",-3.82383786739452,-2.37287648520238
"2010-08-02",-3.58006598333464,-2.21713020105672
"2010-08-03",-3.78742630474729,-2.33683752053506
"2010-08-04",-3.67538660942209,-2.24729478010046
"2010-08-05",-3.56018721987354,-2.18720887371301
"2010-08-06",-3.35958665837518,-2.07105079384472
"2010-08-09",-3.23750264684049,-1.98318248183825
"2010-08-10",-3.14736887312254,-1.93970611622807
"2010-08-11",-3.16003266318438,-1.92792495293642
"2010-08-12",-3.76229446437455,-2.32980690248047
"2010-08-13",-3.64168055460804,-2.24973240085617
"2010-08-16",-3.52025401019391,-2.17202730017477
"2010-08-17",-3.28771012915527,-2.03698259392419
"2010-08-18",-3.41022585108427,-2.08940537247961
"2010-08-19",-3.20506706100148,-1.96737401560378
"2010-08-20",-3.45429659631958,-2.13154114229278
"2010-08-23",-3.27252787082963,-2.00327667476675
"2010-08-24",-3.20188584508205,-1.97635989375636
"2010-08-25",-3.35265713404457,-2.06151246721825
"2010-08-26",-3.24393081023698,-1.99058737165302
"2010-08-27",-3.21748163032874,-1.97107986579084
"2010-08-30",-3.45508611288304,-2.12411409104138
"2010-08-31",-3.61932565642017,-2.24852935533765
"2010-09-01",-3.39872054609034,-2.107122254464
"2010-09-02",-3.99403606610338,-2.45096581409443
"2010-09-03",-3.91463642456739,-2.42623154945673
"2010-09-07",-4.01036674566147,-2.47704604373767
"2010-09-08",-3.9952415149763,-2.48414263332847
"2010-09-09",-3.84818875064452,-2.3727571499907
"2010-09-10",-3.68836787457155,-2.25745025430704
"2010-09-13",-3.53678897374806,-2.16000937216883
"2010-09-14",-3.60512402302245,-2.22040159433108
"2010-09-15",-3.37323196258008,-2.07841744565012
"2010-09-16",-3.20811554295194,-1.97923790363598
"2010-09-17",-3.03221448643222,-1.86936824799257
"2010-09-20",-2.862268724075,-1.76144521932463
"2010-09-21",-3.07104302605932,-1.91148388951955
"2010-09-22",-2.95506761462014,-1.82943292644007
"2010-09-23",-2.89303509300667,-1.80229384914644
"2010-09-24",-2.9304413184807,-1.82194996420825
"2010-09-27",-3.33172795072574,-2.0682738920451
"2010-09-28",-3.22485299557359,-2.000363138159
"2010-09-29",-3.1175395291486,-1.95167672289671
"2010-09-30",-2.96880718542154,-1.83582959817202
"2010-10-01",-2.82860880203637,-1.75390617500319
"2010-10-04",-2.75352187487308,-1.70954103761089
"2010-10-05",-2.82183417632979,-1.74314896294293
"2010-10-06",-3.16319945675333,-1.97276001338814
"2010-10-07",-2.99643361034595,-1.86452982598524
"2010-10-08",-2.84484376941553,-1.76414230853396
"2010-10-11",-2.84862578463743,-1.76521577787842
"2010-10-12",-2.6747159292238,-1.65183347844679
"2010-10-13",-2.55994247953959,-1.58421313609917
"2010-10-14",-2.60776435315719,-1.61446226399217
"2010-10-15",-2.5341273635761,-1.56785667316171
"2010-10-18",-2.4321005964057,-1.49155489853259
"2010-10-19",-2.43283100471906,-1.50927112322181
"2010-10-20",-2.75047346521169,-1.68845922243117
"2010-10-21",-2.80099756111358,-1.71811335082037
"2010-10-22",-2.63336077151824,-1.62203472247748
"2010-10-25",-2.51203552183787,-1.55873979253686
"2010-10-26",-2.44054245756651,-1.49802757931403
"2010-10-27",-2.2621876899261,-1.40191062336947
"2010-10-28",-2.21063158982607,-1.36492115728664
"2010-10-29",-2.08328516699353,-1.29020205257054
"2010-11-01",-1.97385906760565,-1.21965948690574
"2010-11-02",-1.86506548212915,-1.15251220225533
"2010-11-03",-2.02464610962558,-1.26577088166133
"2010-11-04",-2.03256732825943,-1.24294589774534
"2010-11-05",-2.43795551302835,-1.5052788920217
"2010-11-08",-2.38776595523375,-1.4989674632149
"2010-11-09",-2.31372927149195,-1.4402655324801
"2010-11-10",-2.38612932072031,-1.48728974106687
"2010-11-11",-2.38247516071252,-1.48337905402407
"2010-11-12",-2.32750071257976,-1.44373596802479
"2010-11-15",-2.50056575667955,-1.55211061891414
"2010-11-16",-2.40167200258574,-1.48508232505348
"2010-11-17",-2.65437635529468,-1.63191374153042
"2010-11-18",-2.47428859530963,-1.52690028023653
"2010-11-19",-2.69861753701097,-1.67442337064603
"2010-11-22",-2.62078683760908,-1.61318810213579
"2010-11-23",-2.45283644238467,-1.51289410173573
"2010-11-24",-2.66393389084702,-1.63005204456571
"2010-11-26",-2.90982181312971,-1.78526104521715
"2010-11-29",-2.87541793760287,-1.76392848363601
"2010-11-30",-2.75945171191857,-1.69061162246293
"2010-12-01",-2.72177240696298,-1.66100712115809
"2010-12-02",-3.08608540840307,-1.88755556549967
"2010-12-03",-3.18913045980212,-1.94726215008438
"2010-12-06",-3.04141878365508,-1.85244037460344
"2010-12-07",-2.87253132258946,-1.73458184658173
"2010-12-08",-2.66876910369567,-1.64299621223038
"2010-12-09",-2.57166808434793,-1.57185240438084
"2010-12-10",-2.50892765625663,-1.5450220965726
"2010-12-13",-2.50042540271382,-1.53224222773583
"2010-12-14",-2.39170294955034,-1.46879917950864
"2010-12-15",-2.23800406544347,-1.37176616052738
"2010-12-16",-2.26561639143806,-1.38639651856564
"2010-12-17",-2.27782289413788,-1.40005356181568
"2010-12-20",-2.17853394087874,-1.32447071558199
"2010-12-21",-2.10426785746978,-1.27582217006025
"2010-12-22",-2.15120773759817,-1.3253894516145
"2010-12-23",-2.13018384237092,-1.30602638062238
"2010-12-27",-2.07131668583459,-1.27048767258265
"2010-12-28",-1.94891972701571,-1.20609006335009
"2010-12-29",-1.8773968196168,-1.1539091440697
"2010-12-30",-1.81326829495838,-1.11286041525532
"2010-12-31",-1.77825665925053,-1.07228814299388
"2011-01-03",-1.68661349970053,-1.04234817978719
"2011-01-04",-1.97704948164131,-1.22482547849444
"2011-01-05",-1.95830632041644,-1.2130919183732
"2011-01-06",-1.97186431447705,-1.21735886983707
"2011-01-07",-1.92062776888339,-1.18614438305216
"2011-01-10",-1.90155805025034,-1.16807465225724
"2011-01-11",-1.79642944964978,-1.10835737485879
"2011-01-12",-1.80705504989341,-1.11032140455019
"2011-01-13",-1.90366862286758,-1.16997080945557
"2011-01-14",-1.89754384105121,-1.15445107677278
"2011-01-18",-1.96341744132085,-1.22127871931718
"2011-01-19",-1.91547910357038,-1.18364221060636
"2011-01-20",-2.20715343405224,-1.37449789657314
"2011-01-21",-2.18379792430204,-1.37417071330434
"2011-01-24",-2.09113687717796,-1.31921889775147
"2011-01-25",-2.09901880384121,-1.320059876618
"2011-01-26",-1.9927714025733,-1.24696285390951
"2011-01-27",-2.05017706199127,-1.28170913019612
"2011-01-28",-1.95880968651312,-1.24360803343202
"2011-01-31",-2.41013872573493,-1.48592201423655
"2011-02-01",-2.38964216425149,-1.47950805602032
"2011-02-02",-2.70337827355479,-1.68548953305756
"2011-02-03",-2.60637443462438,-1.60418348553833
"2011-02-04",-2.48755896066574,-1.53447665091549
"2011-02-07",-2.42036339897762,-1.49761257486434
"2011-02-08",-2.40316627805315,-1.48831653524975
"2011-02-09",-2.32782114383455,-1.45490696376028
"2011-02-10",-2.24981166924231,-1.41175953535412
"2011-02-11",-2.21948226961625,-1.35996777955994
"2011-02-14",-2.20549318266128,-1.36685470112419
"2011-02-15",-2.11981606626503,-1.31568726343099
"2011-02-16",-2.09903910664647,-1.30400037826522
"2011-02-17",-2.09669635933686,-1.30781187447845
"2011-02-18",-2.04705770112316,-1.27215444082487
"2011-02-22",-1.97558264458803,-1.22102177598414
"2011-02-23",-2.61112831003567,-1.62563905070014
"2011-02-24",-2.73690100173792,-1.71207439338043
"2011-02-25",-2.57425801011253,-1.61082503042352
"2011-02-28",-2.71824722663883,-1.69856457075968
"2011-03-01",-2.58110188415691,-1.62014268558686
"2011-03-02",-2.8220041000291,-1.75245942619729
"2011-03-03",-2.70406792681438,-1.68393280001
"2011-03-04",-2.98943975500733,-1.86439300533913
"2011-03-07",-2.92425198418592,-1.82970613810451
"2011-03-08",-3.08629998270633,-1.94385769036745
"2011-03-09",-3.11749686426361,-1.95972039963016
"2011-03-10",-2.91471167881747,-1.81651740636279
"2011-03-11",-3.30799293642232,-2.07651655111778
"2011-03-14",-3.20313206045484,-1.99769599478893
"2011-03-15",-3.1024546459839,-1.94272297327965
"2011-03-16",-3.14673802129922,-1.96342095164671
"2011-03-17",-3.38911691965206,-2.10369750406469
"2011-03-18",-3.41811338739988,-2.12481010750754
"2011-03-21",-3.3184439246087,-2.04820606451642
"2011-03-22",-3.48138712256943,-2.1579223651343
"2011-03-23",-3.33765385546345,-2.07014804725576
"2011-03-24",-3.1277927141654,-1.96707119698175
"2011-03-25",-3.08779956674407,-1.93054705475648
"2011-03-28",-2.96360988726157,-1.85716753541802
"2011-03-29",-2.85073361455008,-1.78941577033349
"2011-03-30",-2.86540733415938,-1.78087770122942
"2011-03-31",-2.79971210424859,-1.74901037329876
"2011-04-01",-2.67499413536121,-1.67085654773473
"2011-04-04",-2.62970257974323,-1.62383359217348
"2011-04-05",-2.49904417728955,-1.53494408896774
"2011-04-06",-2.33445249822064,-1.44839827858125
"2011-04-07",-2.26015104309728,-1.3976831789645
"2011-04-08",-2.18531670170951,-1.35094770351757
"2011-04-11",-2.18135074107301,-1.34383614350955
"2011-04-12",-2.1663422297164,-1.34603381604622
"2011-04-13",-2.28737761868051,-1.42617563761069
"2011-04-14",-2.19567269805769,-1.38022305129769
"2011-04-15",-2.12048634985544,-1.32047360797841
"2011-04-18",-2.07946289140677,-1.29849147567818
"2011-04-19",-2.2929927139915,-1.42965398705463
"2011-04-20",-2.268167510489,-1.39995782638087
"2011-04-21",-2.48904390688008,-1.55487920693447
"2011-04-25",-2.46503811516583,-1.54579342242413
"2011-04-26",-2.37299828946505,-1.47798141664444
"2011-04-27",-2.40772534196346,-1.48781155974892
"2011-04-28",-2.35816716006444,-1.47347552602197
"2011-04-29",-2.26935384133741,-1.40650187634566
"2011-05-02",-2.22067646030246,-1.3771725456037
"2011-05-03",-2.19884593408343,-1.36175831715186
"2011-05-04",-2.25701159002574,-1.40528364094035
"2011-05-05",-2.34856461714929,-1.48418458940181
"2011-05-06",-2.35443779702959,-1.49098509909657
"2011-05-09",-2.3183785565137,-1.45554557420141
"2011-05-10",-2.33626462126053,-1.47711775221599
"2011-05-11",-2.33680158083625,-1.46217713559749
"2011-05-12",-2.55737999983063,-1.63208203753635
"2011-05-13",-2.47835148197235,-1.57039387393559
"2011-05-16",-2.49514308757361,-1.58153626078141
"2011-05-17",-2.55174723813395,-1.62056506157277
"2011-05-18",-2.44439577526543,-1.57397271681832
"2011-05-19",-2.57870300509904,-1.6516110798666
"2011-05-20",-2.47529205081049,-1.5713587331789
"2011-05-23",-2.42296744753333,-1.5373102694634
"2011-05-24",-2.61683576317446,-1.66609807470863
"2011-05-25",-2.51592903104818,-1.59904972859612
"2011-05-26",-2.50289333164027,-1.59978786915081
"2011-05-27",-2.48030999418346,-1.57310583386851
"2011-05-31",-2.38545286510899,-1.51172093025065
"2011-06-01",-2.44607457904792,-1.54692614201025
"2011-06-02",-3.01087628146725,-1.89996863132154
"2011-06-03",-2.89126962896552,-1.8020231032152
"2011-06-06",-2.93298987982306,-1.85602436514136
"2011-06-07",-3.02735629664798,-1.9127557194853
"2011-06-08",-2.8898855281658,-1.81928924396687
"2011-06-09",-2.85885182193293,-1.79802689358502
"2011-06-10",-2.79867897365331,-1.76375134022621
"2011-06-13",-2.97404114935985,-1.86882932043563
"2011-06-14",-2.85044837529665,-1.78963957053282
"2011-06-15",-2.98785057992443,-1.89732892425318
"2011-06-16",-3.19549636721767,-2.03440385849763
"2011-06-17",-3.03082789438739,-1.93804280389758
"2011-06-20",-2.925384226676,-1.85772047413102
"2011-06-21",-2.82565417985248,-1.7979823272341
"2011-06-22",-3.05982377335819,-1.94630606656913
"2011-06-23",-2.92678626300213,-1.87469519653107
"2011-06-24",-2.82217884197814,-1.79292967059449
"2011-06-27",-2.86064883838046,-1.81963459656809
"2011-06-28",-2.808424747999,-1.785965816006
"2011-06-29",-2.91844759594634,-1.87131870243959
"2011-06-30",-2.83906267401836,-1.82220036919509
"2011-07-01",-2.86145742847656,-1.80827677601985
"2011-07-05",-2.89744805719038,-1.83946936629895
"2011-07-06",-2.78366773040348,-1.76639672630338
"2011-07-07",-2.66213861902607,-1.69158741883044
"2011-07-08",-2.63402452203171,-1.6776654707874
"2011-07-11",-2.59955617958084,-1.648675797501
"2011-07-12",-2.94021166244842,-1.84983990362796
"2011-07-13",-2.85858893064062,-1.80052397941058
"2011-07-14",-2.771420136644,-1.74724860183766
"2011-07-15",-2.76958353812974,-1.74555578410397
"2011-07-18",-2.7066657197284,-1.69897795904287
"2011-07-19",-2.67391157146091,-1.68840273499702
"2011-07-20",-2.95489124823854,-1.89384619329716
"2011-07-21",-2.76504929808771,-1.75478151890008
"2011-07-22",-2.90385275514359,-1.85080613621514
"2011-07-25",-2.70914272101443,-1.70123711371931
"2011-07-26",-2.76817758982232,-1.76035428464095
"2011-07-27",-2.60306486323084,-1.64195956645175
"2011-07-28",-3.08989585895387,-1.94938237952893
"2011-07-29",-2.98147565092203,-1.87864428539373
"2011-08-01",-2.89168887290252,-1.82745326203267
"2011-08-02",-2.79864381825802,-1.76700647184304
"2011-08-03",-3.45808559209397,-2.18120591435524
"2011-08-04",-3.35287753923773,-2.11532174678435
"2011-08-05",-5.44140274221686,-3.38558552572209
"2011-08-08",-4.89967161144778,-3.08023856735202
"2011-08-09",-7.980651509931,-4.89647328538841
"2011-08-10",-8.60181758287372,-5.39544550434277
"2011-08-11",-8.8418914946572,-5.53492728144785
"2011-08-12",-9.2209344792507,-5.7303958714661
"2011-08-15",-8.80281741341812,-5.42923112783063
"2011-08-16",-8.48791989436584,-5.2899997387728
"2011-08-17",-8.0595592805738,-4.98019752061029
"2011-08-18",-7.59911561189049,-4.70696661336757
"2011-08-19",-8.3569059251324,-5.18044059647393
"2011-08-22",-7.95744564691244,-4.95051438939155
"2011-08-23",-7.47753854918626,-4.65942855491994
"2011-08-24",-7.68001753810957,-4.80452708045158
"2011-08-25",-7.29334713408864,-4.56884071528682
"2011-08-26",-7.0647594558007,-4.39067512736022
"2011-08-29",-6.81445932919405,-4.27712199294323
"2011-08-30",-6.98350669343406,-4.37256452412805
"2011-08-31",-6.64094132213191,-4.12584269823542
"2011-09-01",-6.15457556585433,-3.88082648022035
"2011-09-02",-6.04289452722435,-3.77020008348221
"2011-09-06",-6.14289842863417,-3.80729566045096
"2011-09-07",-5.79480834985183,-3.62797715393785
"2011-09-08",-6.10720009351476,-3.77553250740368
"2011-09-09",-5.8535851842201,-3.66209898319295
"2011-09-12",-6.01827481965662,-3.77223101142875
"2011-09-13",-5.74765783908877,-3.56491214921821
"2011-09-14",-5.43695565046383,-3.38450084312403
"2011-09-15",-5.27138310398663,-3.29438684112623
"2011-09-16",-5.1263156173056,-3.18220794416786
"2011-09-19",-4.8310042664903,-3.03667383374497
"2011-09-20",-4.75205385280694,-2.94741113964528
"2011-09-21",-4.47481117932589,-2.7889769117187
"2011-09-22",-4.96950433681067,-3.09314120853684
"2011-09-23",-5.46406202260827,-3.40048796243094
"2011-09-26",-5.21785428235455,-3.23789590883373
"2011-09-27",-5.27029339599089,-3.28365692061288
"2011-09-28",-5.01748584353906,-3.14396495861531
"2011-09-29",-5.13315525352718,-3.21974640222197
"2011-09-30",-4.89234126161763,-3.09659905030027
"2011-10-03",-5.0261374806857,-3.17636674554737
"2011-10-04",-5.47852695788089,-3.45389619885372
"2011-10-05",-5.64823319964004,-3.58861950610874
"2011-10-06",-5.48825470041072,-3.49867190706121
"2011-10-07",-5.35770159221673,-3.4199976123284
"2011-10-10",-5.25923865632559,-3.33811931438107
"2011-10-11",-5.63575399622493,-3.57950471240373
"2011-10-12",-5.30488160146359,-3.36221884242032
"2011-10-13",-5.16231134644435,-3.26373619156344
"2011-10-14",-4.87538284394161,-3.12251043399632
"2011-10-17",-4.81257283373028,-3.0235033252465
"2011-10-18",-4.83893455193675,-3.0712493727181
"2011-10-19",-4.86744473133064,-3.1506351571806
"2011-10-20",-4.6822010996786,-3.03019062094893
"2011-10-21",-4.53499293113248,-2.91177762321144
"2011-10-24",-4.4914216175278,-2.87987163421561
"2011-10-25",-4.42747419117013,-2.86787093033207
"2011-10-26",-4.56154887922016,-2.92787971663955
"2011-10-27",-4.43046580469509,-2.83835334064279
"2011-10-28",-5.22634468952983,-3.39058448273609
"2011-10-31",-4.93424574165649,-3.19178054167492
"2011-11-01",-5.26275508256866,-3.42356708834381
"2011-11-02",-5.67228429588747,-3.67500373086298
"2011-11-03",-5.50628564037468,-3.59560549482725
"2011-11-04",-5.39944738179384,-3.50047241413165
"2011-11-07",-5.17839568503118,-3.35135368008644
"2011-11-08",-4.9220495442263,-3.17632489573414
"2011-11-09",-4.71655282053846,-3.05081358164286
"2011-11-10",-5.61024822669994,-3.62814516504519
"2011-11-11",-5.35728684774399,-3.44719099278538
"2011-11-14",-5.31206418464257,-3.39885100849912
"2011-11-15",-5.15299206707988,-3.29613016378085
"2011-11-16",-4.94794474300066,-3.16128017539483
"2011-11-17",-4.87003787980004,-3.13831271519597
"2011-11-18",-4.81827569979679,-3.08021486280037
"2011-11-21",-4.61158321735059,-2.93997134070273
"2011-11-22",-4.66951857226847,-2.97007537418418
"2011-11-23",-4.41630504797365,-2.83850253535496
"2011-11-25",-4.64646344045401,-2.9784727420857
"2011-11-28",-4.4573856033352,-2.84654013989792
"2011-11-29",-4.8353725845283,-3.10681205268685
"2011-11-30",-4.67262634441829,-2.94595045522875
"2011-12-01",-5.78266433460689,-3.71139635826897
"2011-12-02",-5.55387132835502,-3.52612525779422
"2011-12-05",-5.22285167360179,-3.32710604850064
"2011-12-06",-5.10218708497668,-3.24742250822077
"2011-12-07",-4.84270064278482,-3.06641405074305
"2011-12-08",-4.60072376883132,-2.92456835693706
"2011-12-09",-4.85165644741313,-3.11965048797886
"2011-12-12",-4.77761945144551,-3.10075999523843
"2011-12-13",-4.78102056627331,-3.0746674648653
"2011-12-14",-4.63115569445062,-2.98753146721138
"2011-12-15",-4.49564043406746,-2.87360068842423
"2011-12-16",-4.24812368516367,-2.74918584395579
"2011-12-19",-4.06215402654056,-2.61690857233871
"2011-12-20",-4.09157069766088,-2.64776363494766
"2011-12-21",-4.60799940326912,-2.96676751764293
"2011-12-22",-4.42974846701286,-2.84682335867938
"2011-12-23",-4.34497102180061,-2.80205925330899
"2011-12-27",-4.14069470045293,-2.68654089132937
"2011-12-28",-3.96609938256135,-2.56374507799638
"2011-12-29",-3.93051297341853,-2.53589303108431
"2011-12-30",-3.92712529645864,-2.52199852349213
