"","Date","alpha_1perc","alpha_5perc"
"1","2004-12-28",-1.35896664690967,-0.960862836989536
"2","2004-12-29",-1.22576257216314,-0.866680359847381
"3","2004-12-30",-1.20713188955692,-0.853507460729677
"4","2004-12-31",-1.21452263785468,-0.858733119058385
"5","2005-01-03",-1.27676532912267,-0.902742064421119
"6","2005-01-04",-1.25023575183374,-0.883984220028147
"7","2005-01-05",-1.30149223338549,-0.920225321595955
"8","2005-01-06",-1.36370652043009,-0.964214183638221
"9","2005-01-07",-1.41474572460466,-1.00030165836204
"10","2005-01-10",-1.37026493476234,-0.968851336886811
"11","2005-01-11",-1.14922747423466,-0.812565910834184
"12","2005-01-12",-1.37013560826378,-0.968759896065517
"13","2005-01-13",-1.19344673709443,-0.843831318603861
"14","2005-01-14",-1.36106052122637,-0.962343319252158
"15","2005-01-18",-1.41482697187093,-1.00035910456865
"16","2005-01-19",-1.4136952174734,-0.999558893067021
"17","2005-01-20",-1.45400751714132,-1.02806186678795
"18","2005-01-21",-1.34900026519794,-0.953816066689592
"19","2005-01-24",-1.28202253867687,-0.906459195594564
"20","2005-01-25",-1.2538993505513,-0.886574582245904
"21","2005-01-26",-1.27638602551406,-0.902473876278106
"22","2005-01-27",-1.24572657921588,-0.880795991381089
"23","2005-01-28",-1.55213893512264,-1.09744608081098
"24","2005-01-31",-1.67966449109904,-1.18761353840296
"25","2005-02-01",-1.60775967328425,-1.13677294757916
"26","2005-02-02",-1.69451406598652,-1.1981129900907
"27","2005-02-03",-1.80269423009285,-1.27460221050356
"28","2005-02-04",-1.6347435438038,-1.15585200182919
"29","2005-02-07",-1.48692985477025,-1.0513397381076
"30","2005-02-08",-1.53288814733628,-1.08383473382999
"31","2005-02-09",-1.4285169472752,-1.01003865677486
"32","2005-02-10",-1.42942801790874,-1.010682832933
"33","2005-02-11",-1.51209600897912,-1.06913356872459
"34","2005-02-14",-1.43191359448251,-1.01244026985292
"35","2005-02-15",-1.44787426202883,-1.02372532407679
"36","2005-02-16",-1.33175240028996,-0.941620894390714
"37","2005-02-17",-1.30505687113705,-0.922745713064423
"38","2005-02-18",-1.33825398555096,-0.946217866415759
"39","2005-02-22",-1.88931256305628,-1.33584605142917
"40","2005-02-23",-1.88493341527376,-1.33274975736524
"41","2005-02-24",-1.65831942948283,-1.17252142668197
"42","2005-02-25",-1.65477272008385,-1.17001371152735
"43","2005-02-28",-1.79535836310236,-1.26941535622403
"44","2005-03-01",-1.86652953303424,-1.31973721835959
"45","2005-03-02",-1.84530822704116,-1.30473260854999
"46","2005-03-03",-1.80483648434591,-1.2761168999949
"47","2005-03-04",-1.83921397069105,-1.30042364007073
"48","2005-03-07",-1.74327270763876,-1.23258798390476
"49","2005-03-08",-1.59003241699242,-1.12423881967297
"50","2005-03-09",-1.49278990141868,-1.05548310767469
"51","2005-03-10",-1.66302504420807,-1.17584855051165
"52","2005-03-11",-1.64638292557955,-1.16408167355754
"53","2005-03-14",-1.6098446872147,-1.13824716507002
"54","2005-03-15",-1.48541543828995,-1.05026896384029
"55","2005-03-16",-1.54493031384291,-1.09234919612336
"56","2005-03-17",-1.57741333389999,-1.11531644618575
"57","2005-03-18",-1.53786009406518,-1.08735016877473
"58","2005-03-21",-1.53347660790603,-1.08425080724414
"59","2005-03-22",-1.38151954821708,-0.976808956625261
"60","2005-03-23",-1.44499198912541,-1.02168740142044
"61","2005-03-24",-1.56482703055828,-1.10641724975321
"62","2005-03-28",-1.41884413945021,-1.00319945907305
"63","2005-03-29",-1.30966372175957,-0.92600300533779
"64","2005-03-30",-1.32897014065726,-0.939653686519943
"65","2005-03-31",-1.38959233228071,-0.982516851087142
"66","2005-04-01",-1.33001100920548,-0.940389636816037
"67","2005-04-04",-1.33217925478512,-0.941922703579434
"68","2005-04-05",-1.51585979524209,-1.07179476894954
"69","2005-04-06",-1.54771330155935,-1.09431691878867
"70","2005-04-07",-1.46968352987309,-1.03914565467957
"71","2005-04-08",-1.38245202732165,-0.977468269728997
"72","2005-04-11",-1.38574460743636,-0.979796301750408
"73","2005-04-12",-1.36429674435467,-0.964631503839509
"74","2005-04-13",-1.41993342857992,-1.00396964533617
"75","2005-04-14",-1.59067841758925,-1.12469557699485
"76","2005-04-15",-1.52284054877213,-1.07673053882767
"77","2005-04-18",-2.82917916061156,-2.00038251181421
"78","2005-04-19",-2.37179271240924,-1.67698558281698
"79","2005-04-20",-2.4296065535996,-1.71786309190799
"80","2005-04-21",-2.63126819063751,-1.8604487639823
"81","2005-04-22",-3.14265792233669,-2.2220289319174
"82","2005-04-25",-2.72984559648078,-1.93014831551805
"83","2005-04-26",-2.67603156913514,-1.89209889090358
"84","2005-04-27",-2.53174531293015,-1.79008071275992
"85","2005-04-28",-2.45385215689782,-1.73500604329876
"86","2005-04-29",-2.4903807675788,-1.76083374449365
"87","2005-05-02",-2.53435652628359,-1.79192698167055
"88","2005-05-03",-2.22836796878925,-1.57557654061378
"89","2005-05-04",-2.07319567597721,-1.4658613464752
"90","2005-05-05",-2.05916647160323,-1.45594194106069
"91","2005-05-06",-1.8663412996013,-1.31960412715327
"92","2005-05-09",-1.82275707744331,-1.28878772746756
"93","2005-05-10",-1.71667797140662,-1.21378406861875
"94","2005-05-11",-1.69912676963056,-1.20137442076649
"95","2005-05-12",-1.63663798850385,-1.15719147657873
"96","2005-05-13",-1.9020155859191,-1.34482777486886
"97","2005-05-16",-1.78411670681961,-1.26146689790619
"98","2005-05-17",-1.78804051636222,-1.26424124323504
"99","2005-05-18",-1.79810505474403,-1.2713574156036
"100","2005-05-19",-1.85701650161648,-1.31301099120956
"101","2005-05-20",-1.75505521682082,-1.24091885444178
"102","2005-05-23",-1.6468113058381,-1.16438456154341
"103","2005-05-24",-1.62482257053547,-1.14883733775191
"104","2005-05-25",-1.52972098106166,-1.08159537616895
"105","2005-05-26",-1.55399417225488,-1.09875783369191
"106","2005-05-27",-1.4867693911874,-1.05122628168555
"107","2005-05-31",-1.39386573004892,-0.985538374177862
"108","2005-06-01",-1.43388922273567,-1.01383714576043
"109","2005-06-02",-1.46017099283587,-1.03241977708328
"110","2005-06-03",-1.35629128547743,-0.958971211921615
"111","2005-06-06",-1.37444543464113,-0.971807176150936
"112","2005-06-07",-1.30105275881683,-0.919914589333472
"113","2005-06-08",-1.21397316176938,-0.858344609780857
"114","2005-06-09",-1.19375055294614,-0.844046132824547
"115","2005-06-10",-1.2467154188997,-0.881495154459211
"116","2005-06-13",-1.2107613625195,-0.856073694195037
"117","2005-06-14",-1.14633655109581,-0.81052187199406
"118","2005-06-15",-1.1312893846859,-0.799882712425168
"119","2005-06-16",-1.19284725834128,-0.843407454738784
"120","2005-06-17",-1.18493682546689,-0.837814351338655
"121","2005-06-20",-1.20168622669871,-0.849657082889186
"122","2005-06-21",-1.15522910094728,-0.816809385155467
"123","2005-06-22",-1.14815181493061,-0.81180536159416
"124","2005-06-23",-1.11332707397963,-0.78718238834925
"125","2005-06-24",-1.3774671796981,-0.973943713154765
"126","2005-06-27",-1.43593563380367,-1.01528406894203
"127","2005-06-28",-1.41631338426699,-1.00141007843549
"128","2005-06-29",-1.52059070596217,-1.07513977841419
"129","2005-06-30",-1.47424272027754,-1.04236924860393
"130","2005-07-01",-1.85892166900926,-1.31435804748215
"131","2005-07-05",-1.7992567412239,-1.27217172016427
"132","2005-07-06",-1.86876732218786,-1.32131945618686
"133","2005-07-07",-1.87114436513064,-1.32300015396619
"134","2005-07-08",-1.91403613995274,-1.35332695597623
"135","2005-07-11",-1.88516853152037,-1.33291599725365
"136","2005-07-12",-1.75419739959659,-1.24031233132102
"137","2005-07-13",-1.68570554938212,-1.19188489297484
"138","2005-07-14",-1.597065226208,-1.12921139573307
"139","2005-07-15",-1.54695787572794,-1.09378279191429
"140","2005-07-18",-1.44184899882278,-1.0194651374777
"141","2005-07-19",-1.3616242544567,-0.96274190910146
"142","2005-07-20",-1.62095606624746,-1.14610351033395
"143","2005-07-21",-1.47363184052425,-1.04193732361583
"144","2005-07-22",-1.36147896435933,-0.962639181153378
"145","2005-07-25",-1.35684742649697,-0.959364433667729
"146","2005-07-26",-1.33301380084865,-0.942512772732366
"147","2005-07-27",-1.25898458671266,-0.890170118939817
"148","2005-07-28",-1.21833715205575,-0.861430186676132
"149","2005-07-29",-1.19761355100685,-0.846777481150385
"150","2005-08-01",-1.23777541146736,-0.875174086224261
"151","2005-08-02",-1.2063485916698,-0.852953626806134
"152","2005-08-03",-1.25132726111441,-0.884755976057927
"153","2005-08-04",-1.13423153376443,-0.801962970772103
"154","2005-08-05",-1.17026473580856,-0.827440391296489
"155","2005-08-08",-1.13008207946974,-0.799029082413162
"156","2005-08-09",-1.10191554694073,-0.779113822229603
"157","2005-08-10",-1.11033286432781,-0.785065320364444
"158","2005-08-11",-1.17984925792046,-0.834217166229541
"159","2005-08-12",-1.26172644997444,-0.892108764393948
"160","2005-08-15",-1.22471052523011,-0.865936505829318
"161","2005-08-16",-1.20132223505768,-0.849399721134475
"162","2005-08-17",-1.31348102985836,-0.928702048392159
"163","2005-08-18",-1.27794723122595,-0.903577733059924
"164","2005-08-19",-1.22336186344854,-0.864982929088837
"165","2005-08-22",-1.55548939223317,-1.09981503499521
"166","2005-08-23",-1.37240811671754,-0.970366682313674
"167","2005-08-24",-1.25700053154788,-0.888767284750537
"168","2005-08-25",-1.3612268032565,-0.962460889630778
"169","2005-08-26",-1.16058163411916,-0.820593915276426
"170","2005-08-29",-1.24466428461264,-0.880044891706563
"171","2005-08-30",-1.22284348526167,-0.864616407705551
"172","2005-08-31",-1.2399232788676,-0.876692744513896
"173","2005-09-01",-1.27083496841516,-0.898548979015572
"174","2005-09-02",-1.34708630248803,-0.952462791652621
"175","2005-09-06",-1.34860729654707,-0.953538216623452
"176","2005-09-07",-1.35005019616287,-0.954558424603898
"177","2005-09-08",-1.28764548082315,-0.910434919469161
"178","2005-09-09",-1.24459377176517,-0.879995035313971
"179","2005-09-12",-1.32818540963729,-0.939098839294047
"180","2005-09-13",-1.24234181178683,-0.878402777948057
"181","2005-09-14",-1.24021603150232,-0.876899736442484
"182","2005-09-15",-1.25245715905067,-0.885554874941142
"183","2005-09-16",-1.19535951144657,-0.845183753407689
"184","2005-09-19",-1.19430675592021,-0.844439398375859
"185","2005-09-20",-1.20754313305046,-0.853798232096873
"186","2005-09-21",-1.20066290967715,-0.848933542470654
"187","2005-09-22",-1.21106305262131,-0.856287005395701
"188","2005-09-23",-1.18118510716579,-0.835161683814705
"189","2005-09-26",-1.21877618119118,-0.861740603993252
"190","2005-09-27",-1.16012080719302,-0.820268085743656
"191","2005-09-28",-1.13242450777252,-0.800685305771974
"192","2005-09-29",-1.17409500408325,-0.830148597895397
"193","2005-09-30",-1.11076892113705,-0.785373636086371
"194","2005-10-03",-1.16936108083649,-0.826801458411642
"195","2005-10-04",-1.08793776390437,-0.769230774478815
"196","2005-10-05",-1.29305663100992,-0.914260894986415
"197","2005-10-06",-1.32281503428613,-0.935301693788416
"198","2005-10-07",-1.52311862910034,-1.07692715664289
"199","2005-10-10",-1.44000310092585,-1.01815998794068
"200","2005-10-11",-1.50395596750423,-1.06337811963939
"201","2005-10-12",-1.56479179856892,-1.10639233883333
"202","2005-10-13",-1.50701136662293,-1.06553845188302
"203","2005-10-14",-1.49364659904164,-1.05608883917687
"204","2005-10-17",-1.47686648022082,-1.04422438863141
"205","2005-10-18",-1.43455352107787,-1.01430684057681
"206","2005-10-19",-1.63579741471006,-1.15659714549486
"207","2005-10-20",-1.70122781185026,-1.20285997112377
"208","2005-10-21",-1.88197403006648,-1.3306573121441
"209","2005-10-24",-1.97425452143336,-1.39590460495677
"210","2005-10-25",-2.12988164957733,-1.50594139224732
"211","2005-10-26",-1.933030001701,-1.36675664236796
"212","2005-10-27",-1.8807891671802,-1.32981955007176
"213","2005-10-28",-1.87533046124006,-1.3259599500677
"214","2005-10-31",-1.92921183680807,-1.36405699351384
"215","2005-11-01",-1.87533095587091,-1.32596029979843
"216","2005-11-02",-1.76424974775135,-1.24741988454049
"217","2005-11-03",-1.71451696888218,-1.21225612308669
"218","2005-11-04",-1.83259450739512,-1.29574332190667
"219","2005-11-07",-1.74910219951287,-1.2367097495957
"220","2005-11-08",-1.71226552388159,-1.21066422983786
"221","2005-11-09",-1.62751520920983,-1.15074117876339
"222","2005-11-10",-1.58762965726069,-1.12253993873451
"223","2005-11-11",-1.61462569260852,-1.14162759417534
"224","2005-11-14",-1.54289023680875,-1.09090675144587
"225","2005-11-15",-1.44964481478685,-1.0249772005301
"226","2005-11-16",-1.41704663784351,-1.00192852832782
"227","2005-11-17",-1.50034110798433,-1.0608222186675
"228","2005-11-18",-1.34908714157879,-0.953877492984312
"229","2005-11-21",-1.37365410168613,-0.971247661000303
"230","2005-11-22",-1.38555956637766,-0.979665467725138
"231","2005-11-23",-1.33722302390787,-0.945488920836806
"232","2005-11-25",-1.39870781257159,-0.988961988112941
"233","2005-11-28",-1.23341051249001,-0.872087866835366
"234","2005-11-29",-1.35794606221882,-0.960141228476424
"235","2005-11-30",-1.3217749376362,-0.934566289266113
"236","2005-12-01",-1.31063363563929,-0.926688786849959
"237","2005-12-02",-1.40541280711576,-0.993702781490288
"238","2005-12-05",-1.29703005552152,-0.917070320778772
"239","2005-12-06",-1.26216632997461,-0.892419783318408
"240","2005-12-07",-1.21436518850394,-0.858621793861279
"241","2005-12-08",-1.19316037192831,-0.843628842960652
"242","2005-12-09",-1.19692005705979,-0.846287143464079
"243","2005-12-12",-1.20481627518939,-0.851870196271702
"244","2005-12-13",-1.21042865491648,-0.855838451945308
"245","2005-12-14",-1.30726579659181,-0.92430754269724
"246","2005-12-15",-1.30453405840303,-0.922376056216724
"247","2005-12-16",-1.25647794762145,-0.888397789682162
"248","2005-12-19",-1.39412582523002,-0.985722275522437
"249","2005-12-20",-1.41153319787835,-0.998030228411084
"250","2005-12-21",-1.36059765844006,-0.962016050256257
"251","2005-12-22",-1.28250896649043,-0.906803126337815
"252","2005-12-23",-1.26878040461875,-0.897096291414529
"253","2005-12-27",-1.23625273970495,-0.87409747502651
"254","2005-12-28",-1.25873329662389,-0.889992443271206
"255","2005-12-29",-1.26041013698661,-0.891178059998277
"256","2005-12-30",-1.21089479318389,-0.856168036883295
"257","2006-01-03",-1.18518770383947,-0.837991735901671
"258","2006-01-04",-1.32583519912557,-0.937437113493085
"259","2006-01-05",-1.3463421059235,-0.951936604476579
"260","2006-01-06",-1.25819560564285,-0.889612266699072
"261","2006-01-09",-1.47810730736724,-1.04510172045911
"262","2006-01-10",-1.36260703778271,-0.963436790007422
"263","2006-01-11",-1.29616105053603,-0.916455887306381
"264","2006-01-12",-1.37525003050022,-0.972376068891278
"265","2006-01-13",-1.21086153923112,-0.856144524542156
"266","2006-01-17",-1.21532608847179,-0.859301202050778
"267","2006-01-18",-1.20890130785517,-0.854758535058653
"268","2006-01-19",-1.28585507089138,-0.909169002921231
"269","2006-01-20",-1.17378391115254,-0.829928638386717
"270","2006-01-23",-1.30949156143425,-0.925881278686896
"271","2006-01-24",-1.33922247319469,-0.946902639502031
"272","2006-01-25",-1.3536476217663,-0.957101998854982
"273","2006-01-26",-1.32551511395123,-0.937210795982356
"274","2006-01-27",-1.34563235043619,-0.951434769002797
"275","2006-01-30",-1.48427534417324,-1.04946285570665
"276","2006-01-31",-1.38570766668619,-0.979770182644328
"277","2006-02-01",-1.38163129400513,-0.976887966934434
"278","2006-02-02",-1.39882521095129,-0.989044995109786
"279","2006-02-03",-1.3855298992891,-0.979644491490776
"280","2006-02-06",-1.39062209995733,-0.983244952467301
"281","2006-02-07",-1.38927021609938,-0.98228909754475
"282","2006-02-08",-1.40178436236939,-0.991137275029345
"283","2006-02-09",-1.3681463497137,-0.967353382801719
"284","2006-02-10",-1.34650880481142,-0.952054469596184
"285","2006-02-13",-1.30955569503342,-0.9259266246063
"286","2006-02-14",-1.27371345713998,-0.900584226053206
"287","2006-02-15",-1.24682760093085,-0.88157447321583
"288","2006-02-16",-1.21794310005386,-0.861151570622298
"289","2006-02-17",-1.18401441577225,-0.83716215785173
"290","2006-02-21",-1.16886391296099,-0.82644993386437
"291","2006-02-22",-1.12700337991352,-0.796852275501411
"292","2006-02-23",-1.14133967504416,-0.806988810671333
"293","2006-02-24",-1.15081423306309,-0.813687835049888
"294","2006-02-27",-1.09875048975597,-0.776875955809042
"295","2006-02-28",-1.08009139712275,-0.763682969267414
"296","2006-03-01",-1.10516025476048,-0.781408005952198
"297","2006-03-02",-1.11202825899255,-0.78626405598543
"298","2006-03-03",-1.09456152131312,-0.773914128812622
"299","2006-03-06",-1.04417662720324,-0.738289286653377
"300","2006-03-07",-1.06489945171541,-0.752941443125702
"301","2006-03-08",-1.27391725012136,-0.900728318700877
"302","2006-03-09",-1.03741334809885,-0.733507282943147
"303","2006-03-10",-1.02418723706887,-0.724155707909643
"304","2006-03-13",-1.08478810294023,-0.767003794018006
"305","2006-03-14",-1.00291047956218,-0.709111890884182
"306","2006-03-15",-1.06368902390855,-0.752085605273384
"307","2006-03-16",-1.04737566065901,-0.740551176133095
"308","2006-03-17",-1.05729567770398,-0.747565164108806
"309","2006-03-20",-1.04104240415104,-0.736073221630336
"310","2006-03-21",-1.00698901008332,-0.71199563230359
"311","2006-03-22",-0.99254184078605,-0.701780703107933
"312","2006-03-23",-0.970592311426004,-0.686261200035919
"313","2006-03-24",-0.972653123704791,-0.687718305651572
"314","2006-03-27",-0.963685100037183,-0.681377428424716
"315","2006-03-28",-0.935947826116828,-0.661765677268001
"316","2006-03-29",-0.961382682893371,-0.679749495116884
"317","2006-03-30",-0.955337053574391,-0.675474908575682
"318","2006-03-31",-0.940495381668275,-0.664981044722726
"319","2006-04-03",-0.928548696304439,-0.656534092755641
"320","2006-04-04",-0.908337996399612,-0.642244036048026
"321","2006-04-05",-0.895049576602054,-0.632848405349639
"322","2006-04-06",-0.90710798059305,-0.64137434842168
"323","2006-04-07",-0.932167948746981,-0.65909309976117
"324","2006-04-10",-0.960117967502888,-0.678855273010075
"325","2006-04-11",-0.956710302576839,-0.676445869809636
"326","2006-04-12",-0.943391408977543,-0.667028692487085
"327","2006-04-13",-0.958167280848223,-0.677476032160167
"328","2006-04-17",-0.988247848702872,-0.698744618723937
"329","2006-04-18",-0.967486521615586,-0.684065238850913
"330","2006-04-19",-1.1267608147479,-0.796680768824833
"331","2006-04-20",-1.43404923422096,-1.01395028252508
"332","2006-04-21",-1.41027893037581,-0.997143393525491
"333","2006-04-24",-1.45658196584,-1.02988214110147
"334","2006-04-25",-1.32439138858487,-0.936416261439531
"335","2006-04-26",-1.28991578947065,-0.912040150335452
"336","2006-04-27",-1.25708757953462,-0.888828832379896
"337","2006-04-28",-1.29484404365334,-0.915524692289556
"338","2006-05-01",-1.241700358781,-0.877949236018696
"339","2006-05-02",-1.17249759991372,-0.829019146848424
"340","2006-05-03",-1.22333217316995,-0.864961936457872
"341","2006-05-04",-1.24313074552243,-0.878960596720955
"342","2006-05-05",-1.25746578304836,-0.889096242696402
"343","2006-05-08",-1.27192384167434,-0.899318871235744
"344","2006-05-09",-1.18668355566022,-0.839049383951732
"345","2006-05-10",-1.31570686177529,-0.930275831807103
"346","2006-05-11",-1.0986000988501,-0.776769621313786
"347","2006-05-12",-1.07473652229946,-0.759896783472393
"348","2006-05-15",-1.20275382563474,-0.85041193301356
"349","2006-05-16",-1.13234349848579,-0.800628027829758
"350","2006-05-17",-1.10725413413544,-0.782888491791281
"351","2006-05-18",-1.33400949722174,-0.943216783860229
"352","2006-05-19",-1.46155891622265,-1.03340111389974
"353","2006-05-22",-1.29700892332716,-0.9170553791757
"354","2006-05-23",-1.27219612241661,-0.899511388430386
"355","2006-05-24",-1.20117250044371,-0.849293850673046
"356","2006-05-25",-1.20459092352274,-0.851710860468851
"357","2006-05-26",-1.29827131951784,-0.917947961482951
"358","2006-05-30",-1.18834543448385,-0.840224422062368
"359","2006-05-31",-1.38521624805396,-0.979422723122649
"360","2006-06-01",-1.39912058930494,-0.989253843563513
"361","2006-06-02",-1.26757281137843,-0.896242457753886
"362","2006-06-05",-1.329008757283,-0.939680990560584
"363","2006-06-06",-1.50731011336724,-1.06574968197092
"364","2006-06-07",-1.50305573392844,-1.06274160586655
"365","2006-06-08",-1.53388483141001,-1.08453944331557
"366","2006-06-09",-1.59638242849253,-1.12872862086036
"367","2006-06-12",-1.54556936514508,-1.09280103991847
"368","2006-06-13",-1.56326898125057,-1.10531562471967
"369","2006-06-14",-1.51040184440684,-1.06793570284543
"370","2006-06-15",-1.66045226352382,-1.17402945557445
"371","2006-06-16",-1.76564569134603,-1.24840689207721
"372","2006-06-19",-1.7294512209469,-1.22281544611338
"373","2006-06-20",-1.73966145619869,-1.23003463404023
"374","2006-06-21",-1.64719077964532,-1.16465287002604
"375","2006-06-22",-1.56827378082841,-1.10885428840348
"376","2006-06-23",-1.5782956843148,-1.11594031559765
"377","2006-06-26",-1.46151660617952,-1.03337119841346
"378","2006-06-27",-1.39845412242936,-0.988782615476878
"379","2006-06-28",-1.39817819103325,-0.988587517072742
"380","2006-06-29",-1.40836707221784,-0.995791606520442
"381","2006-06-30",-1.59095142340675,-1.12488860685685
"382","2006-07-03",-1.61320679633301,-1.14062435785325
"383","2006-07-05",-1.53839697528208,-1.08772977279987
"384","2006-07-06",-1.48087339083603,-1.04705749090809
"385","2006-07-07",-1.40032322812351,-0.990104174180319
"386","2006-07-10",-1.43338360901238,-1.01347964954248
"387","2006-07-11",-1.36817034890077,-0.967370351523527
"388","2006-07-12",-1.36627401079106,-0.966029538031062
"389","2006-07-13",-1.36997138672855,-0.968643782568104
"390","2006-07-14",-1.46263847603685,-1.03416442101116
"391","2006-07-17",-1.66956648236929,-1.18047370069019
"392","2006-07-18",-1.62768473215377,-1.15086104064317
"393","2006-07-19",-1.62841110327383,-1.15137462426696
"394","2006-07-20",-1.80935132047406,-1.2793091330497
"395","2006-07-21",-1.76498023817259,-1.24793638073275
"396","2006-07-24",-1.67634862725714,-1.18526904352853
"397","2006-07-25",-1.91342285574186,-1.35289333090671
"398","2006-07-26",-1.77936846540145,-1.25810963470172
"399","2006-07-27",-1.75754551693013,-1.24267963115652
"400","2006-07-28",-1.6654541548932,-1.17756606299776
"401","2006-07-31",-1.6408894662996,-1.1601975010647
"402","2006-08-01",-1.52157039993058,-1.07583247497742
"403","2006-08-02",-1.54067383746279,-1.08933963736819
"404","2006-08-03",-1.50479948769475,-1.06397453398492
"405","2006-08-04",-1.44775503860817,-1.02364102667738
"406","2006-08-07",-1.36239362718519,-0.963285897185549
"407","2006-08-08",-1.29026593401653,-0.912287721445807
"408","2006-08-09",-1.36352677662285,-0.96408709505592
"409","2006-08-10",-1.45269189935992,-1.02713165394078
"410","2006-08-11",-1.36525247850754,-0.965307259518744
"411","2006-08-14",-1.30373418799622,-0.921810504626434
"412","2006-08-15",-1.32197499193412,-0.934707738462597
"413","2006-08-16",-1.26213079480518,-0.892394658033848
"414","2006-08-17",-1.41513226784262,-1.00057496531412
"415","2006-08-18",-1.4350531712258,-1.0146601202248
"416","2006-08-21",-1.44907183481764,-1.02457207273686
"417","2006-08-22",-1.30062216773256,-0.919610138174385
"418","2006-08-23",-1.28190337991487,-0.906374943912322
"419","2006-08-24",-1.21559342055984,-0.859490220279542
"420","2006-08-25",-1.2057056933527,-0.85249906296362
"421","2006-08-28",-1.19098281247562,-0.842089190785831
"422","2006-08-29",-1.17582648647742,-0.831372849490712
"423","2006-08-30",-1.12829277811012,-0.797763949685625
"424","2006-08-31",-1.13640869029397,-0.803502338058487
"425","2006-09-01",-1.11108994418273,-0.785600616722802
"426","2006-09-05",-1.0849159807002,-0.767094210502846
"427","2006-09-06",-1.08565382011468,-0.767615902830361
"428","2006-09-07",-1.10371008664643,-0.780382658750815
"429","2006-09-08",-1.13971409122569,-0.805839435090162
"430","2006-09-11",-1.12581628904671,-0.796012938126474
"431","2006-09-12",-1.23441278862071,-0.872796530207334
"432","2006-09-13",-1.31881395712099,-0.932472716076086
"433","2006-09-14",-1.24396875608879,-0.879553115464549
"434","2006-09-15",-1.24581379060473,-0.880857654544565
"435","2006-09-18",-1.26181058657274,-0.892168253514393
"436","2006-09-19",-1.25029634821859,-0.884027064945932
"437","2006-09-20",-1.16813701368694,-0.825935976807181
"438","2006-09-21",-1.20218994625136,-0.850013239826158
"439","2006-09-22",-1.24157327117318,-0.877859378214112
"440","2006-09-25",-1.18131292578491,-0.835252058483774
"441","2006-09-26",-1.17859446974691,-0.833329963201417
"442","2006-09-27",-1.19254258048118,-0.843192031031598
"443","2006-09-28",-1.15291139940189,-0.815170644949986
"444","2006-09-29",-1.10781888720749,-0.783287802723777
"445","2006-10-02",-1.04851953277579,-0.741359955516887
"446","2006-10-03",-1.02741682257763,-0.72643919934139
"447","2006-10-04",-1.08745754423255,-0.768891233227161
"448","2006-10-05",-1.14431675176723,-0.80909376474991
"449","2006-10-06",-1.09264530965794,-0.772559263649847
"450","2006-10-09",-1.05676974513105,-0.747193301366449
"451","2006-10-10",-1.03559471004863,-0.732221407590457
"452","2006-10-11",-1.0083981979023,-0.712992004222413
"453","2006-10-12",-0.98885314983731,-0.699172599327134
"454","2006-10-13",-1.03423226261625,-0.73125808365009
"455","2006-10-16",-1.0233377111252,-0.72355504717217
"456","2006-10-17",-1.05926578668203,-0.748958137590624
"457","2006-10-18",-1.073673059345,-0.759144857710436
"458","2006-10-19",-1.07954576718624,-0.763297179424863
"459","2006-10-20",-1.06949732633237,-0.756192388878218
"460","2006-10-23",-1.07706426857676,-0.761542625846
"461","2006-10-24",-1.07177686276691,-0.757804144288468
"462","2006-10-25",-1.06567003754935,-0.753486288940891
"463","2006-10-26",-1.12179519169085,-0.793169805057724
"464","2006-10-27",-1.03034040681587,-0.72850633134328
"465","2006-10-30",-1.02703488468246,-0.726169148615466
"466","2006-10-31",-1.02644364554136,-0.725751110601251
"467","2006-11-01",-1.01747663832219,-0.719410952058353
"468","2006-11-02",-1.07714000527099,-0.761596175780463
"469","2006-11-03",-1.00295481986809,-0.709143241875928
"470","2006-11-06",-0.99245358855421,-0.70171830401223
"471","2006-11-07",-1.10975879205715,-0.784659420255065
"472","2006-11-08",-1.03181042729232,-0.729545715237397
"473","2006-11-09",-1.09897944409197,-0.777037838893761
"474","2006-11-10",-1.13724292831639,-0.804092189409713
"475","2006-11-13",-1.02860472098586,-0.727279107691738
"476","2006-11-14",-0.972314971666848,-0.68747921389222
"477","2006-11-15",-1.00742900537161,-0.712306732742978
"478","2006-11-16",-0.980608550529806,-0.69334322220558
"479","2006-11-17",-1.06373069237372,-0.75211506712938
"480","2006-11-20",-1.04658569496776,-0.739992627711801
"481","2006-11-21",-0.989079474526511,-0.699332623109499
"482","2006-11-22",-0.972720848866472,-0.687766190999705
"483","2006-11-24",-0.967599977342043,-0.684145458178918
"484","2006-11-27",-0.966782729963955,-0.68356762013115
"485","2006-11-28",-1.08171195487369,-0.764828791147307
"486","2006-11-29",-1.05665160567964,-0.747109770391863
"487","2006-11-30",-1.05558727708985,-0.746357232578959
"488","2006-12-01",-1.03726142784687,-0.733399867117567
"489","2006-12-04",-1.04156138241147,-0.73644016729805
"490","2006-12-05",-1.09057651288201,-0.771096512563351
"491","2006-12-06",-1.06822399124343,-0.755292072178921
"492","2006-12-07",-1.03797636766304,-0.733905368191935
"493","2006-12-08",-1.02816118423132,-0.726965503244387
"494","2006-12-11",-1.00265231878126,-0.708929357265036
"495","2006-12-12",-0.964991357294975,-0.682301022875996
"496","2006-12-13",-0.951994902808565,-0.673111827425898
"497","2006-12-14",-0.94858064680468,-0.670697763977349
"498","2006-12-15",-1.13566408562787,-0.802975862332588
"499","2006-12-18",-1.07353726195497,-0.759048841619286
"500","2006-12-19",-1.07699335035166,-0.761492482829525
"501","2006-12-20",-1.08597371186997,-0.767842083583376
"502","2006-12-21",-1.02268558748896,-0.723093960530636
"503","2006-12-22",-1.03348949209022,-0.730732904760306
"504","2006-12-26",-0.987256566239854,-0.698043728468948
"505","2006-12-27",-0.963099215303667,-0.680963176265934
"506","2006-12-28",-0.971948413585194,-0.687220037525338
"507","2006-12-29",-0.940125809441337,-0.664719737192291
"508","2007-01-03",-0.982029405542777,-0.694347843460869
"509","2007-01-04",-0.998476587470798,-0.705976889636343
"510","2007-01-05",-0.999714588231628,-0.706852223056741
"511","2007-01-08",-1.00428185575354,-0.710081527939517
"512","2007-01-09",-0.991271135606255,-0.700882245896484
"513","2007-01-10",-1.01465715926019,-0.717417428040304
"514","2007-01-11",-1.00587253661415,-0.711206225243858
"515","2007-01-12",-1.01855277800358,-0.720171840951105
"516","2007-01-16",-1.13553382725758,-0.802883762627641
"517","2007-01-17",-0.995826395058382,-0.70410306042519
"518","2007-01-18",-0.974378569941692,-0.688938289357598
"519","2007-01-19",-0.939242635500218,-0.664095285502804
"520","2007-01-22",-1.00579625274895,-0.711152288429961
"521","2007-01-23",-1.12588198468048,-0.79605938848873
"522","2007-01-24",-1.2496429622528,-0.883565085769201
"523","2007-01-25",-1.16730768568253,-0.825349597103947
"524","2007-01-26",-1.1245696069079,-0.79513146650284
"525","2007-01-29",-1.04198344544436,-0.736738588664089
"526","2007-01-30",-1.01242844986892,-0.715841610095549
"527","2007-01-31",-1.06438146079707,-0.752575195562186
"528","2007-02-01",-1.07919571625498,-0.763049674505099
"529","2007-02-02",-1.05621348255193,-0.74679999367115
"530","2007-02-05",-1.05416360760319,-0.745350621338725
"531","2007-02-06",-0.989421819288716,-0.699574679351416
"532","2007-02-07",-0.970052510162936,-0.685879531380384
"533","2007-02-08",-0.93419364191561,-0.660525374268646
"534","2007-02-09",-0.93052734944296,-0.657933107420512
"535","2007-02-12",-0.917369446104181,-0.648629758909581
"536","2007-02-13",-0.916247264368365,-0.647836315796943
"537","2007-02-14",-0.91015066329463,-0.643525689471401
"538","2007-02-15",-0.941115256380595,-0.665419329632817
"539","2007-02-16",-0.913907428272553,-0.646181925268504
"540","2007-02-20",-0.875754839464786,-0.619205983803207
"541","2007-02-21",-0.859055991214817,-0.607398995941945
"542","2007-02-22",-0.852136733402314,-0.602506706858395
"543","2007-02-23",-0.84394746455406,-0.596716451360737
"544","2007-02-26",-0.857267824035444,-0.606134665141118
"545","2007-02-27",-0.869176528045715,-0.614554762239306
"546","2007-02-28",-1.7906902801931,-1.26611476941589
"547","2007-03-01",-1.65932080513189,-1.17322945336477
"548","2007-03-02",-1.45632536785396,-1.02970071246274
"549","2007-03-05",-1.42636813862024,-1.00851933296728
"550","2007-03-06",-1.36294950292849,-0.963678931367027
"551","2007-03-07",-1.31648654110543,-0.930827107215368
"552","2007-03-08",-1.24116787608719,-0.877572741987007
"553","2007-03-09",-1.18658679336151,-0.838980967778998
"554","2007-03-12",-1.14322255959322,-0.808320111769594
"555","2007-03-13",-1.12002052850202,-0.791915022307752
"556","2007-03-14",-1.24949708492906,-0.883461942620354
"557","2007-03-15",-1.14423700971711,-0.809037382812442
"558","2007-03-16",-1.07959409832282,-0.763331352149497
"559","2007-03-19",-1.03456416268533,-0.731492754929694
"560","2007-03-20",-1.0532555705213,-0.74470859006549
"561","2007-03-21",-1.02654260295052,-0.725821078835658
"562","2007-03-22",-1.13239598633902,-0.80066513957763
"563","2007-03-23",-1.08882118041885,-0.769855397680771
"564","2007-03-26",-1.05455964565854,-0.745630641639649
"565","2007-03-27",-1.01472282418324,-0.717463856688421
"566","2007-03-28",-0.977296613125233,-0.691001503534466
"567","2007-03-29",-1.00192249499573,-0.708413332420234
"568","2007-03-30",-0.983670120253098,-0.695507917400016
"569","2007-04-02",-0.951149733963959,-0.672514247392856
"570","2007-04-03",-0.993055963649778,-0.702144215747868
"571","2007-04-04",-0.975389019445352,-0.689652731745812
"572","2007-04-05",-0.973964093182652,-0.688645231897017
"573","2007-04-09",-0.916852011462651,-0.648263904663821
"574","2007-04-10",-0.900739530445135,-0.636871510114156
"575","2007-04-11",-0.930022775481358,-0.657576346370255
"576","2007-04-12",-0.937558817119196,-0.662904734939813
"577","2007-04-13",-0.939378231016578,-0.664191158858364
"578","2007-04-16",-1.05108087256366,-0.743170961122261
"579","2007-04-17",-0.979407038371897,-0.692493688198729
"580","2007-04-18",-1.15451553642882,-0.816304856490881
"581","2007-04-19",-1.20919222874928,-0.854964231847673
"582","2007-04-20",-1.0131792468341,-0.71637246411143
"583","2007-04-23",-1.11563771475009,-0.788816136205401
"584","2007-04-24",-1.02442372746009,-0.724322919392531
"585","2007-04-25",-1.01276990008842,-0.716083033847448
"586","2007-04-26",-1.11180194980846,-0.786104043166017
"587","2007-04-27",-1.03940045665755,-0.734912276046886
"588","2007-04-30",-1.06771807242358,-0.754934360241229
"589","2007-05-01",-1.08306464906539,-0.765785219019596
"590","2007-05-02",-1.07963387314579,-0.763359475098152
"591","2007-05-03",-0.969443275120256,-0.685448769291532
"592","2007-05-04",-0.930575257730888,-0.657966981168303
"593","2007-05-07",-0.904160361916139,-0.639290222773195
"594","2007-05-08",-0.95309550327639,-0.673890011416146
"595","2007-05-09",-0.913955817968888,-0.646216139398046
"596","2007-05-10",-0.901495299450813,-0.637405879631286
"597","2007-05-11",-0.999004528975314,-0.706350172801862
"598","2007-05-14",-0.987911142887289,-0.698506549521924
"599","2007-05-15",-0.965745883286461,-0.682834513514939
"600","2007-05-16",-0.932531017485982,-0.659349808974286
"601","2007-05-17",-0.969276344353989,-0.685330740221415
"602","2007-05-18",-0.982876907433558,-0.694947073083599
"603","2007-05-21",-1.00167646538449,-0.708239376193438
"604","2007-05-22",-1.00061310254681,-0.707487521219447
"605","2007-05-23",-0.981423438945614,-0.693919392339574
"606","2007-05-24",-0.958676336745027,-0.677835962180747
"607","2007-05-25",-0.960651530379265,-0.679232530789192
"608","2007-05-29",-0.977152898550769,-0.690899889566198
"609","2007-05-30",-0.96926990611631,-0.685326188039553
"610","2007-05-31",-1.04090274111911,-0.735974472321517
"611","2007-06-01",-0.979774548975147,-0.692753538049839
"612","2007-06-04",-0.966572294188392,-0.683418830669119
"613","2007-06-05",-0.915430227498788,-0.647258626590065
"614","2007-06-06",-0.904556385990705,-0.639570233188954
"615","2007-06-07",-0.996422778401056,-0.70452473566783
"616","2007-06-08",-1.04947434641069,-0.742035060340182
"617","2007-06-11",-1.03214054841574,-0.729779128706311
"618","2007-06-12",-1.01621985525161,-0.718522338530252
"619","2007-06-13",-1.02199910462811,-0.722608580061054
"620","2007-06-14",-1.0715690527491,-0.757657211379027
"621","2007-06-15",-1.0135616147137,-0.716642818859577
"622","2007-06-18",-1.00948102724255,-0.713757623065388
"623","2007-06-19",-0.959857565232843,-0.678671154537025
"624","2007-06-20",-0.954919620208963,-0.675179760634656
"625","2007-06-21",-1.03790268614814,-0.733853271380289
"626","2007-06-22",-1.0164670687287,-0.718697131814166
"627","2007-06-25",-1.1297899326311,-0.798822518815127
"628","2007-06-26",-1.03764327237266,-0.733669851826299
"629","2007-06-27",-1.04313612690428,-0.737553596729402
"630","2007-06-28",-1.05153191953421,-0.743489875698065
"631","2007-06-29",-1.01630664299102,-0.718583702150688
"632","2007-07-02",-0.968049240790846,-0.684463111708498
"633","2007-07-03",-1.05523031800525,-0.746104843221577
"634","2007-07-05",-0.965981067393581,-0.683000801384399
"635","2007-07-06",-0.961760665307865,-0.680016749104279
"636","2007-07-09",-0.944961977954121,-0.66813916960288
"637","2007-07-10",-0.938850815373088,-0.663818247504999
"638","2007-07-11",-0.982269462946529,-0.694517577014326
"639","2007-07-12",-0.973024092583711,-0.687980600690413
"640","2007-07-13",-1.09418357805676,-0.77364690251214
"641","2007-07-16",-1.05490131858547,-0.745872222857733
"642","2007-07-17",-1.04508423338697,-0.738931013258329
"643","2007-07-18",-1.00976717414184,-0.713959944382152
"644","2007-07-19",-1.02777999520679,-0.726695982010459
"645","2007-07-20",-1.178472931865,-0.833244029352872
"646","2007-07-23",-1.12416749644778,-0.794847152683674
"647","2007-07-24",-1.08896803627131,-0.769959232702286
"648","2007-07-25",-1.33737972707039,-0.945599718438532
"649","2007-07-26",-1.26772448691718,-0.896349700553987
"650","2007-07-27",-1.58917274709087,-1.12363098660925
"651","2007-07-30",-1.61857034555547,-1.14441667691711
"652","2007-07-31",-1.56096714354365,-1.10368810110503
"653","2007-08-01",-1.57204230556608,-1.11151883898604
"654","2007-08-02",-1.65154741746053,-1.16773324832699
"655","2007-08-03",-1.5102521391632,-1.06782985315042
"656","2007-08-06",-1.64024441713406,-1.15974141645614
"657","2007-08-07",-1.80833003960985,-1.27858703230441
"658","2007-08-08",-1.6005794767559,-1.13169616072639
"659","2007-08-09",-1.64851158199716,-1.1655867486446
"660","2007-08-10",-1.91808491281974,-1.35618965712652
"661","2007-08-13",-1.89718195701858,-1.34141013810135
"662","2007-08-14",-1.83202560338481,-1.29534107603658
"663","2007-08-15",-1.77482789724338,-1.2548992077116
"664","2007-08-16",-1.71235087113214,-1.21072457495485
"665","2007-08-17",-1.72120604429359,-1.21698566077715
"666","2007-08-20",-1.83357590955823,-1.29643722625585
"667","2007-08-21",-1.76025503262274,-1.24459540513168
"668","2007-08-22",-1.66951285692438,-1.18043578460354
"669","2007-08-23",-1.56482614921665,-1.10641662659706
"670","2007-08-24",-1.50778209348819,-1.06608339741496
"671","2007-08-27",-1.53458060776955,-1.08503139479079
"672","2007-08-28",-1.44980645888637,-1.02509149164123
"673","2007-08-29",-1.64527797078188,-1.16330041082085
"674","2007-08-30",-1.88243373582505,-1.33098234895083
"675","2007-08-31",-1.65310322722977,-1.16883328988584
"676","2007-09-04",-1.54373201218635,-1.0915019321144
"677","2007-09-05",-1.48231683959491,-1.04807808716236
"678","2007-09-06",-1.46647084373516,-1.03687411201598
"679","2007-09-07",-1.53889788366494,-1.08808394208793
"680","2007-09-10",-1.57052425161123,-1.11044549282771
"681","2007-09-11",-1.42919866425341,-1.01052066750794
"682","2007-09-12",-1.58530296104667,-1.12089483881238
"683","2007-09-13",-1.39625490280353,-0.987227648389464
"684","2007-09-14",-1.33646316311074,-0.944951658202065
"685","2007-09-17",-1.34506159246628,-0.951031212283102
"686","2007-09-18",-1.30928818786753,-0.925737482588052
"687","2007-09-19",-1.68524046562498,-1.19155605363258
"688","2007-09-20",-1.50336307558651,-1.06295891302282
"689","2007-09-21",-1.34785503634243,-0.953006328018224
"690","2007-09-24",-1.30191383797263,-0.920523418816082
"691","2007-09-25",-1.35988898863023,-0.961514982415106
"692","2007-09-26",-1.27858128503531,-0.904026043357643
"693","2007-09-27",-1.18711569997869,-0.839354933331311
"694","2007-09-28",-1.14306785896931,-0.808210730070853
"695","2007-10-01",-1.24132642246431,-0.877684842841039
"696","2007-10-02",-1.20800145391405,-0.854122289708033
"697","2007-10-03",-1.21871413972212,-0.861696737322865
"698","2007-10-04",-1.22436482931879,-0.865692080143936
"699","2007-10-05",-1.15663849402535,-0.817805902203549
"700","2007-10-08",-1.1343744992838,-0.802064055117947
"701","2007-10-09",-1.11963756075585,-0.791644243421534
"702","2007-10-10",-1.12583381992045,-0.796025333401308
"703","2007-10-11",-1.12847743391908,-0.797894511318516
"704","2007-10-12",-1.19501488853865,-0.844940086393673
"705","2007-10-15",-1.1736247879351,-0.829816129675415
"706","2007-10-16",-1.12273558560901,-0.793834714362264
"707","2007-10-17",-1.0723611920328,-0.758217296647606
"708","2007-10-18",-1.40252512953267,-0.991661037433429
"709","2007-10-19",-1.25184312071696,-0.885120716666041
"710","2007-10-22",-1.42662101559789,-1.00869813065206
"711","2007-10-23",-1.3116403037839,-0.927400555613035
"712","2007-10-24",-1.26509686033373,-0.894491826603024
"713","2007-10-25",-1.29648892055813,-0.916687709125052
"714","2007-10-26",-1.25984468698732,-0.890778256300567
"715","2007-10-29",-1.16678411531622,-0.82497940456929
"716","2007-10-30",-1.12533822240896,-0.795674919186225
"717","2007-10-31",-1.14947258941118,-0.812739220506227
"718","2007-11-01",-1.17853739603296,-0.83328960900227
"719","2007-11-02",-1.49686074169663,-1.05836141167671
"720","2007-11-05",-1.34976714132011,-0.954358289538139
"721","2007-11-06",-1.29799852270116,-0.917755079395822
"722","2007-11-07",-1.31692259004802,-0.931135417375151
"723","2007-11-08",-1.59317819805295,-1.12646305683232
"724","2007-11-09",-1.60131878814723,-1.13221889382107
"725","2007-11-12",-2.1116402292727,-1.49304372260658
"726","2007-11-13",-1.94571251435775,-1.3757238639839
"727","2007-11-14",-2.14985528512883,-1.52006383164982
"728","2007-11-15",-1.8526663527841,-1.30993520097003
"729","2007-11-16",-1.78484604354578,-1.26198257837371
"730","2007-11-19",-1.66603069066544,-1.17797370493584
"731","2007-11-20",-1.67550574567527,-1.18467308071381
"732","2007-11-21",-1.67600086856507,-1.18502315934572
"733","2007-11-23",-1.74440271177815,-1.23338695787933
"734","2007-11-26",-1.68316277474289,-1.19008701393253
"735","2007-11-27",-1.76543009752658,-1.24825445559949
"736","2007-11-28",-1.87376328554804,-1.3248518721874
"737","2007-11-29",-2.0303708865665,-1.43558190676987
"738","2007-11-30",-1.7857774013557,-1.26264109866156
"739","2007-12-03",-1.80084097768788,-1.27329186093204
"740","2007-12-04",-1.58922268250915,-1.12366629364772
"741","2007-12-05",-1.55263224149011,-1.09779487506345
"742","2007-12-06",-1.694145351849,-1.19785228927584
"743","2007-12-07",-1.61428456654842,-1.14138639962165
"744","2007-12-10",-1.48883637009095,-1.05268774743805
"745","2007-12-11",-1.41249211059956,-0.998708231509851
"746","2007-12-12",-1.75427366352056,-1.24036625403539
"747","2007-12-13",-1.64736309739923,-1.16477470798744
"748","2007-12-14",-1.58977025934226,-1.12405346005135
"749","2007-12-17",-1.57372874483149,-1.11271124265589
"750","2007-12-18",-1.73211741988876,-1.2247005928056
"751","2007-12-19",-1.60966557749082,-1.13812052481891
"752","2007-12-20",-1.45150494985595,-1.026292416517
"753","2007-12-21",-1.40568209348529,-0.993893181501634
"754","2007-12-24",-1.52300378476571,-1.0768459554939
"755","2007-12-26",-1.42797822471918,-1.00965775082348
"756","2007-12-27",-1.34850644691691,-0.953466910486568
"757","2007-12-28",-1.40350216672158,-0.992351855510027
"758","2007-12-31",-1.32999122964441,-0.940375651597779
"759","2008-01-02",-1.36560837954935,-0.965558900782714
"760","2008-01-03",-1.49613648874062,-1.05784932570934
"761","2008-01-04",-1.39975251756461,-0.989700650982768
"762","2008-01-07",-1.55604470570592,-1.10020767162104
"763","2008-01-08",-1.51439243427968,-1.07075726547554
"764","2008-01-09",-1.81442312284099,-1.28289517132519
"765","2008-01-10",-1.78866879746687,-1.26468547191866
"766","2008-01-11",-1.56370434995804,-1.10562345391648
"767","2008-01-14",-1.58350091080941,-1.1196206919396
"768","2008-01-15",-1.78224683520567,-1.26014479765607
"769","2008-01-16",-2.01354854626233,-1.42368760335468
"770","2008-01-17",-1.86456023317722,-1.31834481697005
"771","2008-01-18",-2.35394996841236,-1.66436979886414
"772","2008-01-22",-2.27689251192306,-1.60988601412823
"773","2008-01-23",-2.46990772037221,-1.74635819407048
"774","2008-01-24",-2.86998071780904,-2.02923141704047
"775","2008-01-25",-2.76047444753496,-1.95180456792466
"776","2008-01-28",-2.59344750787242,-1.83370749802027
"777","2008-01-29",-2.44561905507874,-1.72918479552267
"778","2008-01-30",-2.25387067770022,-1.59360833358738
"779","2008-01-31",-2.16713468603575,-1.53228130160367
"780","2008-02-01",-2.19061134625269,-1.54888056869414
"781","2008-02-04",-1.90529115799512,-1.34714378128807
"782","2008-02-05",-1.83247696494131,-1.29566021304165
"783","2008-02-06",-2.21206692166497,-1.56405081963943
"784","2008-02-07",-2.14801649377961,-1.51876370682597
"785","2008-02-08",-2.01708699704528,-1.4261894792216
"786","2008-02-11",-1.94787934680823,-1.37725593158864
"787","2008-02-12",-1.86056343460451,-1.31551886445372
"788","2008-02-13",-1.87841198917894,-1.32813875679879
"789","2008-02-14",-1.85677085736808,-1.31283730745511
"790","2008-02-15",-1.93989195645164,-1.371608415091
"791","2008-02-19",-1.80514598052658,-1.27633573051504
"792","2008-02-20",-1.75658755740199,-1.24200230201675
"793","2008-02-21",-1.75106176510762,-1.23809526833593
"794","2008-02-22",-1.75011560842918,-1.23742628444854
"795","2008-02-25",-1.66595275919494,-1.17791860317598
"796","2008-02-26",-1.74224369398953,-1.23186041566271
"797","2008-02-27",-1.79690234207909,-1.27050703277342
"798","2008-02-28",-1.73146437203893,-1.22423885269512
"799","2008-02-29",-1.66302511111909,-1.17584859782135
"800","2008-03-03",-1.88275114912139,-1.33120677729947
"801","2008-03-04",-1.80620239001836,-1.27708266909782
"802","2008-03-05",-1.70532347454888,-1.20575582591822
"803","2008-03-06",-1.60281760541829,-1.1332786386047
"804","2008-03-07",-1.74884287188895,-1.23652639095552
"805","2008-03-10",-1.86298341452362,-1.31722992099496
"806","2008-03-11",-1.83049329302867,-1.29425764983234
"807","2008-03-12",-2.27728631904505,-1.61016445703875
"808","2008-03-13",-2.09417445426278,-1.48069447609312
"809","2008-03-14",-1.97536820007676,-1.3966920359237
"810","2008-03-17",-2.07387569087514,-1.46634215374557
"811","2008-03-18",-1.97354530548869,-1.39540315096878
"812","2008-03-19",-2.43967998292072,-1.72498555065097
"813","2008-03-20",-2.68519136871885,-1.89857536406373
"814","2008-03-24",-2.66509203977166,-1.88436405263994
"815","2008-03-25",-2.53055428770121,-1.7892385935784
"816","2008-03-26",-2.30871648356513,-1.63238728135639
"817","2008-03-27",-2.15667089921331,-1.52488283901835
"818","2008-03-28",-2.05734639675818,-1.45465504981644
"819","2008-03-31",-1.98976850161078,-1.40687382707873
"820","2008-04-01",-2.30833206267364,-1.63211547501793
"821","2008-04-02",-2.44184056024358,-1.72651319554255
"822","2008-04-03",-2.74989435050694,-1.94432386774038
"823","2008-04-04",-2.26541375517182,-1.6017699129699
"824","2008-04-07",-2.46050845858736,-1.73971240819727
"825","2008-04-08",-2.08553014959904,-1.47458248569079
"826","2008-04-09",-2.02249776768008,-1.43001518637511
"827","2008-04-10",-2.04543749233784,-1.4462348110175
"828","2008-04-11",-1.78732057371131,-1.26373220488624
"829","2008-04-14",-2.59283819690387,-1.83327668224773
"830","2008-04-15",-2.57373530983726,-1.81976990906587
"831","2008-04-16",-2.3541219544179,-1.66449140226153
"832","2008-04-17",-2.49054997884227,-1.7609533859985
"833","2008-04-18",-2.42849518194405,-1.7170772921061
"834","2008-04-21",-2.42202757104236,-1.71250434178855
"835","2008-04-22",-2.24524097076298,-1.58750666456632
"836","2008-04-23",-2.15715986942074,-1.52522856737142
"837","2008-04-24",-2.14713586152668,-1.51814105224735
"838","2008-04-25",-2.13749821858513,-1.5113267180179
"839","2008-04-28",-2.09195631003954,-1.47912612829295
"840","2008-04-29",-2.03882026451501,-1.4415560734537
"841","2008-04-30",-2.13385422189822,-1.5087502154948
"842","2008-05-01",-2.12868666515176,-1.50509647369989
"843","2008-05-02",-2.23789188386287,-1.58231046309649
"844","2008-05-05",-2.17261588610623,-1.53615680617313
"845","2008-05-06",-2.05421096003179,-1.45243812666018
"846","2008-05-07",-1.93332712139199,-1.36696672204126
"847","2008-05-08",-2.11374010281282,-1.49452844664426
"848","2008-05-09",-2.07573012247016,-1.46765333706816
"849","2008-05-12",-2.00277976295681,-1.41607349177851
"850","2008-05-13",-1.74470300286123,-1.23359927989817
"851","2008-05-14",-1.79109613631472,-1.26640173162009
"852","2008-05-15",-1.63332810195254,-1.15485120797168
"853","2008-05-16",-1.72415530682358,-1.21907094871857
"854","2008-05-19",-1.69833632414259,-1.20081553310299
"855","2008-05-20",-1.57822025783309,-1.11588698500019
"856","2008-05-21",-1.74149662728086,-1.2313321991397
"857","2008-05-22",-1.8132241577551,-1.28204743823586
"858","2008-05-23",-1.97282054040968,-1.39489070290278
"859","2008-05-27",-1.84885853554183,-1.30724286846395
"860","2008-05-28",-1.85952621729288,-1.31478549577915
"861","2008-05-29",-1.92598894010692,-1.36177823143043
"862","2008-05-30",-1.7564417972469,-1.24189924171247
"863","2008-06-02",-1.62050183318109,-1.14578234301627
"864","2008-06-03",-1.68919898502904,-1.19435494070866
"865","2008-06-04",-1.77398709197219,-1.25430471296071
"866","2008-06-05",-1.57633601609821,-1.11455472429824
"867","2008-06-06",-1.842948792253,-1.30306436068726
"868","2008-06-09",-2.32248376731,-1.64212149473596
"869","2008-06-10",-2.26565667985961,-1.60194167384808
"870","2008-06-11",-2.42262939471629,-1.7129298636393
"871","2008-06-12",-2.29426814059756,-1.62217152231242
"872","2008-06-13",-2.17749805594966,-1.53960876400968
"873","2008-06-16",-2.25233444593311,-1.59252213473374
"874","2008-06-17",-2.22814548942666,-1.57541923568507
"875","2008-06-18",-1.95488470182856,-1.38220909604949
"876","2008-06-19",-1.91547585373824,-1.35434491140253
"877","2008-06-20",-1.93324226535466,-1.36690672423856
"878","2008-06-23",-1.86359443875237,-1.31766194813502
"879","2008-06-24",-1.85202671085061,-1.30948293956665
"880","2008-06-25",-1.77314728329814,-1.25371092285783
"881","2008-06-26",-1.92462584073929,-1.36081444653663
"882","2008-06-27",-2.23124221732828,-1.57760878961099
"883","2008-06-30",-2.3269058183394,-1.64524812371327
"884","2008-07-01",-2.19058395798953,-1.54886120371244
"885","2008-07-02",-2.13616738124726,-1.51038574412207
"886","2008-07-03",-2.1007587052732,-1.48534989726899
"887","2008-07-07",-1.9877275809388,-1.40543078590372
"888","2008-07-08",-2.0471037296544,-1.44741293081811
"889","2008-07-09",-2.06164807248792,-1.45769656695366
"890","2008-07-10",-2.09475502068249,-1.48110496791673
"891","2008-07-11",-2.19085709012123,-1.54905432288542
"892","2008-07-14",-2.26643154234644,-1.60248954348791
"893","2008-07-15",-2.15688774902457,-1.52503616355014
"894","2008-07-16",-2.27756540768579,-1.6103617877854
"895","2008-07-17",-2.40696673672501,-1.70185551827069
"896","2008-07-18",-2.4458356659326,-1.72933795109866
"897","2008-07-21",-2.40413236441067,-1.69985146391863
"898","2008-07-22",-2.52687194582375,-1.786634978934
"899","2008-07-23",-3.00624618500474,-2.12557846403468
"900","2008-07-24",-2.90543121636946,-2.05429683472156
"901","2008-07-25",-3.25154810929491,-2.29902017684524
"902","2008-07-28",-2.73041997272327,-1.93055443055193
"903","2008-07-29",-2.64199369462045,-1.86803227473927
"904","2008-07-30",-2.65635757774552,-1.87818831611168
"905","2008-07-31",-2.73908314926738,-1.93667976439323
"906","2008-08-01",-2.92866611898774,-2.07072516612892
"907","2008-08-04",-2.9368659715997,-2.0765229049193
"908","2008-08-05",-2.89088683858572,-2.04401317387432
"909","2008-08-06",-3.17423599158408,-2.24435633286774
"910","2008-08-07",-2.84526394494015,-2.0117553233085
"911","2008-08-08",-2.8622376796,-2.02375667071217
"912","2008-08-11",-3.22715827297635,-2.28177524491697
"913","2008-08-12",-2.89331537366176,-2.04573027937371
"914","2008-08-13",-2.7759481025598,-1.96274527798519
"915","2008-08-14",-2.82661458917207,-1.99856922125655
"916","2008-08-15",-2.53191916944924,-1.79020363871144
"917","2008-08-18",-2.499590617666,-1.76734560606373
"918","2008-08-19",-2.56106152005116,-1.81080885499072
"919","2008-08-20",-2.24392570490469,-1.58657670054781
"920","2008-08-21",-2.29879439229515,-1.62537182679155
"921","2008-08-22",-2.26875940481812,-1.60413546801721
"922","2008-08-25",-2.35007759919195,-1.66163182462213
"923","2008-08-26",-2.48859408589843,-1.75957046402087
"924","2008-08-27",-2.34790050874557,-1.66009250406011
"925","2008-08-28",-2.23151789954225,-1.57780371182989
"926","2008-08-29",-2.24928707438367,-1.59036747841527
"927","2008-09-02",-2.37630219061472,-1.68017402753099
"928","2008-09-03",-2.49554756570408,-1.76448694990241
"929","2008-09-04",-2.36676418057762,-1.67343013914761
"930","2008-09-05",-2.68190759419381,-1.89625355806994
"931","2008-09-08",-2.5379875045976,-1.79449427950069
"932","2008-09-09",-2.76914415732192,-1.95793452112162
"933","2008-09-10",-2.91876355167157,-2.06372351605418
"934","2008-09-11",-2.9351620021212,-2.07531810644174
"935","2008-09-12",-2.82318771392576,-1.99614623532186
"936","2008-09-15",-2.75126146300985,-1.94529049013764
"937","2008-09-16",-3.40321964299263,-2.4062601451629
"938","2008-09-17",-3.31062731533037,-2.34079236724257
"939","2008-09-18",-4.14065060426955,-2.92766367419562
"940","2008-09-19",-4.41880929314549,-3.12433689464176
"941","2008-09-22",-4.77128978311607,-3.37355964366712
"942","2008-09-23",-4.92622065854281,-3.48310414267181
"943","2008-09-24",-4.79125488429887,-3.38767604880988
"944","2008-09-25",-4.50342418914983,-3.18416419740242
"945","2008-09-26",-4.58207799066768,-3.23977668431541
"946","2008-09-29",-4.33518213910881,-3.0652079788146
"947","2008-09-30",-6.94611684912782,-4.91127987349155
"948","2008-10-01",-8.33350482269239,-5.89223812387679
"949","2008-10-02",-8.49156557283512,-6.00399561339591
"950","2008-10-03",-9.74135490139143,-6.88766418804908
"951","2008-10-06",-8.91776368685163,-6.30534070518661
"952","2008-10-07",-9.13210559731369,-6.45689201561845
"953","2008-10-08",-9.86679267133568,-6.97635546812454
"954","2008-10-09",-9.59567988661684,-6.78466408256958
"955","2008-10-10",-15.794637468571,-11.1676619891916
"956","2008-10-13",-16.7753414106671,-11.8610726583881
"957","2008-10-14",-29.9311289092658,-21.1629251560051
"958","2008-10-15",-27.6312765270751,-19.5368052731999
"959","2008-10-16",-33.1290976196382,-23.4240618032068
"960","2008-10-17",-32.2264456244201,-22.785838077178
"961","2008-10-20",-29.3016337106935,-20.7178380423905
"962","2008-10-21",-29.4905629297088,-20.8514212070592
"963","2008-10-22",-28.131403608607,-19.8904221390066
"964","2008-10-23",-30.3100754987548,-21.4308608672104
"965","2008-10-24",-28.8231489685154,-20.3795234797256
"966","2008-10-27",-27.1558446584667,-19.200649257079
"967","2008-10-28",-25.3192497672865,-17.9020774477173
"968","2008-10-29",-37.9021284709142,-26.7988524761234
"969","2008-10-30",-33.8021620741349,-23.8999547345713
"970","2008-10-31",-30.6902097423275,-21.6996363140153
"971","2008-11-03",-27.3806493424362,-19.3595983136278
"972","2008-11-04",-24.2842013189125,-17.1702422766423
"973","2008-11-05",-23.5599021699393,-16.6581236483491
"974","2008-11-06",-23.9884085321963,-16.961100796348
"975","2008-11-07",-24.5053044161605,-17.3265741114022
"976","2008-11-10",-23.0226209532926,-16.2782368017792
"977","2008-11-11",-20.6631359558085,-14.6099534383336
"978","2008-11-12",-18.944979885953,-13.3951242742578
"979","2008-11-13",-19.8993352002272,-14.0699050401102
"980","2008-11-14",-24.1505946998373,-17.0757751789125
"981","2008-11-17",-23.6212883734429,-16.701527010591
"982","2008-11-18",-21.8960219536829,-15.481670444999
"983","2008-11-19",-20.1926512015386,-14.2772952993159
"984","2008-11-20",-21.4340729592961,-15.1550475493597
"985","2008-11-21",-24.0428296339395,-16.9995794553585
"986","2008-11-24",-27.9399078071409,-19.7550242618868
"987","2008-11-25",-27.6735042488941,-19.5666625538616
"988","2008-11-26",-24.9196813465093,-17.6195609877051
"989","2008-11-28",-22.801526630725,-16.1219111711924
"990","2008-12-01",-20.936564867067,-14.8032824504799
"991","2008-12-02",-26.3025867572656,-18.5973498240163
"992","2008-12-03",-25.7928379044495,-18.2369298460993
"993","2008-12-04",-23.8683332908661,-16.8762011137112
"994","2008-12-05",-22.977305766472,-16.2461965165623
"995","2008-12-08",-21.6175183794517,-15.2847533719744
"996","2008-12-09",-21.619495578548,-15.2861513585529
"997","2008-12-10",-20.6641325657867,-14.6106580954296
"998","2008-12-11",-18.7177028990412,-13.2344271659637
"999","2008-12-12",-17.4377890451396,-12.3294589244261
"1000","2008-12-15",-15.841317195333,-11.2006670778657
"1001","2008-12-16",-14.1691803263052,-10.0183759749439
"1002","2008-12-17",-15.190498522193,-10.7405031157397
"1003","2008-12-18",-14.1444633921272,-10.0008997671577
"1004","2008-12-19",-14.0911662282887,-9.96321579296611
"1005","2008-12-22",-12.9181422021697,-9.13382443435059
"1006","2008-12-23",-11.7018650916419,-8.2738508083276
"1007","2008-12-24",-10.755457815254,-7.60468973465037
"1008","2008-12-26",-9.60499079477653,-6.79124739765654
"1009","2008-12-29",-8.62990799163349,-6.10181117737968
"1010","2008-12-30",-7.7604633438955,-5.48706684003287
"1011","2008-12-31",-7.81665645656622,-5.5267984065013
"1012","2009-01-02",-7.26683311282261,-5.13804359849042
"1013","2009-01-05",-7.99671941429634,-5.65411264544508
"1014","2009-01-06",-7.29944792281623,-5.16110403115784
"1015","2009-01-07",-6.80543722184731,-4.81181177684416
"1016","2009-01-08",-7.19544718629073,-5.08756989183652
"1017","2009-01-09",-6.47143829482071,-4.57565649127918
"1018","2009-01-12",-6.2824900607887,-4.4420598819665
"1019","2009-01-13",-6.05403644245909,-4.28053083169297
"1020","2009-01-14",-5.89495145251405,-4.16804914929948
"1021","2009-01-15",-6.8711202467725,-4.85825322396518
"1022","2009-01-16",-6.3812742500457,-4.51190564054714
"1023","2009-01-20",-6.03081472205164,-4.26411182082084
"1024","2009-01-21",-7.1273571169114,-5.03942653424683
"1025","2009-01-22",-8.99066445177734,-6.35688548442348
"1026","2009-01-23",-8.27996715506429,-5.85438410051285
"1027","2009-01-26",-8.50786308322677,-6.01551883370922
"1028","2009-01-27",-8.24381027612048,-5.82881923373879
"1029","2009-01-28",-7.52628447734239,-5.32148972996111
"1030","2009-01-29",-7.35559664232296,-5.20080420926101
"1031","2009-01-30",-7.87667671573636,-5.56923597230485
"1032","2009-02-02",-8.07129938303099,-5.70684471249317
"1033","2009-02-03",-7.56691868814344,-5.35022031224428
"1034","2009-02-04",-7.59213180152875,-5.36804734553597
"1035","2009-02-05",-7.07326304459274,-5.00117910270712
"1036","2009-02-06",-6.63381475659315,-4.69046542207508
"1037","2009-02-09",-6.84134974436235,-4.83720387042183
"1038","2009-02-10",-7.017805704374,-4.96196776711205
"1039","2009-02-11",-9.58969733869023,-6.78043409798073
"1040","2009-02-12",-8.80079018074381,-6.22263411692194
"1041","2009-02-13",-9.19977964606801,-6.50474122415091
"1042","2009-02-17",-8.39886349658062,-5.93845023729174
"1043","2009-02-18",-9.47823288498044,-6.70162270738581
"1044","2009-02-19",-8.64557458103008,-6.11288830246423
"1045","2009-02-20",-8.13334448573331,-5.75071395206534
"1046","2009-02-23",-8.00400803374032,-5.6592660931567
"1047","2009-02-24",-8.84270575319598,-6.2522706911175
"1048","2009-02-25",-8.90608607322925,-6.29708400147723
"1049","2009-02-26",-8.73361158121572,-6.17513521775887
"1050","2009-02-27",-8.82639415512622,-6.24073751005468
"1051","2009-03-02",-9.33076160979745,-6.59735254875533
"1052","2009-03-03",-11.8092916244671,-8.34980717071005
"1053","2009-03-04",-11.2394324676932,-7.9468859604601
"1054","2009-03-05",-11.4436433899754,-8.09127411492619
"1055","2009-03-06",-13.0511046183999,-9.22783604586619
"1056","2009-03-09",-12.5991070335762,-8.9082493344088
"1057","2009-03-10",-12.4169880177425,-8.77948135130809
"1058","2009-03-11",-16.6002337013686,-11.7372620477907
"1059","2009-03-12",-15.2691418033232,-10.7961081641703
"1060","2009-03-13",-16.0285846557416,-11.3330752894236
"1061","2009-03-16",-15.8036802604829,-11.1740557316065
"1062","2009-03-17",-14.3678978683055,-10.1588800127731
"1063","2009-03-18",-13.4316316899535,-9.49688924327599
"1064","2009-03-19",-12.2556402181326,-8.66539974023413
"1065","2009-03-20",-11.6383605886546,-8.22894969391043
"1066","2009-03-23",-11.3378834774221,-8.01649614311445
"1067","2009-03-24",-15.4993235266694,-10.9588590780507
"1068","2009-03-25",-14.0700089527444,-9.948256456143
"1069","2009-03-26",-12.9613005609332,-9.16433972560927
"1070","2009-03-27",-12.4239088232065,-8.78437473466483
"1071","2009-03-30",-11.6547123036952,-8.24051123983896
"1072","2009-03-31",-12.7226683328935,-8.99561384837546
"1073","2009-04-01",-11.5615966149825,-8.17467341738158
"1074","2009-04-02",-10.8834307203538,-7.69517349224049
"1075","2009-04-03",-11.2675133751108,-7.96674067906398
"1076","2009-04-06",-10.2995020754904,-7.28230439381277
"1077","2009-04-07",-9.40314095717362,-6.6485286576153
"1078","2009-04-08",-9.53922865419283,-6.74475001149077
"1079","2009-04-09",-8.74909217502091,-6.18608083391197
"1080","2009-04-13",-9.42997253000137,-6.66750002916941
"1081","2009-04-14",-9.39169132169419,-6.64043314676941
"1082","2009-04-15",-9.02401655119041,-6.38046722054222
"1083","2009-04-16",-8.75660137794049,-6.19139024605776
"1084","2009-04-17",-8.35766911107801,-5.90932358123135
"1085","2009-04-20",-7.68370409920273,-5.43279390714789
"1086","2009-04-21",-8.57178379218575,-6.06071422823372
"1087","2009-04-22",-8.9678900159969,-6.340782727947
"1088","2009-04-23",-8.53552932190687,-6.03508035911343
"1089","2009-04-24",-7.94861021566856,-5.62009684293521
"1090","2009-04-27",-7.47533711237122,-5.28546719051567
"1091","2009-04-28",-6.94698354411688,-4.91189267367166
"1092","2009-04-29",-6.39747415793498,-4.52335985061834
"1093","2009-04-30",-6.40817536326448,-4.53092618091459
"1094","2009-05-01",-6.2757130973294,-4.43726820267806
"1095","2009-05-04",-6.00303504589737,-4.24447008899399
"1096","2009-05-05",-6.04607008563747,-4.27489818704088
"1097","2009-05-06",-5.65373842416001,-3.99749850681672
"1098","2009-05-07",-5.58915934500461,-3.95183760899517
"1099","2009-05-08",-5.3636739873732,-3.79240727939436
"1100","2009-05-11",-5.69016396423687,-4.02325333152615
"1101","2009-05-12",-5.71749297085791,-4.04257641564577
"1102","2009-05-13",-5.79651123792417,-4.09844659939159
"1103","2009-05-14",-6.11545381738165,-4.32395623381211
"1104","2009-05-15",-5.78223155736559,-4.0883500937827
"1105","2009-05-18",-5.39778347834353,-3.81652453226186
"1106","2009-05-19",-5.96892993367642,-4.22035593213885
"1107","2009-05-20",-5.50415098220193,-3.89173210395119
"1108","2009-05-21",-5.15113757561345,-3.64213255408639
"1109","2009-05-22",-5.21770652773065,-3.68920039959401
"1110","2009-05-26",-4.8625481556487,-3.43808424324442
"1111","2009-05-27",-4.89933145444704,-3.46409202269771
"1112","2009-05-28",-5.03581954893141,-3.56059647921236
"1113","2009-05-29",-4.79878664484403,-3.39300141041564
"1114","2009-06-01",-4.95744872017784,-3.5051840693312
"1115","2009-06-02",-5.83088539813377,-4.12275098770991
"1116","2009-06-03",-5.43711911059112,-3.84433694935255
"1117","2009-06-04",-5.17432636430001,-3.65852828045273
"1118","2009-06-05",-5.08012157171009,-3.59192040271577
"1119","2009-06-08",-4.82867364046976,-3.4141331309559
"1120","2009-06-09",-4.41332231895765,-3.1204573074594
"1121","2009-06-10",-4.12447730754648,-2.91622827965658
"1122","2009-06-11",-3.84828390719793,-2.72094462437322
"1123","2009-06-12",-3.68298188079783,-2.60406716133312
"1124","2009-06-15",-3.4133399015479,-2.41341571470436
"1125","2009-06-16",-3.93375018555635,-2.7813739004538
"1126","2009-06-17",-3.93664925521059,-2.78342369932042
"1127","2009-06-18",-3.82337257647193,-2.70333096772536
"1128","2009-06-19",-3.85056477130033,-2.72255731851638
"1129","2009-06-22",-3.62759266567126,-2.56490399385865
"1130","2009-06-23",-4.35661558068378,-3.08036257994113
"1131","2009-06-24",-4.2382883499427,-2.99669883522632
"1132","2009-06-25",-4.12175720654467,-2.91430502129595
"1133","2009-06-26",-4.37646711657006,-3.09439868828395
"1134","2009-06-29",-4.09275066817761,-2.89379583160391
"1135","2009-06-30",-3.97356859462836,-2.80952766684119
"1136","2009-07-01",-3.91450078554617,-2.76776353470555
"1137","2009-07-02",-3.74146954498227,-2.64542109968396
"1138","2009-07-06",-4.54689782423302,-3.21490240605183
"1139","2009-07-07",-4.30194370655911,-3.04170661130907
"1140","2009-07-08",-4.66614116835383,-3.29921389241875
"1141","2009-07-09",-4.37986016336628,-3.09679775567685
"1142","2009-07-10",-4.13800383623878,-2.92579226620729
"1143","2009-07-13",-3.98291761100281,-2.81613792649476
"1144","2009-07-14",-4.49422919296722,-3.17766283834536
"1145","2009-07-15",-4.18608103792999,-2.95978544515439
"1146","2009-07-16",-5.18488997332266,-3.66599732272646
"1147","2009-07-17",-4.89935333284574,-3.46410749190756
"1148","2009-07-20",-4.92790294236273,-3.48429360821719
"1149","2009-07-21",-4.93395164085674,-3.48857036483096
"1150","2009-07-22",-5.17628315143979,-3.65991183467519
"1151","2009-07-23",-5.00564915684959,-3.53926438206725
"1152","2009-07-24",-5.12096387106801,-3.62079811485056
"1153","2009-07-27",-4.8546464518713,-3.43249731178744
"1154","2009-07-28",-4.5208822698593,-3.19650800362978
"1155","2009-07-29",-4.26555379074727,-3.01597697487958
"1156","2009-07-30",-4.06894858302889,-2.87696647150573
"1157","2009-07-31",-4.17735506162613,-2.95361570849021
"1158","2009-08-03",-3.99464904779788,-2.82443268609501
"1159","2009-08-04",-3.83798515292962,-2.71366284871948
"1160","2009-08-05",-3.67020522799152,-2.59503337754555
"1161","2009-08-06",-3.59756649889479,-2.54367387179615
"1162","2009-08-07",-3.67879916756228,-2.60110975710619
"1163","2009-08-10",-3.57943996476841,-2.53085743289011
"1164","2009-08-11",-3.35693773162564,-2.37353633346486
"1165","2009-08-12",-3.34215970091901,-2.36308746737814
"1166","2009-08-13",-3.50043875495373,-2.47499930954267
"1167","2009-08-14",-3.28117053988919,-2.31996483561525
"1168","2009-08-17",-3.18633413962062,-2.25291037712714
"1169","2009-08-18",-3.42541352672079,-2.42195241997432
"1170","2009-08-19",-3.24069622140463,-2.29134730583795
"1171","2009-08-20",-3.2300790793514,-2.28384041281951
"1172","2009-08-21",-3.13383800079674,-2.21579277089596
"1173","2009-08-24",-3.42252016491715,-2.41990665686644
"1174","2009-08-25",-3.33524081403092,-2.35819544055818
"1175","2009-08-26",-3.14562729809716,-2.22412844099938
"1176","2009-08-27",-2.96215191814381,-2.09440143518904
"1177","2009-08-28",-2.99842216929238,-2.12004646223675
"1178","2009-08-31",-2.88480365467097,-2.03971203420504
"1179","2009-09-01",-2.85953663787402,-2.02184688828922
"1180","2009-09-02",-3.0948594688998,-2.18823284304537
"1181","2009-09-03",-3.0345297913215,-2.14557650171104
"1182","2009-09-04",-2.92904349707678,-2.07099199282557
"1183","2009-09-08",-2.929729598372,-2.07147710350763
"1184","2009-09-09",-3.09320926373324,-2.18706605884095
"1185","2009-09-10",-3.02581093294491,-2.13941179780599
"1186","2009-09-11",-3.05141216422898,-2.15751325142001
"1187","2009-09-14",-2.98226915918971,-2.10862541143432
"1188","2009-09-15",-2.92843041897805,-2.07055851348847
"1189","2009-09-16",-2.97840255726378,-2.10589151498108
"1190","2009-09-17",-3.11446169929476,-2.20209267893719
"1191","2009-09-18",-2.97173414463613,-2.10117658699503
"1192","2009-09-21",-2.87230377719292,-2.03087394552722
"1193","2009-09-22",-2.74574378062158,-1.94138919059857
"1194","2009-09-23",-2.63237705659147,-1.86123279211779
"1195","2009-09-24",-2.57288226986141,-1.81916676371781
"1196","2009-09-25",-2.50351398779284,-1.7701196407019
"1197","2009-09-28",-2.39735262011052,-1.69505781842548
"1198","2009-09-29",-2.4416723874215,-1.72639428827187
"1199","2009-09-30",-2.34516584779324,-1.65815895102785
"1200","2009-10-01",-2.24598347249983,-1.58803165340763
"1201","2009-10-02",-2.66477725014383,-1.88414147936668
"1202","2009-10-05",-2.66859617281297,-1.88684166400952
"1203","2009-10-06",-2.7163997215575,-1.92064135553932
"1204","2009-10-07",-2.75365131917548,-1.94698024755776
"1205","2009-10-08",-2.59640994980679,-1.8358021045126
"1206","2009-10-09",-2.50089402671889,-1.76826718668028
"1207","2009-10-12",-2.4374263848325,-1.72339213505287
"1208","2009-10-13",-2.34919118063501,-1.66100507881397
"1209","2009-10-14",-2.20573462722737,-1.55957354537239
"1210","2009-10-15",-2.4219413446589,-1.7124433750771
"1211","2009-10-16",-2.32570458044089,-1.64439878362263
"1212","2009-10-19",-2.51138276667969,-1.7756832924825
"1213","2009-10-20",-2.53219481912895,-1.79039853792686
"1214","2009-10-21",-2.50396137475201,-1.77043596745193
"1215","2009-10-22",-2.4885235475146,-1.7595205895727
"1216","2009-10-23",-2.4084205816754,-1.702883465194
"1217","2009-10-26",-2.47318797019567,-1.74867750790984
"1218","2009-10-27",-2.50948883306421,-1.77434417909736
"1219","2009-10-28",-2.45034903729192,-1.73252914848276
"1220","2009-10-29",-2.59716809904309,-1.83633815698137
"1221","2009-10-30",-3.05584755799179,-2.16064931443067
"1222","2009-11-02",-3.69635231951106,-2.61352078383592
"1223","2009-11-03",-3.5164954974426,-2.48635229394133
"1224","2009-11-04",-3.312149700867,-2.34186877606323
"1225","2009-11-05",-3.30325771681995,-2.33558166295612
"1226","2009-11-06",-3.52238877745501,-2.49051916129218
"1227","2009-11-09",-3.48157465641189,-2.46166137274828
"1228","2009-11-10",-3.72570763408204,-2.63427657714662
"1229","2009-11-11",-3.45785836533516,-2.44489267369398
"1230","2009-11-12",-3.20554584670034,-2.26649409193722
"1231","2009-11-13",-3.11413424476085,-2.20186115089112
"1232","2009-11-16",-2.95837923745773,-2.09173394612643
"1233","2009-11-17",-3.13815724633059,-2.21884671083389
"1234","2009-11-18",-2.925080100324,-2.06818965720044
"1235","2009-11-19",-2.76947886085707,-1.95817117460319
"1236","2009-11-20",-2.71452254472591,-1.91931409010567
"1237","2009-11-23",-2.6178203234051,-1.8509403953334
"1238","2009-11-24",-2.71343574272978,-1.91854566238037
"1239","2009-11-25",-2.53208052398911,-1.79031772508825
"1240","2009-11-27",-2.39416514854963,-1.69280410383006
"1241","2009-11-30",-2.50488543367492,-1.77108932703234
"1242","2009-12-01",-2.33537261876412,-1.65123460902902
"1243","2009-12-02",-2.40764423944595,-1.7023345492962
"1244","2009-12-03",-2.25674621980369,-1.59564149720454
"1245","2009-12-04",-2.21856034181867,-1.56864201849249
"1246","2009-12-07",-2.12460189473816,-1.5022083203394
"1247","2009-12-08",-2.01898386995944,-1.42753067084971
"1248","2009-12-09",-2.06423923564523,-1.45952865929241
"1249","2009-12-10",-1.99411904762143,-1.40994989814475
"1250","2009-12-11",-1.92168900221952,-1.35873794304164
"1251","2009-12-14",-1.90647349979577,-1.34797976081667
"1252","2009-12-15",-1.9904003152616,-1.40732055346333
"1253","2009-12-16",-1.92843761714679,-1.36350957838641
"1254","2009-12-17",-1.83987682122121,-1.30089231120579
"1255","2009-12-18",-1.93721006266903,-1.36971217129847
"1256","2009-12-21",-1.83544397712878,-1.29775805094982
"1257","2009-12-22",-1.73897569072054,-1.22954976079898
"1258","2009-12-23",-1.64019644536594,-1.15970749782443
"1259","2009-12-24",-1.55004538908743,-1.09596583066111
"1260","2009-12-28",-1.47668118686816,-1.04409337622068
"1261","2009-12-29",-1.41222240267159,-0.998517533433914
"1262","2009-12-30",-1.34742995212799,-0.952705770513609
"1263","2009-12-31",-1.27481422263182,-0.901362526724348
"1264","2010-01-04",-1.44123242194801,-1.01902918431692
"1265","2010-01-05",-1.82327129890088,-1.28915130981868
"1266","2010-01-06",-1.82624737893762,-1.29125555918617
"1267","2010-01-07",-1.77399500458491,-1.25431030760538
"1268","2010-01-08",-1.94383313870436,-1.37439504386445
"1269","2010-01-11",-1.92051489398648,-1.35790778509015
"1270","2010-01-12",-2.14612805796062,-1.51742848067996
"1271","2010-01-13",-2.09106823562913,-1.47849821170692
"1272","2010-01-14",-2.09522671742286,-1.48143848299539
"1273","2010-01-15",-2.02782115839077,-1.43377911120159
"1274","2010-01-19",-2.08069123953149,-1.47116111485287
"1275","2010-01-20",-2.07566719260113,-1.467608842251
"1276","2010-01-21",-2.27681547625672,-1.60983154575031
"1277","2010-01-22",-2.74733904397407,-1.94251712797224
"1278","2010-01-25",-3.00021948391716,-2.12131726077567
"1279","2010-01-26",-2.788235333947,-1.97143301438865
"1280","2010-01-27",-2.56847638606915,-1.81605156585059
"1281","2010-01-28",-2.68013506614446,-1.89500028497894
"1282","2010-01-29",-2.6586981439252,-1.87984322284885
"1283","2010-02-01",-2.55782850820623,-1.8085229409542
"1284","2010-02-02",-2.58566795660321,-1.82820693498582
"1285","2010-02-03",-2.72779846548887,-1.92870088331134
"1286","2010-02-04",-2.60507995338235,-1.84193226543396
"1287","2010-02-05",-3.63616109073212,-2.57096233328239
"1288","2010-02-08",-3.36552096285422,-2.37960514164907
"1289","2010-02-09",-3.22776835036401,-2.28220660258923
"1290","2010-02-10",-3.41602909228764,-2.4153171178398
"1291","2010-02-11",-3.15121618113714,-2.2280800832458
"1292","2010-02-12",-3.13413155101842,-2.21600032676161
"1293","2010-02-16",-2.95776218295954,-2.09129765526009
"1294","2010-02-17",-3.22504095614247,-2.28027818752823
"1295","2010-02-18",-3.05827137440685,-2.16236308358182
"1296","2010-02-19",-2.90945185402164,-2.05713964275498
"1297","2010-02-22",-2.70063245188989,-1.90949304406395
"1298","2010-02-23",-2.55459029251028,-1.80623334751387
"1299","2010-02-24",-2.56480349208325,-1.81345463137594
"1300","2010-02-25",-2.47608167267827,-1.75072351189615
"1301","2010-02-26",-2.55695366401953,-1.8079043788511
"1302","2010-03-01",-2.3938795462933,-1.69260216760529
"1303","2010-03-02",-2.3194268810122,-1.63996011097637
"1304","2010-03-03",-2.17369453624563,-1.53691947009532
"1305","2010-03-04",-2.05438283079375,-1.45255964857413
"1306","2010-03-05",-1.94799285261952,-1.37733618632933
"1307","2010-03-08",-2.01539501556923,-1.42499315690941
"1308","2010-03-09",-1.92850849755817,-1.36355969466654
"1309","2010-03-10",-1.86062788356676,-1.31556443335186
"1310","2010-03-11",-1.79655398494833,-1.27026072546212
"1311","2010-03-12",-1.74084381311608,-1.23087062425718
"1312","2010-03-15",-1.78226868135673,-1.2601602440651
"1313","2010-03-16",-1.73825451960991,-1.22903985386278
"1314","2010-03-17",-1.78861173921093,-1.26464512864916
"1315","2010-03-18",-1.73700386280796,-1.22815557193757
"1316","2010-03-19",-1.66685836383351,-1.17855891458038
"1317","2010-03-22",-1.63748184867254,-1.15778813130721
"1318","2010-03-23",-1.57109918405585,-1.11085200112655
"1319","2010-03-24",-1.6520589644165,-1.16809493966097
"1320","2010-03-25",-1.6790721228342,-1.18719470203727
"1321","2010-03-26",-1.58730220174174,-1.12230840999197
"1322","2010-03-29",-1.50933731866647,-1.06718302563642
"1323","2010-03-30",-1.50269358627785,-1.0624855479127
"1324","2010-03-31",-1.42637087482778,-1.00852126761383
"1325","2010-04-01",-1.38973746217274,-0.982619465761396
"1326","2010-04-05",-1.3740159701255,-0.971503521536734
"1327","2010-04-06",-1.38660685822848,-0.980405959643189
"1328","2010-04-07",-1.35077208118205,-0.955068836312
"1329","2010-04-08",-1.3733544612592,-0.971035799030511
"1330","2010-04-09",-1.30969838285203,-0.926027512602707
"1331","2010-04-12",-1.37515871767304,-0.972311505789318
"1332","2010-04-13",-1.34047707706605,-0.94778971221855
"1333","2010-04-14",-1.29677916694059,-0.916892928997901
"1334","2010-04-15",-1.33797953218358,-0.94602381305779
"1335","2010-04-16",-1.32179642678256,-0.934581483253529
"1336","2010-04-19",-1.43295500638022,-1.01317660432646
"1337","2010-04-20",-1.38342234767047,-0.978154338636775
"1338","2010-04-21",-1.40259353847551,-0.991709406251781
"1339","2010-04-22",-1.5627754895709,-1.10496669944145
"1340","2010-04-23",-1.54055837820203,-1.0892580014332
"1341","2010-04-26",-1.66306367155956,-1.17587586213598
"1342","2010-04-27",-1.64427395304809,-1.16259051604142
"1343","2010-04-28",-2.21579239678387,-1.56668493181578
"1344","2010-04-29",-2.1310051700652,-1.50673578192999
"1345","2010-04-30",-2.2507866143763,-1.5914277342021
"1346","2010-05-03",-2.40430827202626,-1.69997584010619
"1347","2010-05-04",-2.42358943558171,-1.71360866439697
"1348","2010-05-05",-2.90403101543751,-2.05330681701738
"1349","2010-05-06",-2.80343314372238,-1.98217868695539
"1350","2010-05-07",-4.13322375234773,-2.92241248865422
"1351","2010-05-10",-4.06652904939309,-2.87525573051089
"1352","2010-05-11",-6.18976741436169,-4.37649996163907
"1353","2010-05-12",-5.62304005781424,-3.9757931033434
"1354","2010-05-13",-5.58557967572081,-3.94930658942133
"1355","2010-05-14",-5.22073378128222,-3.69134083140111
"1356","2010-05-17",-5.0598828587129,-3.57761053923846
"1357","2010-05-18",-4.65215873944398,-3.28932755978442
"1358","2010-05-19",-4.39262969325015,-3.10582650317345
"1359","2010-05-20",-4.13630221761506,-2.92458912991106
"1360","2010-05-21",-6.10047277857673,-4.31336383003246
"1361","2010-05-24",-5.6482208039507,-3.99359725124153
"1362","2010-05-25",-5.32397366824345,-3.76433700897592
"1363","2010-05-26",-4.92751854229033,-3.48402181659895
"1364","2010-05-27",-4.59062743872431,-3.24582160597193
"1365","2010-05-28",-5.48591020737981,-3.87883489070146
"1366","2010-06-01",-5.12974194771522,-3.62700468927218
"1367","2010-06-02",-4.99192372165149,-3.5295597578711
"1368","2010-06-03",-5.2355592155192,-3.70182321434476
"1369","2010-06-04",-4.7686452260708,-3.37168979896499
"1370","2010-06-07",-6.26878529497344,-4.43236987214067
"1371","2010-06-08",-5.96106998436474,-4.21479852334491
"1372","2010-06-09",-5.80879085384824,-4.1071289512512
"1373","2010-06-10",-5.36449689535417,-3.79298911979418
"1374","2010-06-11",-6.23385065515612,-4.40766919446002
"1375","2010-06-14",-5.75742145633933,-4.07080801200144
"1376","2010-06-15",-5.24221076410735,-3.70652621854381
"1377","2010-06-16",-5.41028187717449,-3.8253615754563
"1378","2010-06-17",-4.94109208834681,-3.49361904696623
"1379","2010-06-18",-4.51472652238214,-3.19215555760166
"1380","2010-06-21",-4.14570717674687,-2.93123894411637
"1381","2010-06-22",-3.80422288921881,-2.68979110428328
"1382","2010-06-23",-3.87025190371667,-2.73647718472412
"1383","2010-06-24",-3.73888442446575,-2.64359327981869
"1384","2010-06-25",-3.68800869388477,-2.60762138975713
"1385","2010-06-28",-3.72133103158613,-2.63118208273783
"1386","2010-06-29",-3.53304434624105,-2.49805322408671
"1387","2010-06-30",-4.53264516137686,-3.20482500341816
"1388","2010-07-01",-4.21822737680043,-2.98251464342877
"1389","2010-07-02",-3.98715981107178,-2.81913739112667
"1390","2010-07-06",-3.70123154157076,-2.61697065743013
"1391","2010-07-07",-3.48284596013467,-2.46256025316196
"1392","2010-07-08",-4.38513863333537,-3.10052991911221
"1393","2010-07-09",-4.26873187317917,-3.01822405085356
"1394","2010-07-12",-3.98603479490496,-2.81834194391818
"1395","2010-07-13",-3.66239035417473,-2.58950783956168
"1396","2010-07-14",-3.62433059068858,-2.56259753061361
"1397","2010-07-15",-3.3175705825347,-2.34570163226324
"1398","2010-07-16",-3.04476250715365,-2.15281158462271
"1399","2010-07-19",-3.80243058061059,-2.68852384526852
"1400","2010-07-20",-3.55819528612945,-2.51583629735718
"1401","2010-07-21",-3.58184989681349,-2.53256138504159
"1402","2010-07-22",-3.44527786650863,-2.43599758136726
"1403","2010-07-23",-3.71700712392383,-2.62812484642322
"1404","2010-07-26",-3.65694058899484,-2.58565456115813
"1405","2010-07-27",-3.55417897304474,-2.5129965470266
"1406","2010-07-28",-3.29908933025132,-2.3326343884567
"1407","2010-07-29",-3.08811758690721,-2.18346596824916
"1408","2010-07-30",-2.92901324316871,-2.07097060167811
"1409","2010-08-02",-2.76033883406687,-1.95170868187626
"1410","2010-08-03",-3.2261302761161,-2.28104839559965
"1411","2010-08-04",-3.20837198664259,-2.26849232555746
"1412","2010-08-05",-2.95942561913439,-2.09247379450218
"1413","2010-08-06",-2.72306887708597,-1.92535680879639
"1414","2010-08-09",-2.54636572081142,-1.80041813099361
"1415","2010-08-10",-2.42267388611039,-1.71296132145855
"1416","2010-08-11",-2.27404991681246,-1.60787614581498
"1417","2010-08-12",-3.07443275933377,-2.17379005583745
"1418","2010-08-13",-2.94019012548413,-2.07887326130166
"1419","2010-08-16",-2.72278087355393,-1.92515317473996
"1420","2010-08-17",-2.52318787820561,-1.78403014409771
"1421","2010-08-18",-2.49726047632351,-1.76569807024965
"1422","2010-08-19",-2.3721394957051,-1.67723077734197
"1423","2010-08-20",-2.58827932078637,-1.83005331054121
"1424","2010-08-23",-2.49304592494975,-1.76271815473896
"1425","2010-08-24",-2.44600319029295,-1.72945639987186
"1426","2010-08-25",-2.68483446957676,-1.89832301708895
"1427","2010-08-26",-2.49775766910707,-1.76604961240826
"1428","2010-08-27",-2.43385468666662,-1.72086675149004
"1429","2010-08-30",-2.75337264269274,-1.94678320822907
"1430","2010-08-31",-2.81668408327846,-1.9915478170982
"1431","2010-09-01",-2.64427007687661,-1.869641799975
"1432","2010-09-02",-3.46597847052395,-2.45063402674786
"1433","2010-09-03",-3.22988244723192,-2.28370138328807
"1434","2010-09-07",-3.15988018489102,-2.23420600196909
"1435","2010-09-08",-3.0221856616069,-2.13684853511619
"1436","2010-09-09",-2.87825018622276,-2.03507837796367
"1437","2010-09-10",-2.7094512425464,-1.9157284054897
"1438","2010-09-13",-2.62291477269535,-1.85454244620717
"1439","2010-09-14",-2.49952568651215,-1.76729969623008
"1440","2010-09-15",-2.37537632465581,-1.6795193902785
"1441","2010-09-16",-2.24785878671707,-1.58935760187231
"1442","2010-09-17",-2.09487595630961,-1.4811904759386
"1443","2010-09-20",-1.99847761265943,-1.41303163909633
"1444","2010-09-21",-2.07802877299375,-1.46927860717201
"1445","2010-09-22",-1.96279671579237,-1.38780331736527
"1446","2010-09-23",-1.85071687570074,-1.30855681535238
"1447","2010-09-24",-1.92157351311232,-1.35865628600359
"1448","2010-09-27",-2.43011956047943,-1.71822581548701
"1449","2010-09-28",-2.32972353325327,-1.64724040038329
"1450","2010-09-29",-2.20944893482642,-1.56219976150889
"1451","2010-09-30",-2.10373243273982,-1.48745248324232
"1452","2010-10-01",-2.02960419437289,-1.43503981396875
"1453","2010-10-04",-1.96948443999863,-1.3925318996807
"1454","2010-10-05",-1.92731357956622,-1.36271482309127
"1455","2010-10-06",-2.44163510089614,-1.72636792468405
"1456","2010-10-07",-2.33625798759296,-1.6518606126227
"1457","2010-10-08",-2.19376563363819,-1.55111082028479
"1458","2010-10-11",-2.15425155260013,-1.52317223025861
"1459","2010-10-12",-2.01582955711777,-1.42530040126017
"1460","2010-10-13",-1.8937876914271,-1.33901020895434
"1461","2010-10-14",-1.88846866215313,-1.33524936789924
"1462","2010-10-15",-1.77342853842852,-1.25390978542971
"1463","2010-10-18",-1.91870744115064,-1.3566298182883
"1464","2010-10-19",-1.89805826099955,-1.34202973235786
"1465","2010-10-20",-2.27377652378034,-1.60768284217133
"1466","2010-10-21",-2.36339008240673,-1.67104446945651
"1467","2010-10-22",-2.21972860460722,-1.56946804339892
"1468","2010-10-25",-2.05771737676528,-1.4549173527235
"1469","2010-10-26",-1.9386347707358,-1.37071951687095
"1470","2010-10-27",-1.85673338370452,-1.31281081155047
"1471","2010-10-28",-1.81428817433879,-1.2827997554436
"1472","2010-10-29",-1.71893395058289,-1.21537916777474
"1473","2010-11-01",-1.75786630401874,-1.24290644495856
"1474","2010-11-02",-1.67294935901768,-1.18286557723915
"1475","2010-11-03",-1.61873992969331,-1.14453658206428
"1476","2010-11-04",-1.52553550014511,-1.07863601504203
"1477","2010-11-05",-2.03738139450192,-1.44053871462007
"1478","2010-11-08",-1.97908726179348,-1.39932161347823
"1479","2010-11-09",-1.86193514487124,-1.31648873771838
"1480","2010-11-10",-1.83571633175805,-1.29795062038657
"1481","2010-11-11",-1.81245098427189,-1.28150076281285
"1482","2010-11-12",-1.79013157984501,-1.26571973808623
"1483","2010-11-15",-1.87950619616516,-1.32891242025214
"1484","2010-11-16",-1.77509063606321,-1.25508497825158
"1485","2010-11-17",-2.0910622039833,-1.47849394700747
"1486","2010-11-18",-1.96639575960738,-1.39034803577937
"1487","2010-11-19",-2.36526017775391,-1.67236672789811
"1488","2010-11-22",-2.22128893824081,-1.57057128357427
"1489","2010-11-23",-2.09903773765989,-1.4841330801918
"1490","2010-11-24",-2.36373377705555,-1.67128748014119
"1491","2010-11-26",-2.55827649527793,-1.80883969201622
"1492","2010-11-29",-2.50887046986739,-1.77390696291039
"1493","2010-11-30",-2.34993934229538,-1.66153406952698
"1494","2010-12-01",-2.29624783140341,-1.62357127066416
"1495","2010-12-02",-3.09223664876499,-2.18637836751326
"1496","2010-12-03",-2.98169852330657,-2.10822194103656
"1497","2010-12-06",-2.74441667799123,-1.94045085734273
"1498","2010-12-07",-2.54533491299563,-1.79968929417887
"1499","2010-12-08",-2.43972299137568,-1.72501595995214
"1500","2010-12-09",-2.31160747252301,-1.63443136673413
"1501","2010-12-10",-2.16752416224201,-1.5325566823228
"1502","2010-12-13",-2.1562865743555,-1.52461110058089
"1503","2010-12-14",-2.08332767527232,-1.47302521735401
"1504","2010-12-15",-2.02891795437557,-1.43455460521681
"1505","2010-12-16",-1.9422608622584,-1.37328335947556
"1506","2010-12-17",-1.90673816640382,-1.34816689440706
"1507","2010-12-20",-1.81119514395158,-1.28061281586012
"1508","2010-12-21",-1.73772073374512,-1.22866243841881
"1509","2010-12-22",-1.69366441882235,-1.19751224364379
"1510","2010-12-23",-1.6205166267328,-1.14579280285654
"1511","2010-12-27",-1.53553569269409,-1.08570669143053
"1512","2010-12-28",-1.49727579971875,-1.05865488012169
"1513","2010-12-29",-1.43355861522895,-1.01360338839224
"1514","2010-12-30",-1.36131415895395,-0.962522654828229
"1515","2010-12-31",-1.29144727886665,-0.913122996076518
"1516","2011-01-03",-1.22912260441642,-0.869056084174836
"1517","2011-01-04",-1.25888864215213,-0.890102280952156
"1518","2011-01-05",-1.28346117174682,-0.907476386896587
"1519","2011-01-06",-1.22735544929836,-0.86780661003653
"1520","2011-01-07",-1.24891366106954,-0.883049430432438
"1521","2011-01-10",-1.2010419498188,-0.849201544328293
"1522","2011-01-11",-1.1768031712132,-0.832063418363907
"1523","2011-01-12",-1.16154932419005,-0.821278124435613
"1524","2011-01-13",-1.18968138517674,-0.841169011376439
"1525","2011-01-14",-1.43204266818568,-1.01253153193421
"1526","2011-01-18",-1.38892686779371,-0.982046331743385
"1527","2011-01-19",-1.45906757679092,-1.03163960232789
"1528","2011-01-20",-1.5219334059614,-1.07608913985246
"1529","2011-01-21",-1.47732910605422,-1.04455149008879
"1530","2011-01-24",-1.74459245210205,-1.23352111453897
"1531","2011-01-25",-1.81882327027644,-1.28600631327824
"1532","2011-01-26",-1.70819083189202,-1.20778320246765
"1533","2011-01-27",-1.6798026760874,-1.18771124265512
"1534","2011-01-28",-1.68667714889759,-1.19257186632255
"1535","2011-01-31",-1.75913000362841,-1.24379994885346
"1536","2011-02-01",-1.81003669006688,-1.27979372637864
"1537","2011-02-02",-2.05421325159149,-1.45243974691668
"1538","2011-02-03",-1.91758695515672,-1.3558375741568
"1539","2011-02-04",-1.83635128313552,-1.29839956531343
"1540","2011-02-07",-1.72085976840217,-1.2167408250145
"1541","2011-02-08",-1.68826514880587,-1.19369466804875
"1542","2011-02-09",-1.62680923492094,-1.15024201680117
"1543","2011-02-10",-1.58311495821721,-1.11934780260598
"1544","2011-02-11",-1.49648156862474,-1.05809331583021
"1545","2011-02-14",-1.45839912518963,-1.03116697093296
"1546","2011-02-15",-1.45662490557508,-1.02991250181397
"1547","2011-02-16",-1.46104640927479,-1.03303874379962
"1548","2011-02-17",-1.39037045924247,-0.983067028887106
"1549","2011-02-18",-1.34806572119322,-0.953155293589893
"1550","2011-02-22",-1.35267426067206,-0.956413779975916
"1551","2011-02-23",-1.76642573675231,-1.24895842632109
"1552","2011-02-24",-1.83147252287313,-1.29495001823487
"1553","2011-02-25",-1.78785902165928,-1.26411291667488
"1554","2011-02-28",-1.74066717876894,-1.23074573423115
"1555","2011-03-01",-1.66460393011656,-1.17696490814762
"1556","2011-03-02",-1.93441502285413,-1.36773592714843
"1557","2011-03-03",-1.81098440937588,-1.28046381513025
"1558","2011-03-04",-2.10688825871077,-1.489683822696
"1559","2011-03-07",-2.08489709133901,-1.47413487930023
"1560","2011-03-08",-2.01203043793713,-1.42261421875358
"1561","2011-03-09",-1.98692505194889,-1.40486335455154
"1562","2011-03-10",-1.96271748897231,-1.38774729972329
"1563","2011-03-11",-2.68253793742988,-1.89669924479188
"1564","2011-03-14",-2.5070321164604,-1.77260714773534
"1565","2011-03-15",-2.43998358302223,-1.72520021232461
"1566","2011-03-16",-2.52216667675881,-1.78330809950483
"1567","2011-03-17",-3.21631626488099,-2.27410935945843
"1568","2011-03-18",-3.299740034678,-2.3330944716404
"1569","2011-03-21",-3.08871467713457,-2.18388814329746
"1570","2011-03-22",-3.32536216264124,-2.35121070033553
"1571","2011-03-23",-3.07165655069176,-2.171827126344
"1572","2011-03-24",-2.85868016062012,-2.02124131259987
"1573","2011-03-25",-2.67110159431977,-1.88861313236922
"1574","2011-03-28",-2.53398508691858,-1.79166435397262
"1575","2011-03-29",-2.34956240410368,-1.66126755386151
"1576","2011-03-30",-2.26029971182488,-1.59815400803949
"1577","2011-03-31",-2.1960783260877,-1.55274601878887
"1578","2011-04-01",-2.05479126961472,-1.4528484368863
"1579","2011-04-04",-1.99745494384669,-1.41230855699645
"1580","2011-04-05",-1.86309483541671,-1.31730870158585
"1581","2011-04-06",-1.78850876803651,-1.26457232246587
"1582","2011-04-07",-1.69672920564342,-1.19967921350015
"1583","2011-04-08",-1.61465041240643,-1.14164507240794
"1584","2011-04-11",-1.54740917144345,-1.09410188236622
"1585","2011-04-12",-1.51364140229619,-1.07022624528901
"1586","2011-04-13",-1.79183339608944,-1.26692301411098
"1587","2011-04-14",-1.68895467570566,-1.19418220081832
"1588","2011-04-15",-1.63928005427531,-1.15905955981569
"1589","2011-04-18",-1.64303302219887,-1.16171311089023
"1590","2011-04-19",-1.84419161764057,-1.30394310537941
"1591","2011-04-20",-1.79402962880549,-1.26847586929182
"1592","2011-04-21",-2.15971753355362,-1.52703697409014
"1593","2011-04-25",-2.15348520922146,-1.5226303840885
"1594","2011-04-26",-2.02214169519138,-1.42976342388892
"1595","2011-04-27",-2.10567618991554,-1.48882682457625
"1596","2011-04-28",-2.09634014302895,-1.48222573505127
"1597","2011-04-29",-2.033472088673,-1.43777462420036
"1598","2011-05-02",-1.965600332097,-1.38978562555688
"1599","2011-05-03",-1.89558674864816,-1.34028223960297
"1600","2011-05-04",-1.8665018995097,-1.31971767996485
"1601","2011-05-05",-1.93837828232176,-1.37053816570554
"1602","2011-05-06",-2.14117043631239,-1.51392317434115
"1603","2011-05-09",-2.0179535375448,-1.42680217016926
"1604","2011-05-10",-1.89824223750056,-1.34215981368334
"1605","2011-05-11",-1.81892500401901,-1.28607824453037
"1606","2011-05-12",-1.91269082583981,-1.35237574621834
"1607","2011-05-13",-1.90647315952567,-1.34797952022733
"1608","2011-05-16",-1.88538016075191,-1.33306563055354
"1609","2011-05-17",-1.81230894852126,-1.28140033586373
"1610","2011-05-18",-1.86232162683558,-1.31676200134671
"1611","2011-05-19",-1.92006613204881,-1.35759048615604
"1612","2011-05-20",-1.83119779880573,-1.29475577347736
"1613","2011-05-23",-1.81880034312705,-1.285990102545
"1614","2011-05-24",-1.95561450167638,-1.38272510396905
"1615","2011-05-25",-1.86248543177797,-1.31687782029047
"1616","2011-05-26",-1.80447629986303,-1.27586223010668
"1617","2011-05-27",-1.70797798429403,-1.20763270771686
"1618","2011-05-31",-1.59858189746444,-1.13028376424892
"1619","2011-06-01",-1.69265314487115,-1.19679721832662
"1620","2011-06-02",-2.45205772381168,-1.73373728216333
"1621","2011-06-03",-2.33115760109611,-1.64825436382311
"1622","2011-06-06",-2.2791533761688,-1.61148456729224
"1623","2011-06-07",-2.21958949489946,-1.56936968532019
"1624","2011-06-08",-2.08825818916245,-1.47651135704336
"1625","2011-06-09",-1.98236779555896,-1.40164112807993
"1626","2011-06-10",-1.91173438111923,-1.35169948812934
"1627","2011-06-13",-2.12720474267918,-1.50404867445151
"1628","2011-06-14",-2.0107854825301,-1.42173396802259
"1629","2011-06-15",-2.09222874409126,-1.47931875388565
"1630","2011-06-16",-2.32817772500987,-1.64614743044354
"1631","2011-06-17",-2.20222779943989,-1.55709402867169
"1632","2011-06-20",-2.07500294737733,-1.46713918499219
"1633","2011-06-21",-2.02042906760894,-1.42855250366412
"1634","2011-06-22",-2.04802145837096,-1.44806181460064
"1635","2011-06-23",-2.0189210800384,-1.42748627498333
"1636","2011-06-24",-2.10526863409783,-1.48853866059509
"1637","2011-06-27",-2.19305486151696,-1.55060826599591
"1638","2011-06-28",-2.1807909143164,-1.54193699277032
"1639","2011-06-29",-2.29987664014974,-1.62613703449274
"1640","2011-06-30",-2.17085335459377,-1.53491060117376
"1641","2011-07-01",-2.3167830375508,-1.63809077081659
"1642","2011-07-05",-2.39238605173422,-1.69154618626658
"1643","2011-07-06",-2.24234408867086,-1.58545841242431
"1644","2011-07-07",-2.14585526631498,-1.51723560224903
"1645","2011-07-08",-2.10508084232072,-1.4884058816633
"1646","2011-07-11",-2.04038164948269,-1.44266005697904
"1647","2011-07-12",-2.15804970854899,-1.5258577317083
"1648","2011-07-13",-2.08298498817846,-1.47278291906512
"1649","2011-07-14",-1.98950991367656,-1.40669099143912
"1650","2011-07-15",-1.88879672812456,-1.33548132826467
"1651","2011-07-18",-1.83514719679391,-1.29754821121963
"1652","2011-07-19",-1.81145651034152,-1.28079761601803
"1653","2011-07-20",-2.34449141760438,-1.65768209244851
"1654","2011-07-21",-2.25579891275419,-1.59497169994266
"1655","2011-07-22",-2.34998952391157,-1.66156955064066
"1656","2011-07-25",-2.42527650827255,-1.71480151593281
"1657","2011-07-26",-2.36116216059094,-1.66946920837016
"1658","2011-07-27",-2.29237892268774,-1.62083574318595
"1659","2011-07-28",-2.62187504356711,-1.85380730154256
"1660","2011-07-29",-2.55263663183256,-1.80485200386899
"1661","2011-08-01",-2.5621738170932,-1.81159530909084
"1662","2011-08-02",-2.4550087618064,-1.73582382545423
"1663","2011-08-03",-3.23667850660951,-2.28850656442238
"1664","2011-08-04",-3.04633362916428,-2.15392245276346
"1665","2011-08-05",-7.05449951214555,-4.98791227157469
"1666","2011-08-08",-6.49865702899035,-4.59490160681824
"1667","2011-08-09",-12.0224254506785,-8.50050430031044
"1668","2011-08-10",-12.6447934940591,-8.94055213016275
"1669","2011-08-11",-15.668230994493,-11.0782857829597
"1670","2011-08-12",-16.5254300338217,-11.6843718135971
"1671","2011-08-15",-15.2137455313027,-10.7569400070906
"1672","2011-08-16",-14.3823938305074,-10.1691294411883
"1673","2011-08-17",-12.8616993080918,-9.09391625893296
"1674","2011-08-18",-11.4315893824088,-8.08275128036372
"1675","2011-08-19",-13.6108643148254,-9.62361639203058
"1676","2011-08-22",-12.6741291259907,-8.9612940067841
"1677","2011-08-23",-11.2467503372945,-7.95206008961317
"1678","2011-08-24",-11.9831779343501,-8.47275418593502
"1679","2011-08-25",-10.8303836437967,-7.65766634326772
"1680","2011-08-26",-10.1235859291226,-7.15792217453199
"1681","2011-08-29",-9.2241671093497,-6.52198447821393
"1682","2011-08-30",-9.07150713766458,-6.41404563083922
"1683","2011-08-31",-8.12579169499047,-5.74537372097368
"1684","2011-09-01",-7.29414700147919,-5.15735599339243
"1685","2011-09-02",-6.6896094932628,-4.72991531518864
"1686","2011-09-06",-6.89928378830434,-4.87816636935214
"1687","2011-09-07",-6.42315445854081,-4.54151721051453
"1688","2011-09-08",-7.09508526862172,-5.01660859403245
"1689","2011-09-09",-6.66596758835487,-4.71319921117437
"1690","2011-09-12",-7.38897910597912,-5.22440741454003
"1691","2011-09-13",-6.65117807148956,-4.70274222375292
"1692","2011-09-14",-6.1173253623113,-4.32527951718683
"1693","2011-09-15",-5.83530028344104,-4.12587255013454
"1694","2011-09-16",-5.79510991143633,-4.09745578585859
"1695","2011-09-19",-5.37639483891097,-3.80140160867043
"1696","2011-09-20",-5.01895003416648,-3.54866882090483
"1697","2011-09-21",-4.58098727537781,-3.23900548968003
"1698","2011-09-22",-5.63694118068718,-3.98562194821712
"1699","2011-09-23",-8.29792757531655,-5.86708308793565
"1700","2011-09-26",-7.47979131921241,-5.28861655538912
"1701","2011-09-27",-8.04613953847798,-5.68905534314375
"1702","2011-09-28",-7.63493424645534,-5.39831098648387
"1703","2011-09-29",-7.35391932855915,-5.19961825781379
"1704","2011-09-30",-7.1708666382539,-5.0701901164203
"1705","2011-10-03",-7.3437557274647,-5.19243204275557
"1706","2011-10-04",-7.97372310907031,-5.63785301528417
"1707","2011-10-05",-7.43739277903421,-5.25863849691912
"1708","2011-10-06",-7.09966389821456,-5.0198459325132
"1709","2011-10-07",-6.78693591971017,-4.79873035670783
"1710","2011-10-10",-6.15546553955637,-4.35224668300677
"1711","2011-10-11",-7.14499602922475,-5.05189819818748
"1712","2011-10-12",-6.47485685138718,-4.57807359545782
"1713","2011-10-13",-5.97878456815184,-4.22732369110563
"1714","2011-10-14",-5.43059671271458,-3.83972526168393
"1715","2011-10-17",-5.40229278186442,-3.81971285346443
"1716","2011-10-18",-5.70323077013461,-4.03249226922476
"1717","2011-10-19",-6.15666897038691,-4.35309757361883
"1718","2011-10-20",-5.64295894514631,-3.98987683279703
"1719","2011-10-21",-5.15188472665182,-3.64266083023504
"1720","2011-10-24",-5.35372704264798,-3.78537425209396
"1721","2011-10-25",-5.11217451011815,-3.61458356181733
"1722","2011-10-26",-5.02882719108194,-3.55565250445347
"1723","2011-10-27",-4.99782705843595,-3.53373373590311
"1724","2011-10-28",-5.76712343231496,-4.07766783316155
"1725","2011-10-31",-5.32050888788723,-3.76188722208071
"1726","2011-11-01",-6.0719301119656,-4.29318262273235
"1727","2011-11-02",-6.84079300393417,-4.83681022486143
"1728","2011-11-03",-6.54003436112682,-4.62415761603239
"1729","2011-11-04",-6.34839849192679,-4.48866070345751
"1730","2011-11-07",-5.84245762049213,-4.13093317410191
"1731","2011-11-08",-5.34503007441436,-3.77922502570259
"1732","2011-11-09",-4.93316483193626,-3.48801404841714
"1733","2011-11-10",-6.32118877034528,-4.46942196030516
"1734","2011-11-11",-6.02544137927865,-4.26031257718766
"1735","2011-11-14",-6.21379451346011,-4.39348841875597
"1736","2011-11-15",-5.72146341657891,-4.04538373527224
"1737","2011-11-16",-5.27829134360856,-3.73203713748991
"1738","2011-11-17",-5.13995123303388,-3.63422320554499
"1739","2011-11-18",-4.88123032842319,-3.45129354869282
"1740","2011-11-21",-4.52234088431744,-3.19753932285275
"1741","2011-11-22",-5.15528957266891,-3.64506824031456
"1742","2011-11-23",-4.81000728145243,-3.40093500668814
"1743","2011-11-25",-5.1854291699101,-3.66637856384365
"1744","2011-11-28",-4.75266400243939,-3.36039021047842
"1745","2011-11-29",-5.70870986873932,-4.03636628794438
"1746","2011-11-30",-5.32663915637059,-3.76622165308372
"1747","2011-12-01",-8.58819952392821,-6.07232103742891
"1748","2011-12-02",-7.79967742239937,-5.51479331205987
"1749","2011-12-05",-7.03149469480862,-4.97164662289152
"1750","2011-12-06",-6.38766356871107,-4.51642323402391
"1751","2011-12-07",-5.88572454593083,-4.16152522786525
"1752","2011-12-08",-5.35297023247136,-3.78483914641272
"1753","2011-12-09",-5.33609890586927,-3.77291020703844
"1754","2011-12-12",-5.47584581970324,-3.87171882488965
"1755","2011-12-13",-5.4400299434605,-3.84639506544778
"1756","2011-12-14",-5.02098665491978,-3.55010882180502
"1757","2011-12-15",-5.06848093266176,-3.58368984202778
"1758","2011-12-16",-4.74704839224785,-3.35641967069193
"1759","2011-12-19",-4.45547497931725,-3.15026151561409
"1760","2011-12-20",-4.12991577070909,-2.92007356692333
"1761","2011-12-21",-5.06361408857102,-3.58024872032634
"1762","2011-12-22",-4.91451208911823,-3.47482555153789
"1763","2011-12-23",-4.59115084674303,-3.24619168371808
"1764","2011-12-27",-4.30286341809438,-3.04235689705154
"1765","2011-12-28",-3.92899380297756,-2.77801088100895
"1766","2011-12-29",-3.84493473669256,-2.71857657988834
"1767","2011-12-30",-3.68356880071947,-2.60448214542583
