"Date","alpha.1perc","alpha.5perc"
"2004-12-28",-1.30284923134098,-0.907324394052305
"2004-12-29",-1.3055342455057,-0.908369719465638
"2004-12-30",-1.27775322952049,-0.888927417034327
"2004-12-31",-1.23324377850698,-0.857177998935118
"2005-01-03",-1.18810568677639,-0.825088082369615
"2005-01-04",-1.42882887143853,-0.996913769443734
"2005-01-05",-1.5440538660693,-1.07886377951072
"2005-01-06",-1.48715727402672,-1.0387668443959
"2005-01-07",-1.47508000222622,-1.02991542121791
"2005-01-10",-1.45435234062318,-1.01533091766177
"2005-01-11",-1.40993994018352,-0.984007956808506
"2005-01-12",-1.40359731041614,-0.979830836914081
"2005-01-13",-1.46593233737014,-1.02326927310737
"2005-01-14",-1.56186056669469,-1.09150426476766
"2005-01-18",-1.5358282439653,-1.07279852909976
"2005-01-19",-1.56688331652642,-1.09441758532807
"2005-01-20",-1.59078540199003,-1.11182997875617
"2005-01-21",-1.59214830624939,-1.1135264116887
"2005-01-24",-1.62268330328056,-1.13535442582686
"2005-01-25",-1.57940568401984,-1.10476347970934
"2005-01-26",-1.67581959545584,-1.17260398090271
"2005-01-27",-1.62713381551908,-1.13816734466755
"2005-01-28",-1.56677888372407,-1.09556718223337
"2005-01-31",-1.77351342363799,-1.24234304522782
"2005-02-01",-1.72087548136882,-1.20527401281515
"2005-02-02",-1.68154143712357,-1.17725955140065
"2005-02-03",-1.71270975186892,-1.19882048580846
"2005-02-04",-1.65097415075918,-1.15511305007471
"2005-02-07",-1.632849012826,-1.14191009717445
"2005-02-08",-1.58720581357288,-1.10996911719986
"2005-02-09",-1.55955215315114,-1.0900656289491
"2005-02-10",-1.53273544551345,-1.07123861835442
"2005-02-11",-1.5219061234535,-1.06324044705455
"2005-02-14",-1.49360998320612,-1.04288859230547
"2005-02-15",-1.44973020330011,-1.01157196188465
"2005-02-16",-1.40628666540154,-0.980464362460186
"2005-02-17",-1.38645073651659,-0.965999589734046
"2005-02-18",-1.4197181411887,-0.989942268452609
"2005-02-22",-1.53938865877701,-1.07403335854236
"2005-02-23",-1.83443391746163,-1.28403370930741
"2005-02-24",-1.8551223028192,-1.29818264610259
"2005-02-25",-1.95677375107637,-1.36953822704552
"2005-02-28",-1.99147905648828,-1.39369881943591
"2005-03-01",-1.95006755478826,-1.36464175118154
"2005-03-02",-1.87997098487215,-1.31491820404853
"2005-03-03",-1.8148690067329,-1.26880303296768
"2005-03-04",-1.75923820986976,-1.2293349347674
"2005-03-07",-1.791667868622,-1.25185736046738
"2005-03-08",-1.73545169811083,-1.21170236026116
"2005-03-09",-1.67252572381716,-1.16715583606631
"2005-03-10",-1.79874834733582,-1.25682412381987
"2005-03-11",-1.73878054066937,-1.2142746382473
"2005-03-14",-1.69525830652738,-1.18333516829975
"2005-03-15",-1.64743248289871,-1.14951874554049
"2005-03-16",-1.62182297726052,-1.13143709611938
"2005-03-17",-1.63323286658956,-1.1394303330223
"2005-03-18",-1.58556539160345,-1.10539190446288
"2005-03-21",-1.5686467006955,-1.09319694369292
"2005-03-22",-1.53130244245749,-1.06716901739148
"2005-03-23",-1.56928304524476,-1.09496125630477
"2005-03-24",-1.52903563549655,-1.06656151919442
"2005-03-28",-1.48548412495716,-1.03589628757441
"2005-03-29",-1.44213534321493,-1.00523737930952
"2005-03-30",-1.5236133860539,-1.06333965971831
"2005-03-31",-1.70609053586677,-1.19064050452004
"2005-04-01",-1.65790627064837,-1.15683291171979
"2005-04-04",-1.61580830603913,-1.12779612166367
"2005-04-05",-1.5776268823688,-1.10086625139132
"2005-04-06",-1.52739330374072,-1.06552212050656
"2005-04-07",-1.49520888635067,-1.04281508458233
"2005-04-08",-1.51683363126119,-1.05740138939768
"2005-04-11",-1.56235290899804,-1.09037333796572
"2005-04-12",-1.51182880846464,-1.05477287617077
"2005-04-13",-1.46703962500684,-1.02308495718805
"2005-04-14",-1.54856995630712,-1.08179191469926
"2005-04-15",-1.58872571259577,-1.11076058320116
"2005-04-18",-2.07627101699968,-1.45583736792889
"2005-04-19",-2.00974458337588,-1.40887255919213
"2005-04-20",-2.01623039490602,-1.41305215473899
"2005-04-21",-2.08817903943627,-1.46458382377539
"2005-04-22",-2.3811142613199,-1.67076631728944
"2005-04-25",-2.30149854187413,-1.61479725606075
"2005-04-26",-2.27445196094577,-1.59535602277753
"2005-04-27",-2.24749143388183,-1.57687245916366
"2005-04-28",-2.1751782163611,-1.5255912705342
"2005-04-29",-2.2407643689503,-1.57217867466931
"2005-05-02",-2.28200969939202,-1.60125014424505
"2005-05-03",-2.22684029303832,-1.56221555169607
"2005-05-04",-2.16014744683379,-1.5151083308933
"2005-05-05",-2.15198660370891,-1.50917196639793
"2005-05-06",-2.08791950743122,-1.46398526566839
"2005-05-09",-2.02013274725897,-1.41593732735188
"2005-05-10",-1.96737606131013,-1.37864567555275
"2005-05-11",-1.97212222941112,-1.38232067488427
"2005-05-12",-1.92763604207059,-1.35164741045772
"2005-05-13",-2.01605985940566,-1.4145750977613
"2005-05-16",-2.00426220115201,-1.40665525632793
"2005-05-17",-1.97127312936683,-1.383026383799
"2005-05-18",-1.96229515415259,-1.3761277915363
"2005-05-19",-1.98127394289484,-1.38895004969366
"2005-05-20",-1.9254784795512,-1.3493006277837
"2005-05-23",-1.87150032926915,-1.31094756196323
"2005-05-24",-1.83558255916539,-1.28544041120944
"2005-05-25",-1.77340861793556,-1.24122643511385
"2005-05-26",-1.72032105182803,-1.20376072851644
"2005-05-27",-1.72407797501431,-1.20622599413537
"2005-05-31",-1.67111414436364,-1.16884405373421
"2005-06-01",-1.68100104073423,-1.1763111864306
"2005-06-02",-1.72418257735805,-1.20610757842329
"2005-06-03",-1.6674635662616,-1.1658677839051
"2005-06-06",-1.67411957429896,-1.17069615906829
"2005-06-07",-1.61681339693793,-1.13000088990056
"2005-06-08",-1.56184086292799,-1.09122669752871
"2005-06-09",-1.52732685160743,-1.06689449486747
"2005-06-10",-1.49749255093329,-1.04533396249784
"2005-06-13",-1.45394969353646,-1.01444993255979
"2005-06-14",-1.40108534878945,-0.977096039563036
"2005-06-15",-1.34690284365271,-0.938580391415732
"2005-06-16",-1.33168368848769,-0.927495197607679
"2005-06-17",-1.28754899830894,-0.895925788880099
"2005-06-20",-1.35332759421167,-0.941686387196501
"2005-06-21",-1.30754801243239,-0.909205324919874
"2005-06-22",-1.31016540049959,-0.911426638473397
"2005-06-23",-1.27046211765721,-0.883327902132817
"2005-06-24",-1.62057129532362,-1.13258105503185
"2005-06-27",-1.76841307406707,-1.23758580035106
"2005-06-28",-1.72089635109151,-1.20409185660533
"2005-06-29",-1.77632387699484,-1.24278558140322
"2005-06-30",-1.76783822731348,-1.2369559586179
"2005-07-01",-1.74632970098017,-1.22165343485611
"2005-07-05",-1.71296634930176,-1.19795476956897
"2005-07-06",-1.71315650973324,-1.19760177802157
"2005-07-07",-1.79697458319625,-1.25733834450477
"2005-07-08",-1.7600261606171,-1.23136997844467
"2005-07-11",-1.85657007102968,-1.299163024053
"2005-07-12",-1.81571362613719,-1.27009694253484
"2005-07-13",-1.76353675054799,-1.23342030633188
"2005-07-14",-1.72882869002515,-1.20865522785784
"2005-07-15",-1.68732675440877,-1.17925846738197
"2005-07-18",-1.64677873446718,-1.15073416707818
"2005-07-19",-1.6082104557694,-1.12337861814048
"2005-07-20",-1.69951343426968,-1.18698238375143
"2005-07-21",-1.66268886627982,-1.16092419839111
"2005-07-22",-1.66032354335881,-1.15966931701179
"2005-07-25",-1.61988174543012,-1.13100228410262
"2005-07-26",-1.59694086151145,-1.11501922436971
"2005-07-27",-1.55634733803524,-1.08647516231167
"2005-07-28",-1.55193426329953,-1.08302866885394
"2005-07-29",-1.54585544509699,-1.07845024597718
"2005-08-01",-1.60408430178613,-1.12024684818068
"2005-08-02",-1.56740510742947,-1.0943422052245
"2005-08-03",-1.55081081917773,-1.08240137717889
"2005-08-04",-1.50821767269684,-1.0521232584039
"2005-08-05",-1.54547509048825,-1.07901204613684
"2005-08-08",-1.50972888450451,-1.05391159449525
"2005-08-09",-1.46914446468261,-1.02519394520536
"2005-08-10",-1.48357923660038,-1.03500191192532
"2005-08-11",-1.44213577710225,-1.00568152516925
"2005-08-12",-1.49960345894247,-1.04580031999162
"2005-08-15",-1.50933336785139,-1.05303827185571
"2005-08-16",-1.47107759415751,-1.02586544735772
"2005-08-17",-1.63875073357499,-1.14536965646155
"2005-08-18",-1.59587086410263,-1.11507622237454
"2005-08-19",-1.55483703275946,-1.08615573736932
"2005-08-22",-1.51731640775843,-1.05948471646203
"2005-08-23",-1.47841594008543,-1.03192213089865
"2005-08-24",-1.45661183706503,-1.01677069266358
"2005-08-25",-1.49891392580713,-1.04725714142335
"2005-08-26",-1.45881175342553,-1.01900411849634
"2005-08-29",-1.45851340115053,-1.01910922097527
"2005-08-30",-1.47561647095492,-1.03067247803107
"2005-08-31",-1.4468852588517,-1.01045893369802
"2005-09-01",-1.51813226225501,-1.06034184998965
"2005-09-02",-1.49813125741589,-1.04644909522148
"2005-09-06",-1.45604899158907,-1.01664506023304
"2005-09-07",-1.49497811088521,-1.04249418382239
"2005-09-08",-1.46053223366205,-1.01798442095796
"2005-09-09",-1.45203982749274,-1.01217809588205
"2005-09-12",-1.5083986195951,-1.05012188007962
"2005-09-13",-1.47601417093858,-1.02717721745973
"2005-09-14",-1.49208159359159,-1.03949967016286
"2005-09-15",-1.49010215833805,-1.03855823825529
"2005-09-16",-1.4563943518203,-1.01438130158639
"2005-09-19",-1.44561275128939,-1.00680152055405
"2005-09-20",-1.43440481277392,-0.999338842738736
"2005-09-21",-1.42705460102835,-0.994390304906861
"2005-09-22",-1.43464826785911,-1.0004886477179
"2005-09-23",-1.4076334895545,-0.981579928083904
"2005-09-26",-1.37748533205305,-0.960160099864332
"2005-09-27",-1.35371918555076,-0.943308266796311
"2005-09-28",-1.33900007806717,-0.932611241303275
"2005-09-29",-1.3161438532624,-0.916198318928052
"2005-09-30",-1.29615741104134,-0.902058468806678
"2005-10-03",-1.26533933828056,-0.880323170392672
"2005-10-04",-1.25610426074113,-0.873978090207697
"2005-10-05",-1.40045475953532,-0.9769394300561
"2005-10-06",-1.52222252484256,-1.06370222164103
"2005-10-07",-1.50301122196318,-1.05008289802442
"2005-10-10",-1.47574496919017,-1.03048648749607
"2005-10-11",-1.4453968425081,-1.00932336736753
"2005-10-12",-1.42065994828837,-0.991987641859011
"2005-10-13",-1.40006424400541,-0.977558476190892
"2005-10-14",-1.39322883113849,-0.973026378186562
"2005-10-17",-1.42029271826447,-0.991934690321811
"2005-10-18",-1.39271992552685,-0.972850660222092
"2005-10-19",-1.52233681710634,-1.06436560951347
"2005-10-20",-1.62598795993438,-1.13659299854038
"2005-10-21",-1.74895968626294,-1.22398273479539
"2005-10-24",-1.89904512411121,-1.3308736293793
"2005-10-25",-2.04148458247204,-1.43091702623511
"2005-10-26",-1.99058134065979,-1.39511121959391
"2005-10-27",-1.99327665944338,-1.39760266718955
"2005-10-28",-2.00627030266298,-1.40693813666999
"2005-10-31",-2.09546520744122,-1.46958122709464
"2005-11-01",-2.04682157258974,-1.43513481707174
"2005-11-02",-1.99667745375208,-1.39956528976996
"2005-11-03",-1.96059975315485,-1.37428831497966
"2005-11-04",-2.00769900146155,-1.4071161246339
"2005-11-07",-1.9776564640196,-1.38587643243522
"2005-11-08",-1.93123558139444,-1.35314589885701
"2005-11-09",-1.8875801539819,-1.32234964490197
"2005-11-10",-1.84452685439605,-1.29192505046643
"2005-11-11",-1.82983219017723,-1.28122437510664
"2005-11-14",-1.79218872230153,-1.2547306322663
"2005-11-15",-1.75201919929592,-1.22630722026058
"2005-11-16",-1.71336862723519,-1.19873942047779
"2005-11-17",-1.69991079576439,-1.18854064450545
"2005-11-18",-1.66759439628898,-1.16591600452881
"2005-11-21",-1.67859205807801,-1.17324375467866
"2005-11-22",-1.68309414065889,-1.17597749384774
"2005-11-23",-1.65386963353756,-1.15535897268539
"2005-11-25",-1.61692143308173,-1.12945037762327
"2005-11-28",-1.57925635115528,-1.10259970318428
"2005-11-29",-1.65702569156456,-1.15829673314543
"2005-11-30",-1.62507314906794,-1.13536738252835
"2005-12-01",-1.60779236688294,-1.12314918369188
"2005-12-02",-1.66606117668445,-1.16396082381931
"2005-12-05",-1.62797683486706,-1.13690388599942
"2005-12-06",-1.59146917865226,-1.11115015618871
"2005-12-07",-1.56237889879275,-1.09048730950217
"2005-12-08",-1.56262638200917,-1.09123252059489
"2005-12-09",-1.53649915831415,-1.07319311381954
"2005-12-12",-1.51902169139712,-1.0609508962127
"2005-12-13",-1.49109295560437,-1.0414529979525
"2005-12-14",-1.46349181594297,-1.02177388224212
"2005-12-15",-1.47319935718207,-1.0283244689088
"2005-12-16",-1.43850635737525,-1.0037952091804
"2005-12-19",-1.4166865206279,-0.988467205578595
"2005-12-20",-1.38876895363177,-0.968674794704981
"2005-12-21",-1.35597732685377,-0.945585051781061
"2005-12-22",-1.32080358101871,-0.920747546212294
"2005-12-23",-1.31347685828886,-0.91535427219754
"2005-12-27",-1.27773917812809,-0.889901420493454
"2005-12-28",-1.37875660944339,-0.961997315342793
"2005-12-29",-1.34754205509666,-0.939748055769288
"2005-12-30",-1.31383027153697,-0.915899470054522
"2006-01-03",-1.3251772646288,-0.924171619106966
"2006-01-04",-1.49927545040189,-1.04609893625329
"2006-01-05",-1.4729214518826,-1.02738919882711
"2006-01-06",-1.44635395085305,-1.00841920168062
"2006-01-09",-1.46946426604894,-1.0246729094637
"2006-01-10",-1.43892828820684,-1.00287111046043
"2006-01-11",-1.40569916348511,-0.979338187782477
"2006-01-12",-1.3779975185555,-0.959474333848093
"2006-01-13",-1.36862078977517,-0.953116820842965
"2006-01-17",-1.34423154746403,-0.935836517032284
"2006-01-18",-1.31153804794472,-0.912670688208718
"2006-01-19",-1.31022371938491,-0.911521298693251
"2006-01-20",-1.28611156586386,-0.89438158801981
"2006-01-23",-1.56522843616505,-1.09343085568059
"2006-01-24",-1.53365791801192,-1.07117345200082
"2006-01-25",-1.50726237284262,-1.05195942202488
"2006-01-26",-1.47455507222184,-1.02890391279721
"2006-01-27",-1.51645670044735,-1.05814905845518
"2006-01-30",-1.59239838749581,-1.11114015766869
"2006-01-31",-1.55794221768305,-1.0868368339704
"2006-02-01",-1.54085427360358,-1.07514513782492
"2006-02-02",-1.53972733240637,-1.07407521518496
"2006-02-03",-1.54726069102178,-1.07993722507614
"2006-02-06",-1.54498108940749,-1.07859247665175
"2006-02-07",-1.51238275574785,-1.05534445383495
"2006-02-08",-1.53437946869901,-1.07107388986562
"2006-02-09",-1.54821191100553,-1.08067305949441
"2006-02-10",-1.52243058738413,-1.06251217697085
"2006-02-13",-1.49540565332591,-1.04359023967305
"2006-02-14",-1.47156317574328,-1.02705346037137
"2006-02-15",-1.48327027557162,-1.0349356664414
"2006-02-16",-1.46355475638597,-1.02087727512417
"2006-02-17",-1.44939034600619,-1.01059807451833
"2006-02-21",-1.42758341449688,-0.995504623545717
"2006-02-22",-1.39701173203122,-0.974113022904417
"2006-02-23",-1.38496202173878,-0.96508827045431
"2006-02-24",-1.40495586011109,-0.979951376911862
"2006-02-27",-1.37542065867067,-0.958741611812127
"2006-02-28",-1.34453393151496,-0.936871591658786
"2006-03-01",-1.44463288840912,-1.00857032938957
"2006-03-02",-1.43669680288081,-1.0027594478407
"2006-03-03",-1.40771917538241,-0.982161152605111
"2006-03-06",-1.37667872961012,-0.960099952457573
"2006-03-07",-1.39210908752251,-0.971390021227327
"2006-03-08",-1.36085386255166,-0.949206121378161
"2006-03-09",-1.33507778441093,-0.930925284212937
"2006-03-10",-1.32045775277591,-0.920626351991566
"2006-03-13",-1.31854976821866,-0.91893211525263
"2006-03-14",-1.30271120636647,-0.907429311346791
"2006-03-15",-1.29218136896749,-0.899513048210271
"2006-03-16",-1.2914334212737,-0.898697661914466
"2006-03-17",-1.27280880632855,-0.885446418967446
"2006-03-20",-1.2527419288212,-0.871016281134324
"2006-03-21",-1.22491934718423,-0.85131638466457
"2006-03-22",-1.20648791877286,-0.838450100649834
"2006-03-23",-1.22466751309252,-0.850707133614638
"2006-03-24",-1.23729918844593,-0.860041882774208
"2006-03-27",-1.21068219975534,-0.840973681534252
"2006-03-28",-1.18635202105967,-0.823800959642483
"2006-03-29",-1.24510300928709,-0.865957605003996
"2006-03-30",-1.23549521602419,-0.859094658434174
"2006-03-31",-1.21005861269163,-0.840863186144089
"2006-04-03",-1.21276204115586,-0.843073431223029
"2006-04-04",-1.20328924571266,-0.835956564467382
"2006-04-05",-1.21100651820913,-0.841212375261078
"2006-04-06",-1.18963136267382,-0.825693077923888
"2006-04-07",-1.1810288255432,-0.819849052070601
"2006-04-10",-1.26518273176522,-0.880155355295726
"2006-04-11",-1.24812173217163,-0.867781531235594
"2006-04-12",-1.23045936123777,-0.855387971793754
"2006-04-13",-1.20379236868245,-0.836336267333518
"2006-04-17",-1.17775194123032,-0.81803220339741
"2006-04-18",-1.16366432675136,-0.808209834609775
"2006-04-19",-1.41053668745195,-0.981350896210852
"2006-04-20",-1.43810069475666,-1.00060009806494
"2006-04-21",-1.41016737996533,-0.980843447664275
"2006-04-24",-1.38587911176733,-0.963485852361981
"2006-04-25",-1.36663634177923,-0.949961472923047
"2006-04-26",-1.36646852606839,-0.949783182931304
"2006-04-27",-1.34144728428063,-0.93194025342603
"2006-04-28",-1.31441297081014,-0.913393461848396
"2006-05-01",-1.28647443560757,-0.893535046562363
"2006-05-02",-1.25712383860276,-0.872667627839926
"2006-05-03",-1.34148833936198,-0.931929440668815
"2006-05-04",-1.35773537934817,-0.944037146397152
"2006-05-05",-1.3300490778431,-0.924211945270752
"2006-05-08",-1.38626525625232,-0.963549538585238
"2006-05-09",-1.35496484197243,-0.941502754216514
"2006-05-10",-1.34106662763386,-0.931268885390185
"2006-05-11",-1.31107738787618,-0.909786902088753
"2006-05-12",-1.33523114094822,-0.92737515013699
"2006-05-15",-1.44206821254312,-1.00374577630061
"2006-05-16",-1.40911097045483,-0.980258909038296
"2006-05-17",-1.3824461670204,-0.96110685860902
"2006-05-18",-1.63866744388149,-1.14325419846509
"2006-05-19",-1.62781924312857,-1.13577251524481
"2006-05-22",-1.59991942317937,-1.11621310375247
"2006-05-23",-1.56540556186527,-1.09151937251819
"2006-05-24",-1.53023045799188,-1.06673180928693
"2006-05-25",-1.51665067126964,-1.05750196832508
"2006-05-26",-1.56772379585924,-1.0928954947727
"2006-05-30",-1.53584487633875,-1.07032093601421
"2006-05-31",-1.76845510952267,-1.23539930767208
"2006-06-01",-1.76972770736407,-1.2359357651343
"2006-06-02",-1.74954802198316,-1.22164283016084
"2006-06-05",-1.70701850420373,-1.19155278438832
"2006-06-06",-1.96255512343618,-1.37274578708308
"2006-06-07",-1.91777488701399,-1.34133151605343
"2006-06-08",-1.92848136874932,-1.34914076301329
"2006-06-09",-1.88615950569586,-1.31906634227872
"2006-06-12",-1.85051165861771,-1.29397847704717
"2006-06-13",-1.88329761061227,-1.31724402096176
"2006-06-14",-1.86398748148521,-1.30381806874324
"2006-06-15",-1.94367929103969,-1.35956228369872
"2006-06-16",-2.13884599832409,-1.49690563806767
"2006-06-19",-2.08376072550133,-1.45811115193834
"2006-06-20",-2.09410819993183,-1.46563791322576
"2006-06-21",-2.04830749755694,-1.43309025738669
"2006-06-22",-2.03938788672718,-1.42657334665098
"2006-06-23",-1.99983030778242,-1.39870352634494
"2006-06-26",-1.95609715482659,-1.36817085830689
"2006-06-27",-1.92027324049281,-1.34272449720352
"2006-06-28",-1.90435168112875,-1.33157554260015
"2006-06-29",-1.89341750710512,-1.32329083738278
"2006-06-30",-2.04250275492352,-1.42819999446172
"2006-07-03",-2.02146195258769,-1.41346952215941
"2006-07-05",-2.00766781986402,-1.40354059507801
"2006-07-06",-1.96402772774953,-1.37271565424855
"2006-07-07",-1.93045926891086,-1.34884864646576
"2006-07-10",-1.92115490098362,-1.34251222030122
"2006-07-11",-1.88030757844354,-1.31272245529367
"2006-07-12",-1.85827428350721,-1.29674867869054
"2006-07-13",-1.89062130033246,-1.32004962781309
"2006-07-14",-1.91811190302893,-1.34051660453685
"2006-07-17",-1.96476836962603,-1.37376652787508
"2006-07-18",-1.92597179671361,-1.34636687636698
"2006-07-19",-1.92757361919637,-1.34825231636229
"2006-07-20",-2.07121994333412,-1.44927981827315
"2006-07-21",-2.08659641704805,-1.46039462314862
"2006-07-24",-2.0740942533274,-1.45142254109114
"2006-07-25",-2.27031825756442,-1.58960044002463
"2006-07-26",-2.24046381285599,-1.56780998226603
"2006-07-27",-2.18977544040244,-1.53221194255872
"2006-07-28",-2.13883835186473,-1.49644238559018
"2006-07-31",-2.10019834769697,-1.46958289960778
"2006-08-01",-2.07358401720533,-1.45088914493734
"2006-08-02",-2.03186490699838,-1.42139253015684
"2006-08-03",-2.01830813191327,-1.41125492191924
"2006-08-04",-1.99558834555819,-1.39526342916127
"2006-08-07",-1.95244226959168,-1.36479441539956
"2006-08-08",-1.90958308850436,-1.33443103792019
"2006-08-09",-1.88806840632855,-1.3195504791323
"2006-08-10",-1.87916957861183,-1.31335457781245
"2006-08-11",-1.83879992758504,-1.28478353811638
"2006-08-14",-1.81469748732605,-1.26797361597554
"2006-08-15",-1.7776145931246,-1.2417310789265
"2006-08-16",-1.76534243950236,-1.23283901369044
"2006-08-17",-1.77308147314787,-1.23803735034457
"2006-08-18",-1.75005251527218,-1.22187736103227
"2006-08-21",-1.71832652801451,-1.1993873171931
"2006-08-22",-1.67999372384686,-1.17229025858821
"2006-08-23",-1.6162476629143,-1.12648363251906
"2006-08-24",-1.59578754137915,-1.11237776751695
"2006-08-25",-1.55363505979844,-1.08247841839388
"2006-08-28",-1.51319144747032,-1.0540724047737
"2006-08-29",-1.48033018057612,-1.03072345943782
"2006-08-30",-1.43915695268247,-1.0016480964083
"2006-08-31",-1.39570338051942,-0.970928153383981
"2006-09-01",-1.35450347819442,-0.941712886800476
"2006-09-05",-1.35475726537166,-0.941562361338324
"2006-09-06",-1.34373573861913,-0.933617665215458
"2006-09-07",-1.37942765986496,-0.959101366858025
"2006-09-08",-1.39811577724781,-0.972647937796828
"2006-09-11",-1.35265589385248,-0.940202577760649
"2006-09-12",-1.34707759783905,-0.936472049203405
"2006-09-13",-1.32089341312373,-0.917847761013224
"2006-09-14",-1.30412268137688,-0.905737842587363
"2006-09-15",-1.32426642389958,-0.920689717768979
"2006-09-18",-1.31143101494178,-0.911571966992074
"2006-09-19",-1.29653128223718,-0.899997428052328
"2006-09-20",-1.28037785745322,-0.888768006709761
"2006-09-21",-1.23968946028285,-0.860752235251384
"2006-09-22",-1.24994904113127,-0.868137318717318
"2006-09-25",-1.22152325199821,-0.848229722845107
"2006-09-26",-1.27288085940633,-0.883563430918389
"2006-09-27",-1.35509396596473,-0.941102352974454
"2006-09-28",-1.32506795990939,-0.919764792759874
"2006-09-29",-1.30217416490117,-0.90291601109724
"2006-10-02",-1.31402273706315,-0.91167765719997
"2006-10-03",-1.30205893970841,-0.90362522403961
"2006-10-04",-1.2662244611194,-0.878300181354986
"2006-10-05",-1.35304698912245,-0.93982593439839
"2006-10-06",-1.34701068606808,-0.93480827056228
"2006-10-09",-1.32152711810828,-0.917357569455528
"2006-10-10",-1.30049200909553,-0.902634723581808
"2006-10-11",-1.27580646730509,-0.885486829946328
"2006-10-12",-1.26218241759285,-0.875775960396751
"2006-10-13",-1.30816572054377,-0.907956857234712
"2006-10-16",-1.27621803940896,-0.884839129641325
"2006-10-17",-1.278421528172,-0.886320642326188
"2006-10-18",-1.26557648589617,-0.877234438772075
"2006-10-19",-1.25130723323528,-0.866870382404202
"2006-10-20",-1.22820348104424,-0.850529123526317
"2006-10-23",-1.28605493298951,-0.891928171060847
"2006-10-24",-1.30563154971971,-0.90565133459963
"2006-10-25",-1.28171835298817,-0.888553610485029
"2006-10-26",-1.262364001019,-0.875010298575403
"2006-10-27",-1.23771280510575,-0.857690681753044
"2006-10-30",-1.23106168121717,-0.852895303881647
"2006-10-31",-1.21086904685649,-0.838685294705577
"2006-11-01",-1.17779206372523,-0.814664382511636
"2006-11-02",-1.17749884828638,-0.814823903500797
"2006-11-03",-1.15122649248989,-0.796243663403187
"2006-11-06",-1.12731805478858,-0.779430886509821
"2006-11-07",-1.16837704766243,-0.808081712986672
"2006-11-08",-1.17128640195501,-0.809734212671339
"2006-11-09",-1.14565227370505,-0.791613299315498
"2006-11-10",-1.1657548705637,-0.806462602446027
"2006-11-13",-1.1444444628895,-0.791717172710375
"2006-11-14",-1.1204236551515,-0.774551946370983
"2006-11-15",-1.11413311340271,-0.769893948554345
"2006-11-16",-1.11056266260142,-0.766779992058942
"2006-11-17",-1.08413008533298,-0.748453705738118
"2006-11-20",-1.06516793040619,-0.734692747383257
"2006-11-21",-1.07162964632698,-0.739577687677102
"2006-11-22",-1.06192483385742,-0.732288969397372
"2006-11-24",-1.03628071118873,-0.714112196112259
"2006-11-27",-1.03402489829708,-0.712643757018376
"2006-11-28",-1.16883842471028,-0.809158453745228
"2006-11-29",-1.15003327486876,-0.79538527382463
"2006-11-30",-1.19604563968027,-0.82759010758657
"2006-12-01",-1.17277287096308,-0.811058468218923
"2006-12-04",-1.14866203672664,-0.793895669764047
"2006-12-05",-1.15905434407347,-0.800780234646537
"2006-12-06",-1.17942554623729,-0.815133884758981
"2006-12-07",-1.15818158194665,-0.800018824727909
"2006-12-08",-1.14704067915037,-0.792233698414404
"2006-12-11",-1.1232181993267,-0.775252475190858
"2006-12-12",-1.10150005130703,-0.760042612757467
"2006-12-13",-1.0773358943568,-0.742887054507789
"2006-12-14",-1.05932421946032,-0.730227387185625
"2006-12-15",-1.05509384760119,-0.726907336916661
"2006-12-18",-1.04021648891027,-0.715964966405173
"2006-12-19",-1.0506643528769,-0.723780637061678
"2006-12-20",-1.03590655395019,-0.713135545305805
"2006-12-21",-1.0166322734061,-0.700194931499027
"2006-12-22",-1.01703366445767,-0.700819598182993
"2006-12-26",-1.05023334372883,-0.725063907181545
"2006-12-27",-1.04203620997924,-0.718832186001163
"2006-12-28",-1.05640265477783,-0.728458901166798
"2006-12-29",-1.0356969133097,-0.714167669413198
"2007-01-03",-1.03436128383286,-0.713480835142817
"2007-01-04",-1.01948788170617,-0.703129167196655
"2007-01-05",-0.997506716529378,-0.687648178390948
"2007-01-08",-1.01944909950903,-0.703506667849332
"2007-01-09",-1.0045620903498,-0.692810731977145
"2007-01-10",-1.00157855769682,-0.690896207896324
"2007-01-11",-0.984743944900147,-0.678950380968394
"2007-01-12",-0.965665500349703,-0.66529850782786
"2007-01-16",-0.981379076955555,-0.675965241573851
"2007-01-17",-0.959513533282712,-0.660138969644637
"2007-01-18",-0.962532405748752,-0.661588035275603
"2007-01-19",-0.942221229736845,-0.647564229860626
"2007-01-22",-0.926049465271073,-0.636343520522354
"2007-01-23",-1.04888327178,-0.723750700013615
"2007-01-24",-1.1433000819888,-0.789938777589069
"2007-01-25",-1.12941380393699,-0.780028962783222
"2007-01-26",-1.18663503571212,-0.820919458255862
"2007-01-29",-1.16204717436678,-0.803482367366326
"2007-01-30",-1.13825322238595,-0.786624120935554
"2007-01-31",-1.14816419298749,-0.793131952897722
"2007-02-01",-1.15788094554791,-0.799766627546252
"2007-02-02",-1.20152495931404,-0.829995208941053
"2007-02-05",-1.18157208761483,-0.815853643338086
"2007-02-06",-1.15931190754709,-0.800134937943166
"2007-02-07",-1.13891964604551,-0.786081947658006
"2007-02-08",-1.12020673151655,-0.773092951922194
"2007-02-09",-1.10035087823581,-0.759174459119026
"2007-02-12",-1.10391268164078,-0.761851755969966
"2007-02-13",-1.10093691489618,-0.760139150794612
"2007-02-14",-1.08798469807086,-0.750481048531703
"2007-02-15",-1.10611005683426,-0.762935699684531
"2007-02-16",-1.08490528556169,-0.747669596973531
"2007-02-20",-1.0680895050412,-0.735981088639271
"2007-02-21",-1.04810000640825,-0.721925830618329
"2007-02-22",-1.04457560635769,-0.719634607967356
"2007-02-23",-1.03842750528128,-0.715377016523497
"2007-02-26",-1.02628946127708,-0.707029301690226
"2007-02-27",-1.00807255314939,-0.693989301103301
"2007-02-28",-1.54210559969934,-1.07362040553746
"2007-03-01",-1.48442050552821,-1.0321706892425
"2007-03-02",-1.48085418326064,-1.02977443309883
"2007-03-05",-1.51262764332107,-1.05265194411284
"2007-03-06",-1.46338147375716,-1.01808508214283
"2007-03-07",-1.47714943313672,-1.02754552501229
"2007-03-08",-1.46942180994306,-1.02246414432522
"2007-03-09",-1.46454147979398,-1.01911137917631
"2007-03-12",-1.4592628881939,-1.01555789007317
"2007-03-13",-1.45384273870443,-1.0116014433321
"2007-03-14",-1.49608431737502,-1.04236121813678
"2007-03-15",-1.50524636147821,-1.04761933333442
"2007-03-16",-1.63092562353003,-1.13609742070687
"2007-03-19",-1.50184350567202,-1.04525036354491
"2007-03-20",-1.50350526491848,-1.04610965765713
"2007-03-21",-1.50042389997842,-1.04358623144569
"2007-03-22",-1.52098959721915,-1.05704946453321
"2007-03-23",-1.52267509984335,-1.05837634332265
"2007-03-26",-1.53309134158198,-1.06614119979959
"2007-03-27",-1.52719416808875,-1.06179909991587
"2007-03-28",-1.52468542578448,-1.06034078979643
"2007-03-29",-1.52365112433735,-1.05986667330374
"2007-03-30",-1.51797277841154,-1.055718380793
"2007-04-02",-1.51447646904004,-1.0531451039833
"2007-04-03",-1.50903654877518,-1.04919601135929
"2007-04-04",-1.50611161444125,-1.04683508360991
"2007-04-05",-1.50813193023246,-1.04860023643019
"2007-04-09",-1.50327189651665,-1.0453319572723
"2007-04-10",-1.50766607903298,-1.04792845413511
"2007-04-11",-1.5016993048456,-1.04371831914605
"2007-04-12",-1.50177605358369,-1.04404530230248
"2007-04-13",-1.51618107460281,-1.05449484217909
"2007-04-16",-1.51544165255311,-1.05366136784223
"2007-04-17",-1.59812938339885,-1.11147615242787
"2007-04-18",-1.51194199487616,-1.05033384684978
"2007-04-19",-1.51396387729756,-1.05201946503927
"2007-04-20",-1.50737089437303,-1.04750451629056
"2007-04-23",-1.59471234139666,-1.10858925086457
"2007-04-24",-1.59495049569239,-1.10880028819752
"2007-04-25",-1.53086933647137,-1.06404326684349
"2007-04-26",-1.59001613100583,-1.10520569780809
"2007-04-27",-1.5900374792644,-1.10544492657895
"2007-04-30",-1.52553221237429,-1.05992645784931
"2007-05-01",-1.51963228811601,-1.05563569590991
"2007-05-02",-1.53013047349914,-1.06342850185177
"2007-05-03",-1.53215215797407,-1.06514410305702
"2007-05-04",-1.51604437774969,-1.05357939256868
"2007-05-07",-1.50455388934236,-1.04538689202321
"2007-05-08",-1.49871652812972,-1.04133850022739
"2007-05-09",-1.58308387038518,-1.10087823261679
"2007-05-10",-1.57376985196083,-1.09358716820519
"2007-05-11",-1.57719133991335,-1.09625672620836
"2007-05-14",-1.5780636807253,-1.09656681692399
"2007-05-15",-1.5780862947447,-1.09669461766901
"2007-05-16",-1.51306418201033,-1.05077163249877
"2007-05-17",-1.57387638792134,-1.09412080275588
"2007-05-18",-1.57381498387272,-1.0940637450529
"2007-05-21",-1.57040614182519,-1.09104427188558
"2007-05-22",-1.56767704686629,-1.08964533394243
"2007-05-23",-1.56768824333165,-1.08993401083379
"2007-05-24",-1.56813018183332,-1.09037342931536
"2007-05-25",-1.5680303479518,-1.09088526565484
"2007-05-29",-1.56829812013827,-1.09095459179265
"2007-05-30",-1.56843723971152,-1.09116587961295
"2007-05-31",-1.56724562789928,-1.0897149190127
"2007-06-01",-1.5674318395143,-1.09014055160349
"2007-06-04",-1.56347778073548,-1.08792535538002
"2007-06-05",-1.56356417103628,-1.0880187370377
"2007-06-06",-1.56266306816085,-1.08728409397017
"2007-06-07",-1.5615252395516,-1.08731532666603
"2007-06-08",-1.56561536922533,-1.09048249852635
"2007-06-11",-1.5655599188496,-1.09003088868885
"2007-06-12",-1.56087989070348,-1.08624621157072
"2007-06-13",-1.56431052899664,-1.08916276829045
"2007-06-14",-1.56295966048525,-1.08755431698097
"2007-06-15",-1.56302395329616,-1.08752254156232
"2007-06-18",-1.55966113485942,-1.08462399750835
"2007-06-19",-1.55985821821776,-1.08488721231212
"2007-06-20",-1.55666412749347,-1.08227052394064
"2007-06-21",-1.55960476800731,-1.08458871481559
"2007-06-22",-1.55980296858308,-1.0846551856625
"2007-06-25",-1.56484599390487,-1.08878159007324
"2007-06-26",-1.56347536044534,-1.08760713301245
"2007-06-27",-1.56308260477591,-1.0876721608694
"2007-06-28",-1.562665465337,-1.08708263568288
"2007-06-29",-1.56076803668313,-1.08549321744855
"2007-07-02",-1.55912808265036,-1.08416826362588
"2007-07-03",-1.55906862627129,-1.08413696618819
"2007-07-05",-1.55845896854374,-1.08352649832556
"2007-07-06",-1.55725481350599,-1.08251174883473
"2007-07-09",-1.55666553793398,-1.08186736507636
"2007-07-10",-1.55636300192777,-1.08172882093696
"2007-07-11",-1.55579330664844,-1.08193076198662
"2007-07-12",-1.55076378423868,-1.07773225428398
"2007-07-13",-1.5545491140816,-1.07987778532014
"2007-07-16",-1.55451741896026,-1.07971907775653
"2007-07-17",-1.55092019273327,-1.0766740686028
"2007-07-18",-1.54834154128595,-1.07539937892731
"2007-07-19",-1.5473372771132,-1.07449231857855
"2007-07-20",-1.54499621982192,-1.07229001621385
"2007-07-23",-1.54854983533871,-1.0752276660564
"2007-07-24",-1.55013467757999,-1.07606995898485
"2007-07-25",-1.55216158689809,-1.07762851867818
"2007-07-26",-1.5534571316748,-1.07821480241245
"2007-07-27",-1.56267683271372,-1.08509117462032
"2007-07-30",-1.5700181684844,-1.09087990956861
"2007-07-31",-1.56930105267353,-1.09049711875524
"2007-08-01",-1.57307937692503,-1.09366000985717
"2007-08-02",-1.57488179283149,-1.09453693549071
"2007-08-03",-1.57465479345664,-1.09449692005359
"2007-08-06",-1.58231699551068,-1.10033119696053
"2007-08-07",-1.58533075305481,-1.10220459116701
"2007-08-08",-1.58522550037802,-1.10206851144851
"2007-08-09",-1.58533250197472,-1.10212918165484
"2007-08-10",-2.0271364764474,-1.41605417184999
"2007-08-13",-1.9782970324172,-1.38143917945108
"2007-08-14",-1.6001537495615,-1.11357642193851
"2007-08-15",-1.96247376832275,-1.37042091552218
"2007-08-16",-2.02539730497537,-1.41511617801243
"2007-08-17",-2.02143121468928,-1.41254168142784
"2007-08-20",-2.22194137333041,-1.55391949034682
"2007-08-21",-2.18454562151921,-1.52755238989833
"2007-08-22",-2.16985652765567,-1.51736731170327
"2007-08-23",-2.16517103417144,-1.51426812469229
"2007-08-24",-2.1286012428845,-1.488537577465
"2007-08-27",-2.16104806021109,-1.51136900729435
"2007-08-28",-2.13674146663142,-1.49400250436177
"2007-08-29",-2.28723357238361,-1.6010900602164
"2007-08-30",-2.35990711756733,-1.65199600991801
"2007-08-31",-2.32192725919255,-1.62505972450187
"2007-09-04",-2.30584885807001,-1.61360660690352
"2007-09-05",-2.28118758551762,-1.59606304542251
"2007-09-06",-2.26441043992744,-1.58420906757005
"2007-09-07",-2.26041124940007,-1.58148226883706
"2007-09-10",-2.32080905003992,-1.62426434825406
"2007-09-11",-2.28672179149434,-1.6003724287414
"2007-09-12",-2.30368315226367,-1.61206394822762
"2007-09-13",-2.2663233934933,-1.58528577976479
"2007-09-14",-2.24369150292056,-1.56933929632635
"2007-09-17",-2.21006953106218,-1.5451249086755
"2007-09-18",-2.18438110848388,-1.52684859044443
"2007-09-19",-2.32156578971216,-1.62339109718152
"2007-09-20",-2.30197335251192,-1.6096723360334
"2007-09-21",-2.2693314772461,-1.58631337446528
"2007-09-24",-2.27037919108567,-1.58767807703001
"2007-09-25",-2.24493693704097,-1.56983403251071
"2007-09-26",-2.21718958039538,-1.55028936803143
"2007-09-27",-2.19433051510691,-1.53411457963961
"2007-09-28",-2.17140339643799,-1.51796059490255
"2007-10-01",-2.14637397480296,-1.50019552631828
"2007-10-02",-2.16076270694876,-1.51015930832616
"2007-10-03",-2.15789741304264,-1.50825151607994
"2007-10-04",-2.15899407910287,-1.50932892667178
"2007-10-05",-2.13689904043027,-1.4937701878023
"2007-10-08",-2.1169125034255,-1.47946145173391
"2007-10-09",-2.09756226971874,-1.46568318277343
"2007-10-10",-2.09447186683956,-1.46313815408122
"2007-10-11",-2.08550423635461,-1.45697977152058
"2007-10-12",-2.09187308985877,-1.46156656727859
"2007-10-15",-2.07891709385984,-1.45168606740849
"2007-10-16",-2.06319367000017,-1.44063141974812
"2007-10-17",-2.04307997058906,-1.42636705782652
"2007-10-18",-2.03014472455626,-1.41732531742441
"2007-10-19",-2.0129613482545,-1.40532728498629
"2007-10-22",-2.120668474266,-1.48221833762182
"2007-10-23",-2.10136273577553,-1.46836187464957
"2007-10-24",-2.09621060132283,-1.46469100537751
"2007-10-25",-2.07694409134587,-1.45112703232772
"2007-10-26",-2.05868558854709,-1.43806436246624
"2007-10-29",-2.04292899097532,-1.42674168782078
"2007-10-30",-2.02923594377314,-1.41706404736709
"2007-10-31",-2.04019832508465,-1.42483595210979
"2007-11-01",-2.04632764049862,-1.42888584935611
"2007-11-02",-2.13612880901276,-1.49281530152962
"2007-11-05",-2.11836361934052,-1.48058976945422
"2007-11-06",-2.10086607748752,-1.46841787864475
"2007-11-07",-2.09664711342474,-1.46505202116094
"2007-11-08",-2.19867578219463,-1.53751914814567
"2007-11-09",-2.17749104119127,-1.52229328372009
"2007-11-12",-2.24415516534184,-1.57001336824275
"2007-11-13",-2.23469934249995,-1.56322251531144
"2007-11-14",-2.31281248174425,-1.61781425191817
"2007-11-15",-2.29679815842026,-1.60674817237573
"2007-11-16",-2.28617387121441,-1.59940388088967
"2007-11-19",-2.27219429756581,-1.58949478802559
"2007-11-20",-2.28683139449563,-1.60001522858906
"2007-11-21",-2.28421819895425,-1.59830585262518
"2007-11-23",-2.31528324331505,-1.62050520768509
"2007-11-26",-2.3265271408865,-1.62842615432509
"2007-11-27",-2.35836967923547,-1.6512520921804
"2007-11-28",-2.389663502883,-1.67303585249568
"2007-11-29",-2.46662693496084,-1.72745216742174
"2007-11-30",-2.43707174213127,-1.70652232538345
"2007-12-03",-2.4132458924633,-1.68978165700667
"2007-12-04",-2.39479746032935,-1.67708735199587
"2007-12-05",-2.37678171298624,-1.66458296735926
"2007-12-06",-2.4016082057387,-1.68191406082175
"2007-12-07",-2.41320037414408,-1.69045207287132
"2007-12-10",-2.38695713708069,-1.67196614796379
"2007-12-11",-2.37034167900364,-1.66036863919138
"2007-12-12",-2.44628777251007,-1.7143772733142
"2007-12-13",-2.42480941421601,-1.6991323896926
"2007-12-14",-2.40680216473105,-1.6863654550088
"2007-12-17",-2.41097647835381,-1.68935917165032
"2007-12-18",-2.44656632732498,-1.71480732467619
"2007-12-19",-2.42683925642519,-1.70108862231286
"2007-12-20",-2.40114489556825,-1.68290667646201
"2007-12-21",-2.38014136934179,-1.66805906721208
"2007-12-24",-2.41185532803355,-1.69014183736063
"2007-12-26",-2.39166840258568,-1.67619069400796
"2007-12-27",-2.36651361886426,-1.65820973677295
"2007-12-28",-2.37623187392869,-1.66516677389337
"2007-12-31",-2.35508128166421,-1.65026341691208
"2008-01-02",-2.36188157060466,-1.65488824663352
"2008-01-03",-2.37809143543906,-1.66658751687721
"2008-01-04",-2.35644646954757,-1.65106588451201
"2008-01-07",-2.3922118193168,-1.67688324748645
"2008-01-08",-2.36909244959518,-1.66054851906114
"2008-01-09",-2.39010170445875,-1.67594183406109
"2008-01-10",-2.38510911895354,-1.67216176218503
"2008-01-11",-2.36612370647735,-1.65892708944547
"2008-01-14",-2.42146431951015,-1.69818448102101
"2008-01-15",-2.41863857805521,-1.69589190237689
"2008-01-16",-2.51010769865417,-1.76130488984689
"2008-01-17",-2.49452029000834,-1.75018841113457
"2008-01-18",-2.6403719618697,-1.85328030274376
"2008-01-22",-2.60858130922754,-1.83098160530678
"2008-01-23",-2.67134774313792,-1.87539856253912
"2008-01-24",-2.67938361163701,-1.88100288942283
"2008-01-25",-2.67043717058341,-1.87455805818638
"2008-01-28",-2.70037054137107,-1.8958241284145
"2008-01-29",-2.72015657233731,-1.90967640433501
"2008-01-30",-2.68692498165937,-1.88627390237274
"2008-01-31",-2.65748156695081,-1.86551409374054
"2008-02-01",-2.64912206561006,-1.85946515755699
"2008-02-04",-2.62644980868683,-1.84368532668022
"2008-02-05",-2.59967890464073,-1.82466980917244
"2008-02-06",-2.76413817703137,-1.9411222665077
"2008-02-07",-2.74013691768665,-1.92441914668649
"2008-02-08",-2.70926785748382,-1.90251399731602
"2008-02-11",-2.68115743249601,-1.88260201744913
"2008-02-12",-2.69076761672704,-1.88909531385305
"2008-02-13",-2.70966918372596,-1.9022540255759
"2008-02-14",-2.71774591058774,-1.90761096751859
"2008-02-15",-2.70981429083528,-1.90212132509101
"2008-02-19",-2.67831247809621,-1.87972489012433
"2008-02-20",-2.64877209460108,-1.85885729511444
"2008-02-21",-2.62483529880264,-1.84207766086973
"2008-02-22",-2.63162174345196,-1.84678741997355
"2008-02-25",-2.6099270266463,-1.83137101094843
"2008-02-26",-2.63626065886119,-1.84969212403617
"2008-02-27",-2.6200242590786,-1.83821300638505
"2008-02-28",-2.59094853431955,-1.81754995172736
"2008-02-29",-2.56384764771968,-1.79827934312366
"2008-03-03",-2.63811794758853,-1.85073286206135
"2008-03-04",-2.6051566458916,-1.82686182175935
"2008-03-05",-2.58318580569143,-1.81172309548463
"2008-03-06",-2.56335181940947,-1.79734262753144
"2008-03-07",-2.60211210970208,-1.82507967789194
"2008-03-10",-2.63430516138877,-1.84825918047006
"2008-03-11",-2.6313816465565,-1.84631667629407
"2008-03-12",-2.77622802861515,-1.94783221743714
"2008-03-13",-2.74331196948743,-1.92420965092736
"2008-03-14",-2.71409629912471,-1.90354672197021
"2008-03-17",-2.70955920883116,-1.90032507399477
"2008-03-18",-2.67961498908832,-1.87942102814807
"2008-03-19",-2.82605625757706,-1.98264053917794
"2008-03-20",-2.91642100659,-2.04699814886255
"2008-03-24",-2.9336605330866,-2.05918919103752
"2008-03-25",-2.92908246472725,-2.05582834135967
"2008-03-26",-2.89347749009851,-2.03074589709771
"2008-03-27",-2.85805048677251,-2.00604106163884
"2008-03-28",-2.83414117417871,-1.98942891498953
"2008-03-31",-2.81013757198862,-1.97252721050683
"2008-04-01",-2.80250229977096,-1.96712828271487
"2008-04-02",-2.8563105403648,-2.0049066683869
"2008-04-03",-2.83332083847786,-1.98894104358616
"2008-04-04",-2.79863362606888,-1.96413980406161
"2008-04-07",-2.77224835217037,-1.94544294012716
"2008-04-08",-2.74121577402088,-1.923627408787
"2008-04-09",-2.71144138201525,-1.90265556869241
"2008-04-10",-2.68125917655944,-1.8812634790844
"2008-04-11",-2.65463280273796,-1.86196387778034
"2008-04-14",-2.79877850139335,-1.96417520292266
"2008-04-15",-2.77353804816392,-1.94666600708845
"2008-04-16",-2.7428084394076,-1.92485201203152
"2008-04-17",-2.74436700443226,-1.92579812581797
"2008-04-18",-2.7241594307624,-1.91174851963973
"2008-04-21",-2.75573886679985,-1.93359271394719
"2008-04-22",-2.72534894082941,-1.9118581944263
"2008-04-23",-2.7062608423775,-1.89837657536576
"2008-04-24",-2.6822291029195,-1.88169226834168
"2008-04-25",-2.65378895193747,-1.86148908766187
"2008-04-28",-2.62655049804887,-1.84231581026827
"2008-04-29",-2.59707729707417,-1.82141134729749
"2008-04-30",-2.59946994496088,-1.82296202118788
"2008-05-01",-2.56903231527905,-1.80069189237929
"2008-05-02",-2.54547195388464,-1.78415042452331
"2008-05-05",-2.51754583500799,-1.76459551896324
"2008-05-06",-2.49185938320744,-1.74633276183077
"2008-05-07",-2.46356323497411,-1.72640118717493
"2008-05-08",-2.46989881955975,-1.73078428956918
"2008-05-09",-2.44755897549568,-1.71494597445327
"2008-05-12",-2.43288574817158,-1.70462703935976
"2008-05-13",-2.42273157643299,-1.69725854168038
"2008-05-14",-2.3936798783668,-1.6767630694906
"2008-05-15",-2.36463200860191,-1.65635755850344
"2008-05-16",-2.33921571976788,-1.63871541966442
"2008-05-19",-2.30714867705091,-1.61590701284553
"2008-05-20",-2.29125091726893,-1.60477301956202
"2008-05-21",-2.28936873213297,-1.60353962841835
"2008-05-22",-2.33697313609542,-1.6375787030198
"2008-05-23",-2.30563042422055,-1.61554980836451
"2008-05-27",-2.30425069045269,-1.61454226724631
"2008-05-28",-2.27349920971362,-1.59285592549736
"2008-05-29",-2.23670170273737,-1.56731260365771
"2008-05-30",-2.20214758996111,-1.54289919634461
"2008-06-02",-2.16372318510053,-1.51549891080701
"2008-06-03",-2.17255805877581,-1.52202155461749
"2008-06-04",-2.17286949123551,-1.52226693284433
"2008-06-05",-2.13558170172527,-1.49614256916911
"2008-06-06",-2.17938817352081,-1.52689958953018
"2008-06-09",-2.45073053162149,-1.71927356622213
"2008-06-10",-2.43648625297069,-1.70916230648518
"2008-06-11",-2.41027514991509,-1.69056426311899
"2008-06-12",-2.40251774295809,-1.68528928490861
"2008-06-13",-2.37658373608855,-1.66733417909073
"2008-06-16",-2.35616346967133,-1.6527415705002
"2008-06-17",-2.33669673494928,-1.63873980502248
"2008-06-18",-2.31286944252573,-1.62184821552992
"2008-06-19",-2.30806585871085,-1.61874586677866
"2008-06-20",-2.2808554787545,-1.59955146451818
"2008-06-23",-2.28634797327409,-1.60336167563183
"2008-06-24",-2.27401759245694,-1.59434976416103
"2008-06-25",-2.25017823568311,-1.57749324144084
"2008-06-26",-2.22823287827047,-1.56209437134325
"2008-06-27",-2.4107337445276,-1.69131211265537
"2008-06-30",-2.41069088108252,-1.69159710022593
"2008-07-01",-2.39011056612779,-1.67705310418046
"2008-07-02",-2.36472326415152,-1.65915773873142
"2008-07-03",-2.38416666694188,-1.67305855660573
"2008-07-07",-2.3788083281743,-1.66907747649391
"2008-07-08",-2.36910211517648,-1.6623138442296
"2008-07-09",-2.35719309414587,-1.65370703941833
"2008-07-10",-2.38006492040768,-1.67009382890659
"2008-07-11",-2.37326569484206,-1.66485222861356
"2008-07-14",-2.38294560643901,-1.67181953908148
"2008-07-15",-2.35618119737674,-1.65250920506951
"2008-07-16",-2.36247351248783,-1.65707368013713
"2008-07-17",-2.36517021017342,-1.65896941103656
"2008-07-18",-2.35013918532185,-1.64837253718672
"2008-07-21",-2.32834118966499,-1.63294961183955
"2008-07-22",-2.30485355620158,-1.61646968405449
"2008-07-23",-2.27733608509899,-1.59712750723776
"2008-07-24",-2.2579745515014,-1.58347550088815
"2008-07-25",-2.30038333753053,-1.6136312976664
"2008-07-28",-2.28535675520202,-1.60249734284297
"2008-07-29",-2.34250483785412,-1.64271738623697
"2008-07-30",-2.3687314005868,-1.66106642673515
"2008-07-31",-2.42276469191508,-1.69920120887104
"2008-08-01",-2.53645075667551,-1.78000620680025
"2008-08-04",-2.5071840478356,-1.7590582784864
"2008-08-05",-2.48404506757342,-1.74295958295885
"2008-08-06",-2.60037648644517,-1.8250178806652
"2008-08-07",-2.59183092515351,-1.81863849076131
"2008-08-08",-2.61343422347776,-1.83434814128525
"2008-08-11",-2.73205813909092,-1.91758937588132
"2008-08-12",-2.70202771561013,-1.8965983467359
"2008-08-13",-2.67377477079621,-1.87657394881997
"2008-08-14",-2.64589234836417,-1.85698191657613
"2008-08-15",-2.61677014973722,-1.83655196930101
"2008-08-18",-2.58729046260373,-1.81562484243104
"2008-08-19",-2.59656090675472,-1.82239127510376
"2008-08-20",-2.57474067841031,-1.80687853136392
"2008-08-21",-2.54610482874393,-1.78685707487004
"2008-08-22",-2.51813651722987,-1.76710701843425
"2008-08-25",-2.54389289024181,-1.78539982512004
"2008-08-26",-2.61415773892805,-1.83527082696616
"2008-08-27",-2.58436771482864,-1.81443104113767
"2008-08-28",-2.56456260583718,-1.80022703375715
"2008-08-29",-2.58393044694847,-1.81365314103788
"2008-09-02",-2.63001337395521,-1.84647364599548
"2008-09-03",-2.63050795641515,-1.84701432696661
"2008-09-04",-2.6021835237354,-1.82695163147455
"2008-09-05",-2.778887546491,-1.95195317314431
"2008-09-08",-2.74601984744759,-1.92870292736887
"2008-09-09",-2.83267224171191,-1.9898626419789
"2008-09-10",-2.94018412922389,-2.06593381021891
"2008-09-11",-2.90044725327455,-2.0380377006335
"2008-09-12",-2.89414673862636,-2.03315031686478
"2008-09-15",-2.85184173597798,-2.00295639313196
"2008-09-16",-3.11653150059486,-2.19035816759559
"2008-09-17",-3.09182069461136,-2.1727244090801
"2008-09-18",-3.45719106716156,-2.43143318698727
"2008-09-19",-3.65035068507865,-2.56771447221405
"2008-09-22",-3.72990034312779,-2.62286588894282
"2008-09-23",-3.79278774081462,-2.66774194321286
"2008-09-24",-3.84216983508888,-2.70288746380637
"2008-09-25",-3.76501919708627,-2.64823229286315
"2008-09-26",-3.77740171076787,-2.65692200584509
"2008-09-29",-3.71365139659624,-2.61141969526849
"2008-09-30",-4.74941723646667,-3.34368054610392
"2008-10-01",-5.11998201930937,-3.60545048136734
"2008-10-02",-5.02752467130686,-3.54007307722169
"2008-10-03",-5.42647212772961,-3.82181007161724
"2008-10-06",-5.3034768695102,-3.73490559945981
"2008-10-07",-5.44568802897791,-3.83573518679404
"2008-10-08",-5.69614809300665,-4.01289467181231
"2008-10-09",-5.59357644104159,-3.94045096764169
"2008-10-10",-6.94909489104066,-4.89891296491809
"2008-10-13",-6.86479577139114,-4.83931682366643
"2008-10-14",-8.87404604084242,-6.25924698029402
"2008-10-15",-8.70047012588577,-6.13658521111716
"2008-10-16",-9.64650348489061,-6.80588547645795
"2008-10-17",-9.76934747963317,-6.89277889181168
"2008-10-20",-9.55080700444626,-6.7381934380401
"2008-10-21",-9.74026930640705,-6.87220113982096
"2008-10-22",-9.57100904729912,-6.75237706498801
"2008-10-23",-9.975511335136,-7.03826022347315
"2008-10-24",-9.76797945511152,-6.89194763630031
"2008-10-27",-9.7182556984581,-6.85710271616889
"2008-10-28",-9.59251864904369,-6.77570026078339
"2008-10-29",-11.0437714481723,-7.79424863176388
"2008-10-30",-10.7116002320102,-7.55934753421248
"2008-10-31",-10.4970778154454,-7.40775778465072
"2008-11-03",-10.2204427567649,-7.21230088373811
"2008-11-04",-9.92733706439792,-7.00524607331765
"2008-11-05",-9.89101447670184,-6.97945952264788
"2008-11-06",-9.99780137870923,-7.05496303133823
"2008-11-07",-10.1069935605661,-7.13237006515152
"2008-11-10",-9.95863789261222,-7.02749854033034
"2008-11-11",-9.69532605867674,-6.84114698248054
"2008-11-12",-9.49779126807623,-6.70158892635392
"2008-11-13",-9.59240974202251,-6.7685359764903
"2008-11-14",-9.98776695445785,-7.04799861953042
"2008-11-17",-9.9659717247283,-7.03265094284139
"2008-11-18",-9.76257448402305,-6.8888186486163
"2008-11-19",-9.51337217348774,-6.71256467282272
"2008-11-20",-9.67366859717684,-6.82618210313283
"2008-11-21",-9.94034224466258,-7.01479430011965
"2008-11-24",-10.3469377091112,-7.30217736266632
"2008-11-25",-10.3602992080326,-7.31143773046328
"2008-11-26",-10.068938139442,-7.10523363531635
"2008-11-28",-9.87454798484309,-6.96791736658786
"2008-12-01",-9.65459853478596,-6.81253158146088
"2008-12-02",-10.2789070111913,-7.25793002915103
"2008-12-03",-10.2140863208805,-7.20837892163001
"2008-12-04",-9.97794943794135,-7.04141680373144
"2008-12-05",-9.89284608242287,-6.9815700905626
"2008-12-08",-9.72495907432365,-6.86252021780433
"2008-12-09",-9.67957875704795,-6.83031623903824
"2008-12-10",-9.55064993736657,-6.7392720916926
"2008-12-11",-9.31984703136451,-6.57617542843547
"2008-12-12",-9.1366694675453,-6.44672007871239
"2008-12-15",-8.88865445211401,-6.27134618358029
"2008-12-16",-8.64034983850141,-6.09561445326886
"2008-12-17",-8.69849175303527,-6.13675307049989
"2008-12-18",-8.51242675494443,-6.00513576769067
"2008-12-19",-8.38959374191846,-5.91827069950687
"2008-12-22",-8.15168147526973,-5.7500092651262
"2008-12-23",-7.92500299403918,-5.58950096130675
"2008-12-24",-7.70712110299967,-5.43525303486095
"2008-12-26",-7.48609693461689,-5.27895152330397
"2008-12-29",-7.27171796008285,-5.12746421707083
"2008-12-30",-7.05762792251287,-4.97600782050831
"2008-12-31",-6.96611052812507,-4.91129294624447
"2009-01-02",-6.81321981301392,-4.80304883043772
"2009-01-05",-6.85355109159122,-4.83165498678503
"2009-01-06",-6.65577126261207,-4.69162769970585
"2009-01-07",-6.44667356183984,-4.54386649325074
"2009-01-08",-6.43812205885318,-4.53804514356265
"2009-01-09",-6.2321404426419,-4.39225178983097
"2009-01-12",-6.10802407401401,-4.30441941818847
"2009-01-13",-5.96464371854285,-4.20293276661723
"2009-01-14",-5.79139618408158,-4.08041107927817
"2009-01-15",-5.93454878198965,-4.18194982527861
"2009-01-16",-5.74459154804038,-4.04770365618
"2009-01-20",-5.61063305615714,-3.95294098284199
"2009-01-21",-5.79098837688173,-4.08030349122842
"2009-01-22",-5.82790912163644,-4.10639413129992
"2009-01-23",-5.67347724331501,-3.99733618655311
"2009-01-26",-5.63118267070654,-3.97080605638438
"2009-01-27",-5.47547486275245,-3.86918077931903
"2009-01-28",-5.31246415616851,-3.74693796406394
"2009-01-29",-5.24577671676754,-3.69515224022382
"2009-01-30",-5.3670793408449,-3.78113198715196
"2009-02-02",-5.29296140210014,-3.72871972121119
"2009-02-03",-5.20767469226839,-3.66859587038644
"2009-02-04",-5.14447769317458,-3.62392502321748
"2009-02-05",-4.99451545121511,-3.51798411895408
"2009-02-06",-4.85814326241951,-3.42157549870342
"2009-02-09",-4.88484450389918,-3.44042290165993
"2009-02-10",-4.7343298545251,-3.33469409044141
"2009-02-11",-5.46126503795617,-3.8482702323023
"2009-02-12",-5.3112244558169,-3.74185982700652
"2009-02-13",-5.14710122141358,-3.62598911762486
"2009-02-17",-5.00179979955733,-3.52352867022628
"2009-02-18",-5.34476907860164,-3.76635615741281
"2009-02-19",-5.18134037509103,-3.65070688292546
"2009-02-20",-5.06793475830961,-3.5705920351593
"2009-02-23",-5.06918547809481,-3.57159016588954
"2009-02-24",-5.35833372370306,-3.77618163031662
"2009-02-25",-5.40475187188507,-3.80904205171498
"2009-02-26",-5.36051077472744,-3.77775971103914
"2009-02-27",-5.29385614806076,-3.73067946836459
"2009-03-02",-5.31868132176062,-3.74810144369617
"2009-03-03",-6.00097582444869,-4.23059658007682
"2009-03-04",-5.88765079371173,-4.15045184420614
"2009-03-05",-5.87596299285074,-4.14214262675116
"2009-03-06",-6.153857789938,-4.33860886291096
"2009-03-09",-6.06339587008857,-4.2744665388817
"2009-03-10",-5.8917179663496,-4.15316102209717
"2009-03-11",-6.81609286667261,-4.80642516589924
"2009-03-12",-6.61501330475826,-4.66420135236872
"2009-03-13",-6.77463043141166,-4.77679686044498
"2009-03-16",-6.59286039067444,-4.64818716196971
"2009-03-17",-6.39184022718883,-4.50599915616746
"2009-03-18",-6.2868425237599,-4.43173534953242
"2009-03-19",-6.10424367316765,-4.30244358563217
"2009-03-20",-5.9359506584234,-4.18372389009515
"2009-03-23",-5.85972604677227,-4.12983337384163
"2009-03-24",-6.7901988371199,-4.78740737801706
"2009-03-25",-6.588095137142,-4.64444524804575
"2009-03-26",-6.39776802073057,-4.50981939965076
"2009-03-27",-6.33571994468691,-4.46592499307843
"2009-03-30",-6.22477822577248,-4.38764061035521
"2009-03-31",-6.46076889842664,-4.5544765575866
"2009-04-01",-6.27161087839322,-4.42070007137127
"2009-04-02",-6.13336914207849,-4.32292699071108
"2009-04-03",-6.25238604149918,-4.40680361798155
"2009-04-06",-6.05837129809343,-4.26945859776031
"2009-04-07",-5.86713877868729,-4.13382003246801
"2009-04-08",-5.92682803584315,-4.17615374680534
"2009-04-09",-5.74586455173749,-4.04834105059551
"2009-04-13",-5.81928351377,-4.09992954260432
"2009-04-14",-5.66143762298833,-3.98875463593979
"2009-04-15",-5.56590205812352,-3.92121687930113
"2009-04-16",-5.45655427460737,-3.84398541827264
"2009-04-17",-5.3101540605485,-3.74027407914959
"2009-04-20",-5.13866343045474,-3.61896774770908
"2009-04-21",-5.36869133408328,-3.78153685668774
"2009-04-22",-5.21350671754788,-3.67202083774448
"2009-04-23",-5.05852878073183,-3.56255927372082
"2009-04-24",-4.9155740205625,-3.46138413023493
"2009-04-27",-4.80995750912478,-3.3868080311632
"2009-04-28",-4.65763193263526,-3.27905577030783
"2009-04-29",-4.50484489895803,-3.17100000087555
"2009-04-30",-4.5471155558826,-3.20082446075743
"2009-05-01",-4.39441657626591,-3.09266318600645
"2009-05-04",-4.30551197576333,-3.02980028846343
"2009-05-05",-4.30671111702556,-3.03027595056466
"2009-05-06",-4.20159999387145,-2.96412433957942
"2009-05-07",-4.11974973975866,-2.89791533183802
"2009-05-08",-4.04590570527353,-2.85661930129806
"2009-05-11",-4.04755366768729,-2.84707582971631
"2009-05-12",-4.0622713162721,-2.85767525650889
"2009-05-13",-3.98019157510242,-2.80719988377571
"2009-05-14",-4.01693807948933,-2.82574425180074
"2009-05-15",-3.8937178309813,-2.73852480934839
"2009-05-18",-3.79849626715767,-2.67119448374214
"2009-05-19",-4.04318435039694,-2.84413353345621
"2009-05-20",-3.90967152618738,-2.74971332628359
"2009-05-21",-3.83071856464256,-2.70463073809586
"2009-05-22",-3.84991729582254,-2.70766303360531
"2009-05-26",-3.72561039293333,-2.61979639481189
"2009-05-27",-3.76585221002079,-2.64793083702721
"2009-05-28",-3.78894108580275,-2.6643978708558
"2009-05-29",-3.71437138661931,-2.6115729867061
"2009-06-01",-3.75800445490498,-2.65485682682747
"2009-06-02",-4.00114622078224,-2.81398089441399
"2009-06-03",-3.87827661436084,-2.72696870503842
"2009-06-04",-3.82003245131853,-2.68585567334421
"2009-06-05",-3.75298540395284,-2.63831175185598
"2009-06-08",-3.62758411630107,-2.54966826326316
"2009-06-09",-3.50121097060485,-2.46030450282986
"2009-06-10",-3.39416172530315,-2.38478601703808
"2009-06-11",-3.28580238850158,-2.3081340120971
"2009-06-12",-3.17441588437843,-2.22918500166517
"2009-06-15",-3.06258020880297,-2.14997772033951
"2009-06-16",-3.34649546213509,-2.35081297519246
"2009-06-17",-3.35830551905439,-2.35904146622529
"2009-06-18",-3.27657427828407,-2.30139930715372
"2009-06-19",-3.1912026958849,-2.24563968303107
"2009-06-22",-3.0903688606291,-2.17117008039466
"2009-06-23",-3.42791142123627,-2.40873150027409
"2009-06-24",-3.33122694664828,-2.34055782352058
"2009-06-25",-3.24420143014839,-2.27928528223901
"2009-06-26",-3.39966793944692,-2.38864392995002
"2009-06-29",-3.29333059783827,-2.31360297357443
"2009-06-30",-3.25687611484928,-2.28798508154656
"2009-07-01",-3.23730643163287,-2.27438524684185
"2009-07-02",-3.15076500266821,-2.21310204699175
"2009-07-06",-3.54042838785519,-2.48902802322172
"2009-07-07",-3.43128069484669,-2.41188344514782
"2009-07-08",-3.61156728180051,-2.53949792496046
"2009-07-09",-3.49176213517814,-2.45472200373402
"2009-07-10",-3.3757776920088,-2.37303323447809
"2009-07-13",-3.30721826963123,-2.32473785515238
"2009-07-14",-3.51728116540077,-2.47272941553031
"2009-07-15",-3.41589375064991,-2.40103210893834
"2009-07-16",-3.82818594190178,-2.69201143027268
"2009-07-17",-3.7528631214557,-2.63859699416264
"2009-07-20",-3.63822592783451,-2.55768748415688
"2009-07-21",-3.63032994773145,-2.55206146607776
"2009-07-22",-3.64166140306265,-2.56952786324784
"2009-07-23",-3.53350213012377,-2.48324628823413
"2009-07-24",-3.59086086415845,-2.52370727318456
"2009-07-27",-3.49406705864223,-2.45516598659845
"2009-07-28",-3.3838982188034,-2.37699398348679
"2009-07-29",-3.27007748036961,-2.29641550642073
"2009-07-30",-3.17905958576557,-2.23209619772184
"2009-07-31",-3.16705998747567,-2.22358110150645
"2009-08-03",-3.06969107564209,-2.15461851042865
"2009-08-04",-3.03139540078943,-2.12757231547613
"2009-08-05",-2.94072353408082,-2.06317282097769
"2009-08-06",-2.89362420155184,-2.02998582214587
"2009-08-07",-2.79219596308619,-1.9578930610959
"2009-08-10",-2.78950971160011,-1.95575795511366
"2009-08-11",-2.70088450489676,-1.8930463392528
"2009-08-12",-2.72630476694853,-1.91128482174245
"2009-08-13",-2.75581522128347,-1.93194186089561
"2009-08-14",-2.66448987975948,-1.86726130082939
"2009-08-17",-2.62907364407353,-1.84216646724817
"2009-08-18",-2.77547674126275,-1.94606973517946
"2009-08-19",-2.69585843125333,-1.8895463030534
"2009-08-20",-2.6392693118984,-1.84954765053814
"2009-08-21",-2.60452786114346,-1.82471972495763
"2009-08-24",-2.81267901095439,-1.97178239691374
"2009-08-25",-2.72888053442876,-1.91247312550891
"2009-08-26",-2.64236825589626,-1.85118502749174
"2009-08-27",-2.5554647909743,-1.78988274393142
"2009-08-28",-2.50872848474342,-1.75665492562491
"2009-08-31",-2.48062871691485,-1.73681691769605
"2009-09-01",-2.4584308991742,-1.72149873024476
"2009-09-02",-2.63166372340114,-1.84439103258088
"2009-09-03",-2.55770468792672,-1.79200811783849
"2009-09-04",-2.4861673764144,-1.74118965499567
"2009-09-08",-2.52221279664533,-1.76639741917951
"2009-09-09",-2.58033387717509,-1.80729188813222
"2009-09-10",-2.54824125248632,-1.78429243225057
"2009-09-11",-2.50988722743027,-1.75686079196747
"2009-09-14",-2.42572138106193,-1.69710939025198
"2009-09-15",-2.36612910505947,-1.65483175900702
"2009-09-16",-2.37356595231305,-1.65985815016369
"2009-09-17",-2.40592696603982,-1.68252630738253
"2009-09-18",-2.3255798950655,-1.62564124119738
"2009-09-21",-2.25010027048353,-1.57214924202951
"2009-09-22",-2.19340547692784,-1.53215797742569
"2009-09-23",-2.13753284669418,-1.49243126498649
"2009-09-24",-2.13423209186992,-1.49024130556019
"2009-09-25",-2.12318492438203,-1.48240475311092
"2009-09-28",-2.05411509438023,-1.43333705741616
"2009-09-29",-2.0849438803359,-1.45474303034143
"2009-09-30",-2.01596812703984,-1.40604007116985
"2009-10-01",-1.96567643375947,-1.37056693088814
"2009-10-02",-2.34695754251644,-1.64125551588625
"2009-10-05",-2.29041743697552,-1.6013494832631
"2009-10-06",-2.34575347192629,-1.64004283713776
"2009-10-07",-2.39118444499235,-1.67202502951288
"2009-10-08",-2.30768315426524,-1.6129438485233
"2009-10-09",-2.26512340022523,-1.58238850202909
"2009-10-12",-2.22431944461648,-1.5536233867028
"2009-10-13",-2.14449445105132,-1.4968129362269
"2009-10-14",-2.06719070400438,-1.44175654452276
"2009-10-15",-2.21179930848854,-1.54400172991681
"2009-10-16",-2.14159896448823,-1.49426524200943
"2009-10-19",-2.09960089800664,-1.46452847187806
"2009-10-20",-2.10277725292595,-1.46629968761755
"2009-10-21",-2.05210408239655,-1.4309119473954
"2009-10-22",-2.07329563333272,-1.44630931514629
"2009-10-23",-2.0338634545352,-1.41823585008526
"2009-10-26",-2.12840873075447,-1.48569129484164
"2009-10-27",-2.18470643656541,-1.52615731320212
"2009-10-28",-2.11221345308141,-1.4747356675334
"2009-10-29",-2.2081176890638,-1.54297508438639
"2009-10-30",-2.40843818311463,-1.68401404685444
"2009-11-02",-2.80593022291093,-1.96569820834186
"2009-11-03",-2.75740121988898,-1.93141636011999
"2009-11-04",-2.6673657435768,-1.86788808715027
"2009-11-05",-2.59943953329222,-1.81978517125969
"2009-11-06",-2.7572248362047,-1.93098455595285
"2009-11-09",-2.68451276662147,-1.87960322423648
"2009-11-10",-2.88782656340115,-2.02305787428868
"2009-11-11",-2.7873947087373,-1.95220713224249
"2009-11-12",-2.69230941529299,-1.8850778173976
"2009-11-13",-2.67997191614157,-1.87660562448057
"2009-11-16",-2.60812139511623,-1.82566031425971
"2009-11-17",-2.75139832816891,-1.92663603981212
"2009-11-18",-2.65753040726429,-1.85988416075655
"2009-11-19",-2.56494113872768,-1.79443536118328
"2009-11-20",-2.53329245089863,-1.77208776435993
"2009-11-23",-2.44533784233525,-1.71013111434779
"2009-11-24",-2.48653006114473,-1.73894088997933
"2009-11-25",-2.40217186466382,-1.67925746245178
"2009-11-27",-2.33724860453804,-1.63323744825402
"2009-11-30",-2.42594963359194,-1.69620890960589
"2009-12-01",-2.34120202634667,-1.63612565107397
"2009-12-02",-2.40882204457787,-1.68349096300678
"2009-12-03",-2.33212425241366,-1.62922006573361
"2009-12-04",-2.29701261951611,-1.60462296180202
"2009-12-07",-2.22257077621866,-1.5520351731283
"2009-12-08",-2.14147345034059,-1.49465083322447
"2009-12-09",-2.17902294059108,-1.52145357612199
"2009-12-10",-2.10068322157783,-1.46593229063504
"2009-12-11",-2.0319933359826,-1.41720675126879
"2009-12-14",-2.00854879847792,-1.40035787569495
"2009-12-15",-1.93326107844198,-1.34717783986292
"2009-12-16",-1.88284112343163,-1.31164852945688
"2009-12-17",-1.82594905013286,-1.27128203663503
"2009-12-18",-1.87896029883206,-1.30925432816707
"2009-12-21",-1.82304637164854,-1.26986014897056
"2009-12-22",-1.76871491040296,-1.23115303065048
"2009-12-23",-1.70615550460591,-1.18721026363944
"2009-12-24",-1.64361536334272,-1.14315192322654
"2009-12-28",-1.58589522605795,-1.10213541855662
"2009-12-29",-1.52495868021465,-1.05915067922614
"2009-12-30",-1.4646827418442,-1.01664701254031
"2009-12-31",-1.40405508513692,-0.97382342781147
"2010-01-04",-1.60764867292598,-1.11874972508293
"2010-01-05",-1.91078493319042,-1.33173447167708
"2010-01-06",-1.84312773258195,-1.28388921165373
"2010-01-07",-1.78099384051418,-1.23985429699866
"2010-01-08",-1.77190260799203,-1.23296842209633
"2010-01-11",-1.70539677741905,-1.18595129500772
"2010-01-12",-1.77122220430688,-1.23153701815107
"2010-01-13",-1.72123016788343,-1.19637246302925
"2010-01-14",-1.69082507304873,-1.17470222948331
"2010-01-15",-1.63747444391932,-1.13680112290745
"2010-01-19",-1.75780304030445,-1.22295547060362
"2010-01-20",-1.76959432546427,-1.23125373422525
"2010-01-21",-1.89247254718388,-1.31885598758831
"2010-01-22",-2.29598618490668,-1.6049910790527
"2010-01-25",-2.44611171296741,-1.71170304549056
"2010-01-26",-2.35869647013006,-1.64973363646864
"2010-01-27",-2.27205809337631,-1.58842968287989
"2010-01-28",-2.18886962936404,-1.52973388775665
"2010-01-29",-2.16838026929037,-1.5153156400764
"2010-02-01",-2.12521120330366,-1.48527693239379
"2010-02-02",-2.16143097795392,-1.51044228362145
"2010-02-03",-2.25060128459431,-1.57311290496551
"2010-02-04",-2.20600293449711,-1.54173883171412
"2010-02-05",-2.84509667777128,-1.99448410526095
"2010-02-08",-2.75234178974752,-1.92918850046149
"2010-02-09",-2.72504815554472,-1.91027378499862
"2010-02-10",-2.8230648430415,-1.97927353732806
"2010-02-11",-2.72974637108214,-1.9134640434541
"2010-02-12",-2.74832385174052,-1.92647984986874
"2010-02-16",-2.67505770296595,-1.87464615211248
"2010-02-17",-2.8225920822371,-1.97858643144438
"2010-02-18",-2.73039971822486,-1.91338320243113
"2010-02-19",-2.67109691781529,-1.87099820608961
"2010-02-22",-2.57825890454018,-1.80548813459993
"2010-02-23",-2.49965129918925,-1.74997001115793
"2010-02-24",-2.53302140204902,-1.77392815776933
"2010-02-25",-2.49369070315513,-1.74577321917777
"2010-02-26",-2.46358891192012,-1.72473506578101
"2010-03-01",-2.37793169242035,-1.66425725056222
"2010-03-02",-2.33616117852782,-1.63445909967154
"2010-03-03",-2.25644521981975,-1.57821833744228
"2010-03-04",-2.17796948055692,-1.52283193186191
"2010-03-05",-2.11053034908445,-1.47516887272451
"2010-03-08",-2.15979688723081,-1.50975888376098
"2010-03-09",-2.10733635350346,-1.4728850934306
"2010-03-10",-2.0355554600768,-1.4221260166852
"2010-03-11",-1.96393475839927,-1.37138080326027
"2010-03-12",-1.90161134334626,-1.32708656776165
"2010-03-15",-1.84816745626864,-1.28925762178505
"2010-03-16",-1.780507131551,-1.241167628219
"2010-03-17",-1.74604766641295,-1.21655167129141
"2010-03-18",-1.69674779919572,-1.1813859738518
"2010-03-19",-1.64341833156193,-1.14322175021676
"2010-03-22",-1.58308635079654,-1.10062155187027
"2010-03-23",-1.52119314624626,-1.056636580706
"2010-03-24",-1.58992641147644,-1.10462040630288
"2010-03-25",-1.58854068572067,-1.10410822533607
"2010-03-26",-1.53006038665198,-1.06283836195463
"2010-03-29",-1.47149232093202,-1.02133044657769
"2010-03-30",-1.47734796175156,-1.02491297441634
"2010-03-31",-1.43126523311601,-0.992194970357487
"2010-04-01",-1.4069051776649,-0.975304596816412
"2010-04-05",-1.41201446037222,-0.978365285039209
"2010-04-06",-1.37252359710199,-0.950134750030319
"2010-04-07",-1.32775863095505,-0.918518256038011
"2010-04-08",-1.3861717116589,-0.960527358521893
"2010-04-09",-1.33388924386849,-0.923893285753766
"2010-04-12",-1.36648178611099,-0.946521209539933
"2010-04-13",-1.32000158965332,-0.913418875922112
"2010-04-14",-1.26965561523086,-0.877814041799501
"2010-04-15",-1.26076620215409,-0.87094398693293
"2010-04-16",-1.21100417105844,-0.835382497730795
"2010-04-19",-1.32222650054745,-0.915246707743211
"2010-04-20",-1.29031350193666,-0.892302630289721
"2010-04-21",-1.23987272737804,-0.856459826086864
"2010-04-22",-1.20238589140144,-0.829591907892037
"2010-04-23",-1.17720478504619,-0.812252186371211
"2010-04-26",-1.24478224057264,-0.85913554189964
"2010-04-27",-1.20828310243154,-0.832993624542642
"2010-04-28",-1.84376503932571,-1.28667474143844
"2010-04-29",-1.81995256775404,-1.26951419568091
"2010-04-30",-1.87613423659383,-1.30880442310529
"2010-05-03",-2.03936851004074,-1.42493273720464
"2010-05-04",-2.1128567924919,-1.47625999767147
"2010-05-05",-2.39564916856048,-1.67671358790951
"2010-05-06",-2.35656419861156,-1.64927687421381
"2010-05-07",-3.13368813750235,-2.19928662300631
"2010-05-10",-3.13615364904844,-2.20088662918689
"2010-05-11",-4.04169335025379,-2.83975622045255
"2010-05-12",-3.89097550596305,-2.73316383329986
"2010-05-13",-3.86485259403501,-2.71454462400074
"2010-05-14",-3.78645341710502,-2.65919460374248
"2010-05-17",-3.77636584518293,-2.65213218436282
"2010-05-18",-3.63350471803298,-2.55136888537068
"2010-05-19",-3.5652391312249,-2.50328347997462
"2010-05-20",-3.46392966315559,-2.43140943054139
"2010-05-21",-4.19243856305703,-2.94690084224866
"2010-05-24",-4.07628588164231,-2.864833764193
"2010-05-25",-3.99286237561662,-2.80596985540136
"2010-05-26",-3.8470859784675,-2.70256583036899
"2010-05-27",-3.70103818376036,-2.59936176245855
"2010-05-28",-4.02738816724911,-2.82945603986905
"2010-06-01",-3.91788309762872,-2.75222768102777
"2010-06-02",-3.88105965398592,-2.72629839762583
"2010-06-03",-3.9752849026356,-2.79247328921835
"2010-06-04",-3.82259684211574,-2.68441688207866
"2010-06-07",-4.36549617203717,-3.06889658329007
"2010-06-08",-4.2685819743673,-3.00092619307333
"2010-06-09",-4.17349358937663,-2.9336195685197
"2010-06-10",-4.02231709725211,-2.82661038948106
"2010-06-11",-4.3179783322413,-3.0354035578859
"2010-06-14",-4.14950304672615,-2.91647372073994
"2010-06-15",-3.98406930899805,-2.79944950034213
"2010-06-16",-4.07428126713012,-2.86298423156072
"2010-06-17",-3.91124845756452,-2.7478244011388
"2010-06-18",-3.75814799288988,-2.63940027513313
"2010-06-21",-3.60830774993279,-2.53359955773283
"2010-06-22",-3.46343902098997,-2.43156465118112
"2010-06-23",-3.47771854423147,-2.44172635564939
"2010-06-24",-3.33958069215747,-2.34428146834204
"2010-06-25",-3.28539707577873,-2.30606218193262
"2010-06-28",-3.16057753775712,-2.2180171921716
"2010-06-29",-3.02588136559454,-2.12263165151239
"2010-06-30",-3.51353784361684,-2.4679869319032
"2010-07-01",-3.40432541581207,-2.39108687005585
"2010-07-02",-3.31497372364641,-2.3278091596545
"2010-07-06",-3.20114264243288,-2.24721961536986
"2010-07-07",-3.09053184965731,-2.16866774736628
"2010-07-08",-3.47668501483283,-2.44103572130073
"2010-07-09",-3.44414694562104,-2.41809933075501
"2010-07-12",-3.32450237297203,-2.33393989728972
"2010-07-13",-3.18876123122294,-2.23770685072112
"2010-07-14",-3.16873810040151,-2.22313540113645
"2010-07-15",-3.03924659853762,-2.13224624896314
"2010-07-16",-2.91291740066023,-2.0431229544094
"2010-07-19",-3.26093589716968,-2.28971029481368
"2010-07-20",-3.15082863256278,-2.21180451993091
"2010-07-21",-3.0718656944845,-2.15595201448957
"2010-07-22",-2.9757127588465,-2.08791018589409
"2010-07-23",-3.10208203411341,-2.17685373499918
"2010-07-26",-3.05597504626132,-2.14432428959293
"2010-07-27",-3.00867644498571,-2.11089325713699
"2010-07-28",-2.88413317791922,-2.02276872607216
"2010-07-29",-2.77890560882601,-1.94844250667648
"2010-07-30",-2.66433835427881,-1.86726344880704
"2010-08-02",-2.55408587672167,-1.78909691699396
"2010-08-03",-2.78961130603252,-1.95527982436068
"2010-08-04",-2.69189463231482,-1.88612027710682
"2010-08-05",-2.59131971517093,-1.81487497101801
"2010-08-06",-2.48446412241527,-1.73949559515149
"2010-08-09",-2.39521307811145,-1.67676361255722
"2010-08-10",-2.32695459351224,-1.6281624721733
"2010-08-11",-2.23333286296743,-1.56210212348177
"2010-08-12",-2.73985355574321,-1.92154027003336
"2010-08-13",-2.68076399218251,-1.88001724633252
"2010-08-16",-2.57177617103189,-1.80288786768304
"2010-08-17",-2.46633727854772,-1.72841994348657
"2010-08-18",-2.4632944191924,-1.72598596914536
"2010-08-19",-2.36404110791105,-1.65602805620001
"2010-08-20",-2.47923815240841,-1.73807197020826
"2010-08-23",-2.42143680704128,-1.69745572434448
"2010-08-24",-2.34778965523213,-1.64560528208911
"2010-08-25",-2.52108049735541,-1.76886286081946
"2010-08-26",-2.41971096199308,-1.69755700767794
"2010-08-27",-2.35297782116914,-1.65042239926446
"2010-08-30",-2.56623135043465,-1.80013037652985
"2010-08-31",-2.62343018584804,-1.84099481691757
"2010-09-01",-2.51702884392975,-1.76569839407379
"2010-09-02",-2.92092287267744,-2.05045867093297
"2010-09-03",-2.80960155455579,-1.9719034925045
"2010-09-07",-2.78482469249129,-1.953989845251
"2010-09-08",-2.71377128285703,-1.90410449664821
"2010-09-09",-2.64700617519163,-1.85689644492908
"2010-09-10",-2.53996015771078,-1.78111947969886
"2010-09-13",-2.48131278462524,-1.73956715986066
"2010-09-14",-2.3940379875917,-1.67760384736031
"2010-09-15",-2.30885708780022,-1.6174319302851
"2010-09-16",-2.21447204720937,-1.5510008941335
"2010-09-17",-2.12371527218384,-1.4872578606963
"2010-09-20",-2.04007386014606,-1.42812021567362
"2010-09-21",-2.10303170379709,-1.47226054003161
"2010-09-22",-2.0246597296637,-1.41650316497881
"2010-09-23",-1.9383829322962,-1.35548944706931
"2010-09-24",-1.9736523967775,-1.38104581966389
"2010-09-27",-2.33969134581443,-1.63952611610405
"2010-09-28",-2.27194010872447,-1.591981287317
"2010-09-29",-2.19202784751229,-1.53525911710138
"2010-09-30",-2.10094731047566,-1.47070182851326
"2010-10-01",-2.04100910587795,-1.42856536628463
"2010-10-04",-1.97230871597232,-1.37964765814846
"2010-10-05",-1.95537091975465,-1.36843889351635
"2010-10-06",-2.30906086175307,-1.61774494958979
"2010-10-07",-2.23019582408817,-1.56202273425916
"2010-10-08",-2.14222442929868,-1.49967118556718
"2010-10-11",-2.10140965697708,-1.47066130178172
"2010-10-12",-2.01627449870137,-1.41044699438992
"2010-10-13",-1.93161178369177,-1.35009420596511
"2010-10-14",-1.92595578719858,-1.34597970344128
"2010-10-15",-1.84781865994423,-1.29071498103742
"2010-10-18",-1.86999106722011,-1.30709760248338
"2010-10-19",-1.83736697404233,-1.28361521088256
"2010-10-20",-2.02872759543877,-1.42003973966501
"2010-10-21",-2.10220962873042,-1.47133015054859
"2010-10-22",-2.02500066677392,-1.41662650206589
"2010-10-25",-1.94743807232863,-1.36163230973719
"2010-10-26",-1.87330297562837,-1.30908608534063
"2010-10-27",-1.80417945105862,-1.26033621194692
"2010-10-28",-1.77023045248772,-1.23698567914178
"2010-10-29",-1.70601696977593,-1.19166877018021
"2010-11-01",-1.64368993766201,-1.14768141182614
"2010-11-02",-1.58064389273748,-1.1028957699492
"2010-11-03",-1.54257221067915,-1.07558751850185
"2010-11-04",-1.4849105517095,-1.03476280440647
"2010-11-05",-1.87451305073816,-1.30924749044289
"2010-11-08",-1.80849193789249,-1.26257831187066
"2010-11-09",-1.75662739414688,-1.22606818336082
"2010-11-10",-1.73136554271902,-1.20862274240368
"2010-11-11",-1.67544912850967,-1.16898402797919
"2010-11-12",-1.63072462065602,-1.13766864748987
"2010-11-15",-1.71931988081316,-1.20121940687293
"2010-11-16",-1.66074863976196,-1.15970145418734
"2010-11-17",-1.87491071239391,-1.31188406858037
"2010-11-18",-1.81309423052395,-1.26827224257189
"2010-11-19",-2.07885200616238,-1.45499118560193
"2010-11-22",-2.01282667889971,-1.40821460183518
"2010-11-23",-1.95017025266969,-1.36397019118465
"2010-11-24",-2.09905205001606,-1.47024596326884
"2010-11-26",-2.2179555703892,-1.55374029110216
"2010-11-29",-2.22116434463044,-1.55631843088688
"2010-11-30",-2.1540450521443,-1.50885370146403
"2010-12-01",-2.10367016646347,-1.47341470523483
"2010-12-02",-2.49916324343893,-1.7516741823943
"2010-12-03",-2.47110226230016,-1.73152464231793
"2010-12-06",-2.38928619599511,-1.6735254394343
"2010-12-07",-2.31774772994272,-1.62308612204797
"2010-12-08",-2.25391977515283,-1.57780782145238
"2010-12-09",-2.18132905311662,-1.52634137321639
"2010-12-10",-2.1101263479022,-1.47595017352201
"2010-12-13",-2.06402730535382,-1.44301019272153
"2010-12-14",-2.00025490525593,-1.39761296101339
"2010-12-15",-1.94089508744643,-1.3552518348764
"2010-12-16",-1.87455535531956,-1.30837330384665
"2010-12-17",-1.83919755094407,-1.28314369623435
"2010-12-20",-1.77508878013561,-1.23774817824549
"2010-12-21",-1.71783396724686,-1.1972281245443
"2010-12-22",-1.68100256732477,-1.17074980984022
"2010-12-23",-1.62781748209269,-1.13281987075456
"2010-12-27",-1.56737023323923,-1.0897231331514
"2010-12-28",-1.52643373454003,-1.06102919250969
"2010-12-29",-1.47035946995887,-1.02103132479936
"2010-12-30",-1.40886385447514,-0.977437822290058
"2010-12-31",-1.35232780059118,-0.937515674700244
"2011-01-03",-1.29287886501446,-0.895504681301832
"2011-01-04",-1.26920755029393,-0.878199639884832
"2011-01-05",-1.2109037526396,-0.836832568475992
"2011-01-06",-1.15097379172373,-0.7942762746823
"2011-01-07",-1.09307356094557,-0.753027138672545
"2011-01-10",-1.03748514791076,-0.713329075680475
"2011-01-11",-1.02055394353912,-0.702043539416641
"2011-01-12",-0.966610058207724,-0.663661182696003
"2011-01-13",-1.02227565116465,-0.701851567596299
"2011-01-14",-1.06486580040251,-0.733031515888745
"2011-01-18",-1.01426401593863,-0.696966771678768
"2011-01-19",-1.04876100088865,-0.720553922659675
"2011-01-20",-0.997909311175285,-0.684620906858796
"2011-01-21",-0.987424314391851,-0.677889437934836
"2011-01-24",-1.0978963049085,-0.754778649468171
"2011-01-25",-1.21961766623117,-0.839947537069614
"2011-01-26",-1.17076406917835,-0.805376512932126
"2011-01-27",-1.13279518864073,-0.778651612188778
"2011-01-28",-1.08018661841871,-0.741099854934357
"2011-01-31",-1.24862243083835,-0.861891293880142
"2011-02-01",-1.24701637164579,-0.860094567399497
"2011-02-02",-1.51055723225032,-1.04542577611603
"2011-02-03",-1.43973111171043,-0.995327839519726
"2011-02-04",-1.38434744080906,-0.956258312109141
"2011-02-07",-1.31823155684854,-0.909271921239723
"2011-02-08",-1.34517664818446,-0.927685172933119
"2011-02-09",-1.3161927952575,-0.906637745236585
"2011-02-10",-1.28618847668868,-0.885618114288965
"2011-02-11",-1.23134472053868,-0.846444440855252
"2011-02-14",-1.17322825366535,-0.805081044422628
"2011-02-15",-1.11270536356345,-0.761080412792737
"2011-02-16",-1.16260178074507,-0.79744051033175
"2011-02-17",-1.13262745653281,-0.775721518672049
"2011-02-18",-1.08313465603638,-0.740166867375116
"2011-02-22",-1.08300688350049,-0.739483539155531
"2011-02-23",-1.42929539661825,-0.987555408394494
"2011-02-24",-1.39542523523145,-0.963982735111584
"2011-02-25",-1.32898561196653,-0.917217363797829
"2011-02-28",-1.32341689907747,-0.912870795767965
"2011-03-01",-1.27297144047554,-0.877111413411747
"2011-03-02",-1.53016494127127,-1.05994750862255
"2011-03-03",-1.45563850587241,-1.00752243488628
"2011-03-04",-1.80485755254263,-1.25308696414824
"2011-03-07",-1.81929731431434,-1.26365111282026
"2011-03-08",-1.80026524922825,-1.25082360035105
"2011-03-09",-1.81889145648732,-1.26377715262505
"2011-03-10",-1.73459017706093,-1.20463555981456
"2011-03-11",-2.27118794041314,-1.58541515243796
"2011-03-14",-2.19623536217512,-1.53242386669986
"2011-03-15",-2.11566381049157,-1.4757087141332
"2011-03-16",-2.21010799178907,-1.54284117007318
"2011-03-17",-2.67041335301493,-1.86854287008623
"2011-03-18",-2.75100992291348,-1.92530910759866
"2011-03-21",-2.66028640964617,-1.86104036313956
"2011-03-22",-2.85115457440791,-1.99569542642462
"2011-03-23",-2.71618962246228,-1.90055808137772
"2011-03-24",-2.60132232953181,-1.81934481694891
"2011-03-25",-2.49618567905497,-1.74497589147956
"2011-03-28",-2.39978798650512,-1.67670019940987
"2011-03-29",-2.29082386629355,-1.59987096627082
"2011-03-30",-2.23235225972565,-1.55816744652896
"2011-03-31",-2.18616666629234,-1.52550351299319
"2011-04-01",-2.08773136996163,-1.45621075118976
"2011-04-04",-2.05479168540181,-1.43280640470825
"2011-04-05",-1.95724086204234,-1.36385399992326
"2011-04-06",-1.87588602211882,-1.30653409584609
"2011-04-07",-1.78067130424473,-1.23907836285264
"2011-04-08",-1.69249155349492,-1.17709596535049
"2011-04-11",-1.6130674745951,-1.12096664400124
"2011-04-12",-1.54616899435462,-1.07392158142712
"2011-04-13",-1.69424373960789,-1.179781508248
"2011-04-14",-1.60968965802512,-1.12005872235732
"2011-04-15",-1.56395007567395,-1.08750973218804
"2011-04-18",-1.52298368974837,-1.05817121834273
"2011-04-19",-1.68384456420455,-1.17284822303088
"2011-04-20",-1.63084238945812,-1.13518773033485
"2011-04-21",-1.86957210483828,-1.30305863605722
"2011-04-25",-1.78690585338504,-1.24444544316581
"2011-04-26",-1.71503708789782,-1.19381819036214
"2011-04-27",-1.77807257227546,-1.23783410246763
"2011-04-28",-1.77673834508599,-1.23655852110077
"2011-04-29",-1.71981683264555,-1.19566671606722
"2011-05-02",-1.68000331010982,-1.16741860412307
"2011-05-03",-1.59863956262048,-1.10980546390969
"2011-05-04",-1.5326301475593,-1.0631886795872
"2011-05-05",-1.58377253533698,-1.10016310934784
"2011-05-06",-1.79106978602151,-1.24777643593859
"2011-05-09",-1.72129516589239,-1.19846791615204
"2011-05-10",-1.65644753611951,-1.15236669774409
"2011-05-11",-1.62396557140014,-1.12899778355506
"2011-05-12",-1.69281543397934,-1.17827146800123
"2011-05-13",-1.6496611404816,-1.14731675639435
"2011-05-16",-1.65648183174111,-1.15274056332223
"2011-05-17",-1.61722521518159,-1.12529422813474
"2011-05-18",-1.60149707992993,-1.11482767802308
"2011-05-19",-1.64162593955495,-1.14252237223456
"2011-05-20",-1.58922843672831,-1.10520421517292
"2011-05-23",-1.61719346938054,-1.12549660963539
"2011-05-24",-1.77577082546978,-1.23824967641702
"2011-05-25",-1.70101293567121,-1.18540586788638
"2011-05-26",-1.6310138575493,-1.13553748810155
"2011-05-27",-1.5551823252494,-1.08218419447102
"2011-05-31",-1.4818589748539,-1.03050091228136
"2011-06-01",-1.60109265382014,-1.11360812590669
"2011-06-02",-2.18838488696461,-1.53055714071892
"2011-06-03",-2.10195129180824,-1.46975625859675
"2011-06-06",-2.09502186599883,-1.46534061373859
"2011-06-07",-2.05205851001923,-1.43527069528138
"2011-06-08",-1.97373187144974,-1.38017176356542
"2011-06-09",-1.88401842041099,-1.31666416042269
"2011-06-10",-1.85025963895511,-1.29268702606365
"2011-06-13",-2.04320609605909,-1.4293201067061
"2011-06-14",-1.95281702194006,-1.36563454345104
"2011-06-15",-2.03663961083433,-1.4242185068665
"2011-06-16",-2.19938190625566,-1.53992345118856
"2011-06-17",-2.13138852098973,-1.4917516733401
"2011-06-20",-2.04395365704911,-1.42986577031082
"2011-06-21",-2.01376678799265,-1.40839103800403
"2011-06-22",-1.97190241534737,-1.37859740624754
"2011-06-23",-1.96821257693641,-1.37635051500232
"2011-06-24",-2.00583453893044,-1.40346144303896
"2011-06-27",-2.057060487021,-1.44018731422282
"2011-06-28",-2.04482981425485,-1.43111565746767
"2011-06-29",-2.12817236050425,-1.48957313069789
"2011-06-30",-2.04947140792095,-1.43410557985828
"2011-07-01",-2.18577889882601,-1.5299461219801
"2011-07-05",-2.24629894002822,-1.57238059417125
"2011-07-06",-2.14788506185297,-1.50271628480931
"2011-07-07",-2.07991677113235,-1.4544251418125
"2011-07-08",-2.05387698907375,-1.43578490991643
"2011-07-11",-1.99316431049436,-1.3928313031332
"2011-07-12",-2.11143122593575,-1.47729124859751
"2011-07-13",-2.07281093205983,-1.45005522232837
"2011-07-14",-2.00684353406896,-1.40337378201846
"2011-07-15",-1.93289959763769,-1.35086553915877
"2011-07-18",-1.85820319420333,-1.29762976262852
"2011-07-19",-1.86037197186902,-1.29964083090128
"2011-07-20",-2.12505680426688,-1.4856856125288
"2011-07-21",-2.03224681159859,-1.42027300486562
"2011-07-22",-2.11098894687143,-1.47550798118886
"2011-07-25",-2.08858775173938,-1.45963415759391
"2011-07-26",-2.06640354380224,-1.44453172175863
"2011-07-27",-2.04551898346438,-1.43010204910245
"2011-07-28",-2.25599481262359,-1.57968523070779
"2011-07-29",-2.20120316161259,-1.54070172501877
"2011-08-01",-2.20938274049844,-1.54685907321318
"2011-08-02",-2.11196843177167,-1.47807413253234
"2011-08-03",-2.65423648037676,-1.86160966518555
"2011-08-04",-2.53477912028095,-1.77701920403046
"2011-08-05",-4.31158378059733,-3.03228605968885
"2011-08-08",-4.13101701119104,-2.90502268662769
"2011-08-09",-5.73064417445625,-4.03603948160592
"2011-08-10",-5.95768269788938,-4.19623930825568
"2011-08-11",-6.66867244569813,-4.69927938097617
"2011-08-12",-6.87345996050768,-4.84392647575213
"2011-08-15",-6.65662402268692,-4.69079057279478
"2011-08-16",-6.51815169286103,-4.59272422097644
"2011-08-17",-6.22823797076923,-4.38733596041194
"2011-08-18",-5.91787129777642,-4.1682331247255
"2011-08-19",-6.42078762730199,-4.52402829219866
"2011-08-22",-6.19963497282609,-4.36791807297925
"2011-08-23",-5.89950978349048,-4.15585395475119
"2011-08-24",-6.07180407925759,-4.27739431123307
"2011-08-25",-5.82274503251435,-4.10145012261229
"2011-08-26",-5.65619852516975,-3.98345818263562
"2011-08-29",-5.48080988367289,-3.87369847662285
"2011-08-30",-5.41037456817833,-3.80980030453057
"2011-08-31",-5.15144695967592,-3.62673540627454
"2011-09-01",-4.91494739175816,-3.45957131247403
"2011-09-02",-4.75098694196221,-3.35155485221847
"2011-09-06",-4.7712526229713,-3.35820182366339
"2011-09-07",-4.59569146542596,-3.23471299856645
"2011-09-08",-4.76384909385212,-3.35346208118276
"2011-09-09",-4.5859196172517,-3.22765794614954
"2011-09-12",-4.78157108745203,-3.36627056570608
"2011-09-13",-4.54848388804964,-3.20133265436645
"2011-09-14",-4.34964324732694,-3.06066225764794
"2011-09-15",-4.22266481535721,-2.97078923854117
"2011-09-16",-4.19938454171332,-2.95414546873932
"2011-09-19",-4.02314883461596,-2.82935963455901
"2011-09-20",-3.88486856369681,-2.73187631899557
"2011-09-21",-3.68232696390499,-2.58845124920761
"2011-09-22",-4.07087723111534,-2.86332588229002
"2011-09-23",-4.87400698274919,-3.43146251970785
"2011-09-26",-4.6332081638025,-3.26121707547096
"2011-09-27",-4.82612609011891,-3.39722397289491
"2011-09-28",-4.70728560165682,-3.31318662504787
"2011-09-29",-4.61550341750064,-3.24824257302047
"2011-09-30",-4.52193054756254,-3.1817402314526
"2011-10-03",-4.56731113720817,-3.21401113026461
"2011-10-04",-4.75578504557142,-3.34735408578448
"2011-10-05",-4.57340377675556,-3.21829840786276
"2011-10-06",-4.44129307913797,-3.12466571953404
"2011-10-07",-4.30444943202901,-3.02778055411978
"2011-10-10",-4.08563037776802,-2.87270870967099
"2011-10-11",-4.43728413224239,-3.12103163737107
"2011-10-12",-4.21670645994689,-2.96516375097862
"2011-10-13",-4.05471661206939,-2.8505018391399
"2011-10-14",-3.86451013568321,-2.71603760212003
"2011-10-17",-3.84001478896469,-2.69854229473741
"2011-10-18",-3.97061208602587,-2.79119055549848
"2011-10-19",-3.93297304839244,-2.76421411317384
"2011-10-20",-3.76420977571446,-2.64507057103069
"2011-10-21",-3.61589559566108,-2.54666184712754
"2011-10-24",-3.62811924699689,-2.54820918691636
"2011-10-25",-3.47267045874126,-2.43810400702509
"2011-10-26",-3.52686521384882,-2.48626094305037
"2011-10-27",-3.49752078788016,-2.45541865110675
"2011-10-28",-3.79911911473199,-2.66839634807534
"2011-10-31",-3.61103696891711,-2.53499679517658
"2011-11-01",-3.89634305925699,-2.7370664650507
"2011-11-02",-4.2250660848916,-2.97023346382805
"2011-11-03",-4.1506000333567,-2.91732405021929
"2011-11-04",-4.12309935991311,-2.89757447800132
"2011-11-07",-3.95243551472872,-2.77705893798689
"2011-11-08",-3.76685554699923,-2.64556963325668
"2011-11-09",-3.61489270697753,-2.53815372961239
"2011-11-10",-4.14252241611773,-2.91149878724202
"2011-11-11",-4.01645054473547,-2.82244285792342
"2011-11-14",-4.10249781592511,-2.88279782645273
"2011-11-15",-3.91401633022577,-2.74982932666275
"2011-11-16",-3.71629873736971,-2.61041052283637
"2011-11-17",-3.68968110267476,-2.59173465921541
"2011-11-18",-3.59137875013813,-2.52227211706044
"2011-11-21",-3.40966511127913,-2.39365944964453
"2011-11-22",-3.68862689508829,-2.59112581979532
"2011-11-23",-3.54972933225732,-2.49329570962673
"2011-11-25",-3.72487012998463,-2.61756047140882
"2011-11-28",-3.55129770371531,-2.49492194066084
"2011-11-29",-3.88893745279116,-2.73314541308019
"2011-11-30",-3.71021850708828,-2.60641197121158
"2011-12-01",-4.81530505483837,-3.38705395459484
"2011-12-02",-4.57139418202449,-3.21461908519425
"2011-12-05",-4.34014315076066,-3.05086943592425
"2011-12-06",-4.12840436333512,-2.90082733164864
"2011-12-07",-3.93265242436067,-2.7623905708599
"2011-12-08",-3.73578145090261,-2.6230859111079
"2011-12-09",-3.72605375819746,-2.61641969245037
"2011-12-12",-3.80609555672239,-2.67300590190129
"2011-12-13",-3.80215757026057,-2.67041042544346
"2011-12-14",-3.61860835170624,-2.54059603001579
"2011-12-15",-3.53426693462436,-2.48090477365236
"2011-12-16",-3.38268301886374,-2.37362558335943
"2011-12-19",-3.21120639629385,-2.25219986340844
"2011-12-20",-3.0733857896254,-2.15464686753195
"2011-12-21",-3.51583176784125,-2.46689327698463
"2011-12-22",-3.35544066274011,-2.35316684179081
"2011-12-23",-3.2157051060529,-2.25415054873093
"2011-12-27",-3.09974695083454,-2.1717973304619
"2011-12-28",-2.94505469272846,-2.06248347129478
"2011-12-29",-2.92688280065133,-2.04987269677502
