"Date","alpha_1perc","alpha_5perc"
"2004-12-28",-1.66199911234621,-1.12566923293935
"2004-12-29",-1.67759290410792,-1.14135267374498
"2004-12-30",-1.64605580454494,-1.10981227981231
"2004-12-31",-1.61435653633103,-1.09396445421076
"2005-01-03",-1.56698651521161,-1.06239596818321
"2005-01-04",-1.74055019503643,-1.18860085284573
"2005-01-05",-1.83519787878316,-1.25169547263991
"2005-01-06",-1.78788699004729,-1.2201548633372
"2005-01-07",-1.77213977486419,-1.22016712247765
"2005-01-10",-1.75629324140665,-1.20435672532796
"2005-01-11",-1.72470216333329,-1.17279102767992
"2005-01-12",-1.70893903638796,-1.17279401117686
"2005-01-13",-1.77206254821671,-1.22012617680549
"2005-01-14",-1.85090309245048,-1.26743099448903
"2005-01-18",-1.83514741682791,-1.25166879530051
"2005-01-19",-1.86668464388727,-1.2832070141842
"2005-01-20",-1.86671590630448,-1.28322390754008
"2005-01-21",-1.86651569661027,-1.2831157196929
"2005-01-24",-1.882267550469,-1.28310733295429
"2005-01-25",-1.83487418982171,-1.2515243504501
"2005-01-26",-1.92928201830718,-1.31448719030759
"2005-01-27",-1.89773320579609,-1.29871196179757
"2005-01-28",-1.92925824559334,-1.25141963515626
"2005-01-31",-2.35506475688777,-1.44067358597935
"2005-02-01",-2.18152715290972,-1.3775537165049
"2005-02-02",-1.92931859236815,-1.33027128681056
"2005-02-03",-1.96091433810309,-1.34607244864638
"2005-02-04",-1.91361901689058,-1.31454220908856
"2005-02-07",-1.89787521651384,-1.29878856151805
"2005-02-08",-1.85048508044554,-1.26720752895179
"2005-02-09",-1.83473743887677,-1.26721652518922
"2005-02-10",-1.80319990205198,-1.23568303409406
"2005-02-11",-1.80321837826424,-1.2356928156182
"2005-02-14",-1.78747042023021,-1.23570174220891
"2005-02-15",-1.75594468169329,-1.20417414643049
"2005-02-16",-1.7243077275732,-1.18835304536787
"2005-02-17",-1.72431708340571,-1.17259444841619
"2005-02-18",-1.73995567937282,-1.18829334474386
"2005-02-22",-1.85030696513116,-1.26711231007303
"2005-02-23",-2.10274659819312,-1.44063307250546
"2005-02-24",-2.11846555211859,-1.47213603114901
"2005-02-25",-2.19744154648584,-1.55104928498218
"2005-02-28",-2.24484146295378,-1.58264217086651
"2005-03-01",-2.19745158645428,-1.53528950556619
"2005-03-02",-2.1186197970181,-1.48799047499667
"2005-03-03",-2.05546681381669,-1.44064119229414
"2005-03-04",-1.94502156007585,-1.33023787475487
"2005-03-07",-2.02375931667754,-1.42477318581154
"2005-03-08",-1.97533533661789,-1.39259219579355
"2005-03-09",-1.91231137386074,-1.3453286986045
"2005-03-10",-2.02210320924094,-1.42381246050301
"2005-03-11",-1.95912796613025,-1.37658054284601
"2005-03-14",-1.89578158389346,-1.28191920784703
"2005-03-15",-1.84842133555379,-1.25036597001076
"2005-03-16",-1.83249208044651,-1.25026501874219
"2005-03-17",-1.86355476670936,-1.25005414368265
"2005-03-18",-1.8162222796736,-1.23425012850984
"2005-03-21",-1.83195968531966,-1.23425447701681
"2005-03-22",-1.80022859551619,-1.21838447262251
"2005-03-23",-1.87827822031297,-1.24954120795883
"2005-03-24",-1.81533955772238,-1.23378883510308
"2005-03-28",-1.76817657529663,-1.18663092894437
"2005-03-29",-1.72096372464361,-1.17088259394323
"2005-03-30",-1.89387512810457,-1.23376312859605
"2005-03-31",-2.2862713883748,-1.40639687189973
"2005-04-01",-1.84624453460788,-1.29636240638365
"2005-04-04",-1.82972093411868,-1.28020114842818
"2005-04-05",-1.79829040319533,-1.24878406862817
"2005-04-06",-1.75117843550417,-1.21737756683296
"2005-04-07",-1.79816275195293,-1.2173177952271
"2005-04-08",-1.89229002037505,-1.23298498480156
"2005-04-11",-1.97063245715457,-1.26430942311923
"2005-04-12",-1.86073847538928,-1.23290646657046
"2005-04-13",-1.70377586478471,-1.18581661463253
"2005-04-14",-1.75057440883025,-1.23274476135771
"2005-04-15",-1.78198081650725,-1.2484490972829
"2005-04-18",-2.20615292908739,-1.54688553786074
"2005-04-19",-2.14336765039408,-1.49979623107571
"2005-04-20",-2.14341704966252,-1.49982506821211
"2005-04-21",-2.20610578081981,-1.54685770888329
"2005-04-22",-2.48912516619759,-1.75120620684372
"2005-04-25",-2.41048131993986,-1.68831925010671
"2005-04-26",-2.44190590356256,-1.57843897568457
"2005-04-27",-2.34747969836934,-1.54691548153414
"2005-04-28",-2.20609212143123,-1.49976089830399
"2005-04-29",-2.34749618044309,-1.54692442472214
"2005-05-02",-2.44168645914991,-1.59401978100983
"2005-05-03",-2.30041885209165,-1.54693286007679
"2005-05-04",-2.15914345168083,-1.48414419094018
"2005-05-05",-2.19059547168979,-1.49987397200379
"2005-05-06",-2.08070831940283,-1.43708131165449
"2005-05-09",-1.98646525117492,-1.37425836927879
"2005-05-10",-1.95504136568342,-1.358544687006
"2005-05-11",-2.04927850483393,-1.40566629040265
"2005-05-12",-2.04867560818795,-1.43671330579535
"2005-05-13",-2.11157802189071,-1.48386757038841
"2005-05-16",-2.11156556926881,-1.46816764723022
"2005-05-17",-2.08021090825791,-1.45249266461071
"2005-05-18",-2.08014667272654,-1.45245561872225
"2005-05-19",-2.11152432071264,-1.46814392396735
"2005-05-20",-2.04876697961561,-1.43676615305351
"2005-05-23",-2.01727261887849,-1.40531906762715
"2005-05-24",-1.98589346081468,-1.38962970577983
"2005-05-25",-1.93872832033538,-1.34250531469361
"2005-05-26",-1.8916609050987,-1.31112671290573
"2005-05-27",-1.89167171345959,-1.32682291819347
"2005-05-31",-1.86022979980737,-1.29540847411824
"2005-06-01",-1.95437064316468,-1.32678956315392
"2005-06-02",-1.90724477017542,-1.3267576580346
"2005-06-03",-1.87586889487173,-1.2796920995987
"2005-06-06",-1.86016059269456,-1.29537021677017
"2005-06-07",-1.81307798263984,-1.26398379070506
"2005-06-08",-1.76597042535137,-1.23258396223542
"2005-06-09",-1.73459693737609,-1.20120944894879
"2005-06-10",-1.84437113342554,-1.23256436039936
"2005-06-13",-1.67176995535386,-1.16979347759038
"2005-06-14",-1.76588107302001,-1.18547547477829
"2005-06-15",-1.59327906580911,-1.10701721142802
"2005-06-16",-1.59329262323177,-1.1070241502664
"2005-06-17",-1.70307738097807,-1.15407342613008
"2005-06-20",-1.84422262567245,-1.21680322037381
"2005-06-21",-1.7657653239731,-1.18541721183521
"2005-06-22",-1.765783779715,-1.16974116979827
"2005-06-23",-1.54615883739704,-1.07561390528681
"2005-06-24",-2.31501057339784,-1.40513410843096
"2005-06-27",-2.51912703306543,-1.51503209080308
"2005-06-28",-2.23666817369747,-1.42086947479876
"2005-06-29",-2.33092570670062,-1.46799852843585
"2005-06-30",-2.18970929323144,-1.4052350392462
"2005-07-01",-2.06399512385047,-1.35806372834878
"2005-07-05",-1.98557723157781,-1.32669894564189
"2005-07-06",-2.00123163492412,-1.34236891709313
"2005-07-07",-2.15822304604736,-1.38949110703337
"2005-07-08",-2.04806973888027,-1.35793892834503
"2005-07-11",-2.26778258093669,-1.4521120343512
"2005-07-12",-2.14230496303387,-1.40505942949635
"2005-07-13",-1.98532520947241,-1.34225125777669
"2005-07-14",-1.93827427238122,-1.31088352864329
"2005-07-15",-1.87552728331106,-1.29519443852852
"2005-07-18",-1.8127894905282,-1.24814090234853
"2005-07-19",-1.85971760759709,-1.24807598091049
"2005-07-20",-2.07915036663544,-1.34210889549555
"2005-07-21",-1.87515361348218,-1.31067049679178
"2005-07-22",-1.85948677667329,-1.29499773462176
"2005-07-25",-1.82813111826068,-1.2793201676661
"2005-07-26",-1.79678346496945,-1.24796657926381
"2005-07-27",-1.74971519625969,-1.21659120016416
"2005-07-28",-1.74973556011643,-1.23228253859703
"2005-07-29",-1.74976444069785,-1.23229845238679
"2005-08-01",-1.82824020087971,-1.26369891226087
"2005-08-02",-1.7968050361578,-1.23229751685597
"2005-08-03",-1.78111556867352,-1.23229284832751
"2005-08-04",-1.74966589344768,-1.20088525734945
"2005-08-05",-1.781072202533,-1.21658951092906
"2005-08-08",-1.73392505383974,-1.20085265562259
"2005-08-09",-1.70256877251839,-1.16949593130112
"2005-08-10",-1.73396651130987,-1.2008746709688
"2005-08-11",-1.68692912016043,-1.16951639263341
"2005-08-12",-1.78104233939841,-1.23225356639847
"2005-08-15",-1.78096974604424,-1.23221462559259
"2005-08-16",-1.73391542503968,-1.20084754239773
"2005-08-17",-2.00048081548859,-1.326291618981
"2005-08-18",-1.87496900799278,-1.29488961335473
"2005-08-19",-1.79657600313441,-1.23217626407888
"2005-08-22",-1.71809188733342,-1.20076942747557
"2005-08-23",-1.67104872099919,-1.16940917023351
"2005-08-24",-1.63953276002295,-1.13797188068145
"2005-08-25",-1.7335380093732,-1.1849738602613
"2005-08-26",-1.65511167987982,-1.1535957700779
"2005-08-29",-1.67080663081478,-1.15360747147578
"2005-08-30",-1.74919995336982,-1.16929497864939
"2005-08-31",-1.68646172279263,-1.13792602811216
"2005-09-01",-1.90583279021422,-1.23193976026654
"2005-09-02",-1.73314157764173,-1.16910101598639
"2005-09-06",-1.7018018199019,-1.15343112232577
"2005-09-07",-1.83268343917953,-1.22131220117913
"2005-09-08",-1.73947396045304,-1.16801806334502
"2005-09-09",-1.69911210717217,-1.14106728480282
"2005-09-12",-1.87804980132755,-1.24992575959261
"2005-09-13",-1.7522809487482,-1.19956161765074
"2005-09-14",-1.72492064128556,-1.19777119388178
"2005-09-15",-1.74993149120128,-1.2102493827281
"2005-09-16",-1.6741413271512,-1.15965714326108
"2005-09-19",-1.68603646327255,-1.15913611049207
"2005-09-20",-1.61052956973757,-1.13385459873529
"2005-09-21",-1.63565144339646,-1.13388168854842
"2005-09-22",-1.66004845697307,-1.14587241660322
"2005-09-23",-1.55926233490825,-1.10787437189639
"2005-09-26",-1.52164949552973,-1.07026100978569
"2005-09-27",-1.49650037935488,-1.05766354958255
"2005-09-28",-1.49653847218928,-1.05769471644706
"2005-09-29",-1.48401011674436,-1.04516452645817
"2005-09-30",-1.47120421818836,-1.03240776627054
"2005-10-03",-1.43346837054796,-1.00723157658534
"2005-10-04",-1.42088418703558,-1.00719222855226
"2005-10-05",-1.69699529071923,-1.15787686659538
"2005-10-06",-1.98577393782791,-1.29610574464369
"2005-10-07",-1.8849738530729,-1.25811120487026
"2005-10-10",-1.84703278081832,-1.22024480684752
"2005-10-11",-1.74648969233542,-1.15736584195315
"2005-10-12",-1.70842452000412,-1.13193655627016
"2005-10-13",-1.54546790525329,-1.08177786292805
"2005-10-14",-1.6081812893129,-1.09435189764075
"2005-10-17",-1.70799290411,-1.14412999727166
"2005-10-18",-1.61977444721314,-1.10613522797438
"2005-10-19",-1.91882291455138,-1.25522896203903
"2005-10-20",-2.13191751576757,-1.38061902702166
"2005-10-21",-2.10733999280196,-1.44359077793103
"2005-10-24",-2.32021349930627,-1.55628213874283
"2005-10-25",-2.72175783466119,-1.71966213233992
"2005-10-26",-2.27065498483042,-1.58174872036172
"2005-10-27",-2.2452111114471,-1.55639039354135
"2005-10-28",-2.18274239210671,-1.531461915428
"2005-10-31",-2.35859774637806,-1.61952969316396
"2005-11-01",-2.20829557372225,-1.5443834247038
"2005-11-02",-2.10795038327376,-1.49417160142835
"2005-11-03",-2.01980767254222,-1.43117328757014
"2005-11-04",-2.12031593984987,-1.49404416165548
"2005-11-07",-2.04511405431133,-1.45642837473797
"2005-11-08",-2.00748969348925,-1.40628879353916
"2005-11-09",-1.90728689643751,-1.34366158097246
"2005-11-10",-1.85718274519865,-1.29355826740352
"2005-11-11",-1.85722857398606,-1.30611998089949
"2005-11-14",-1.83196583084174,-1.25585134928914
"2005-11-15",-1.79439293806949,-1.2308027278579
"2005-11-16",-1.76917700998733,-1.20562193424322
"2005-11-17",-1.76846482324452,-1.21757928321633
"2005-11-18",-1.75542362597972,-1.19212778772787
"2005-11-21",-1.78054039770336,-1.2422636875867
"2005-11-22",-1.79308995925938,-1.26732520159935
"2005-11-23",-1.76785473452095,-1.22961162257085
"2005-11-25",-1.72994147789136,-1.2042874172959
"2005-11-28",-1.70484045137928,-1.16668516098212
"2005-11-29",-1.79272252565838,-1.26702904841979
"2005-11-30",-1.76753800701827,-1.21684258313905
"2005-12-01",-1.74237267638946,-1.2167352921407
"2005-12-02",-1.84276464630266,-1.30455932330987
"2005-12-05",-1.78012434937265,-1.25444678826753
"2005-12-06",-1.73002066426183,-1.21686682598833
"2005-12-07",-1.7300142827121,-1.17931393021744
"2005-12-08",-1.72969766326933,-1.17906317959492
"2005-12-09",-1.67922591771919,-1.14119166041403
"2005-12-12",-1.69175093696065,-1.14120159720258
"2005-12-13",-1.64161131695812,-1.10359331911903
"2005-12-14",-1.62911977405284,-1.091097443767
"2005-12-15",-1.66674157574693,-1.12870147072991
"2005-12-16",-1.54158378612078,-1.09113750144651
"2005-12-19",-1.61666320918112,-1.07862907622466
"2005-12-20",-1.56642807442561,-1.05345708897694
"2005-12-21",-1.49134598936896,-1.0284234832433
"2005-12-22",-1.57891032999637,-1.05343401117757
"2005-12-23",-1.56635543837856,-1.02837721279078
"2005-12-27",-1.5411191590185,-1.00318777089285
"2005-12-28",-1.56629172243111,-1.11590290305748
"2005-12-29",-1.55374957752749,-1.07834518789217
"2005-12-30",-1.56623584980417,-1.04079404911763
"2006-01-03",-1.54112250841251,-1.06574063397685
"2006-01-04",-1.80424224642075,-1.27874125288432
"2006-01-05",-1.70409100345763,-1.19111286168258
"2006-01-06",-1.6783801562394,-1.16553786242771
"2006-01-09",-1.70287374331163,-1.19013382428592
"2006-01-10",-1.74035764178635,-1.17760144330132
"2006-01-11",-1.65281453029868,-1.14008175510474
"2006-01-12",-1.56519797242413,-1.10250222530961
"2006-01-13",-1.54022893180326,-1.09003086471388
"2006-01-17",-1.51502666219833,-1.07736851499682
"2006-01-18",-1.47749975428119,-1.03984404747391
"2006-01-19",-1.47623415800435,-1.05130760112964
"2006-01-20",-1.45119137849747,-1.0262732722269
"2006-01-23",-1.95136178580603,-1.33892285534961
"2006-01-24",-1.82625054727708,-1.27633018193093
"2006-01-25",-1.77547877070535,-1.23821203720546
"2006-01-26",-1.68798287834156,-1.18820636750521
"2006-01-27",-1.77558988403944,-1.25079607023824
"2006-01-30",-1.92565227229581,-1.33835794497989
"2006-01-31",-1.77560503739876,-1.25080827027463
"2006-02-01",-1.76279867551146,-1.23806284280291
"2006-02-02",-1.73790937358806,-1.21315414801064
"2006-02-03",-1.73766085435926,-1.22544775041178
"2006-02-06",-1.72524686207042,-1.21301844171583
"2006-02-07",-1.68765177492274,-1.16295313563613
"2006-02-08",-1.69996034708496,-1.20028253677892
"2006-02-09",-1.7248217020713,-1.20018433454649
"2006-02-10",-1.687321106866,-1.18767155458611
"2006-02-13",-1.6865961258122,-1.14962237358765
"2006-02-14",-1.63639962970022,-1.11196404929967
"2006-02-15",-1.67397406696625,-1.13702814499785
"2006-02-16",-1.59902543766217,-1.12451998040116
"2006-02-17",-1.64902379576513,-1.12456009179122
"2006-02-21",-1.62284570444132,-1.11111173175236
"2006-02-22",-1.57241911233267,-1.08574577613067
"2006-02-23",-1.6095992088543,-1.07306508584378
"2006-02-24",-1.59680222931944,-1.09776413230458
"2006-02-27",-1.55919687065286,-1.08514465860379
"2006-02-28",-1.54669255976155,-1.04769615588216
"2006-03-01",-1.64667912769949,-1.12269462595798
"2006-03-02",-1.63420703722455,-1.1226976089296
"2006-03-03",-1.60902427186742,-1.09756163134063
"2006-03-06",-1.57159806096785,-1.07261054310103
"2006-03-07",-1.57169550576264,-1.08516362648411
"2006-03-08",-1.54671357377805,-1.07266294688946
"2006-03-09",-1.57160629625313,-1.0351929395224
"2006-03-10",-1.44660192236826,-1.0225072541367
"2006-03-13",-1.45914076669206,-1.03503441321757
"2006-03-14",-1.44668518774227,-1.02257558007685
"2006-03-15",-1.45892294165849,-1.03485546509289
"2006-03-16",-1.4714202351902,-1.03487566764237
"2006-03-17",-1.38393427732807,-0.947423295429775
"2006-03-20",-1.37148242632966,-0.947439501182147
"2006-03-21",-1.40888732883911,-0.997318138830227
"2006-03-22",-1.39642710133375,-0.984855853738171
"2006-03-23",-1.43364243589118,-1.00963544867813
"2006-03-24",-1.44618384661091,-1.02216418933318
"2006-03-27",-1.40870630451816,-0.997169145622363
"2006-03-28",-1.38372743727381,-0.984667557093133
"2006-03-29",-1.45863430186174,-1.03461834106038
"2006-03-30",-1.44576816643603,-1.02182309029786
"2006-03-31",-1.41942413656621,-1.0081955040774
"2006-04-03",-1.41945402578647,-1.00822013279489
"2006-04-04",-1.40688172410644,-0.995667413219156
"2006-04-05",-1.43153908812542,-1.00791148459426
"2006-04-06",-1.41874919236517,-1.00763935005575
"2006-04-07",-1.39385760985291,-0.995201472840151
"2006-04-10",-1.50615476149549,-1.05763419567553
"2006-04-11",-1.46870658943406,-1.04511651992953
"2006-04-12",-1.34400218122039,-0.932892296563423
"2006-04-13",-1.4061691838092,-0.995080952438316
"2006-04-17",-1.3065119347828,-0.895423610229308
"2006-04-18",-1.26900212400117,-0.882852645025575
"2006-04-19",-1.65579528450212,-1.16987276011032
"2006-04-20",-1.66802855330515,-1.18214855923178
"2006-04-21",-1.66773158758889,-1.15699334830573
"2006-04-24",-1.58055387731459,-1.10718265364933
"2006-04-25",-1.56803126152403,-1.10712931917351
"2006-04-26",-1.47973314163053,-1.05639599313808
"2006-04-27",-1.55445540789406,-1.09376205316047
"2006-04-28",-1.51533795381295,-1.07986273725435
"2006-05-01",-1.47770333648344,-1.05472469902995
"2006-05-02",-1.45259727197926,-1.02965878632753
"2006-05-03",-1.56439625879189,-1.10416847734909
"2006-05-04",-1.56402884729205,-1.10386920733043
"2006-05-05",-1.53905075267783,-1.0913469261738
"2006-05-08",-1.60136941781672,-1.14120423617842
"2006-05-09",-1.55148140078256,-1.10377858432756
"2006-05-10",-1.5387938645181,-1.09113686319761
"2006-05-11",-1.51366741385247,-1.06605766686099
"2006-05-12",-1.5261331622458,-1.07851752622039
"2006-05-15",-1.61341099615716,-1.14088273639842
"2006-05-16",-1.56341608274713,-1.1033700883402
"2006-05-17",-1.53816428215791,-1.09062204015371
"2006-05-18",-1.81240420901637,-1.26525941944913
"2006-05-19",-1.77516669344107,-1.24044354449483
"2006-05-22",-1.73787466743658,-1.22801962797517
"2006-05-23",-1.72439557401272,-1.18988073348828
"2006-05-24",-1.63738443240862,-1.16502194365699
"2006-05-25",-1.61218736844983,-1.13988759936863
"2006-05-26",-1.72361948433589,-1.20168861334008
"2006-05-30",-1.69873262394983,-1.17680833914985
"2006-05-31",-1.91078730607437,-1.32656398276904
"2006-06-01",-1.91061721090275,-1.33885856394187
"2006-06-02",-1.89784446467146,-1.32615552049062
"2006-06-05",-1.8604341188041,-1.28877116602082
"2006-06-06",-2.12242657999814,-1.46355122411787
"2006-06-07",-2.07208167872415,-1.4257716542664
"2006-06-08",-2.09713330567782,-1.47564145205498
"2006-06-09",-1.98480372314826,-1.38826632031324
"2006-06-12",-1.91022764722022,-1.35097559261543
"2006-06-13",-1.88488284010026,-1.32572840062268
"2006-06-14",-1.8476300521232,-1.31332224911109
"2006-06-15",-1.94701524901057,-1.3754343295461
"2006-06-16",-2.38282513870009,-1.63707885099545
"2006-06-19",-2.0959496029515,-1.48712676757056
"2006-06-20",-2.09616926972292,-1.46245032473361
"2006-06-21",-2.07067903172284,-1.43709548901222
"2006-06-22",-2.03333320853657,-1.43703468701819
"2006-06-23",-1.97119946999119,-1.39975054052164
"2006-06-26",-1.9441224537866,-1.37311883835814
"2006-06-27",-2.03086384506618,-1.43506439490181
"2006-06-28",-1.86840262896633,-1.32246850073556
"2006-06-29",-2.00228761204092,-1.40725274907351
"2006-06-30",-2.25084384082563,-1.55649950653115
"2006-07-03",-2.20131244794637,-1.53175224855742
"2006-07-05",-2.06496416321443,-1.45739139384744
"2006-07-06",-2.10119273967384,-1.41944234614747
"2006-07-07",-2.07580984520528,-1.45615932147894
"2006-07-10",-2.05022621501377,-1.44313188695144
"2006-07-11",-1.99709401920672,-1.40564670910234
"2006-07-12",-1.99529391158871,-1.40420888729425
"2006-07-13",-1.88452121108407,-1.34268258531425
"2006-07-14",-1.98273060373855,-1.36315928798898
"2006-07-17",-2.03806894541609,-1.39636481692444
"2006-07-18",-1.91627857988808,-1.35204351995395
"2006-07-19",-2.01174586463181,-1.3782640942024
"2006-07-20",-2.13706435235041,-1.48259939603244
"2006-07-21",-2.13711452964406,-1.48263426499921
"2006-07-24",-2.13483793883637,-1.47067467634283
"2006-07-25",-2.31189615430083,-1.61640842736144
"2006-07-26",-2.28828663599077,-1.59366058974166
"2006-07-27",-2.23503129605414,-1.55120495039794
"2006-07-28",-2.17132667893541,-1.50869013227862
"2006-07-31",-2.12777809935818,-1.47614623717343
"2006-08-01",-2.12780588635578,-1.46582204932838
"2006-08-02",-2.07602627013264,-1.42440535549273
"2006-08-03",-2.07429565955506,-1.42321582911558
"2006-08-04",-2.07355356950825,-1.41237483964266
"2006-08-07",-1.93917977458187,-1.37100027229452
"2006-08-08",-2.00113772649802,-1.35032211698152
"2006-08-09",-1.99012914515226,-1.33953433674824
"2006-08-10",-1.86587823394255,-1.30832315474554
"2006-08-11",-1.96907506895672,-1.31861194297312
"2006-08-14",-1.9480178671194,-1.28736758155196
"2006-08-15",-1.76170628932624,-1.23540037688549
"2006-08-16",-1.7721136489816,-1.24578182680182
"2006-08-17",-1.91669197423996,-1.27680599382891
"2006-08-18",-1.91614419634525,-1.26612251456865
"2006-08-21",-1.75079443183424,-1.23498188941864
"2006-08-22",-1.85396300140596,-1.2246696513132
"2006-08-23",-1.84666353363109,-1.22150099044951
"2006-08-24",-1.82591754162182,-1.22110214248863
"2006-08-25",-1.80542341412058,-1.19063458492838
"2006-08-28",-1.78478857649479,-1.19030631662694
"2006-08-29",-1.76459536316253,-1.17012615995348
"2006-08-30",-1.73412547991605,-1.1598831442253
"2006-08-31",-1.72404809708019,-1.13973227385488
"2006-09-01",-1.69289942629621,-1.11895188566712
"2006-09-05",-1.68262011701544,-1.1087396525117
"2006-09-06",-1.68226886297113,-1.09843445310954
"2006-09-07",-1.55031743004834,-1.05740132488241
"2006-09-08",-1.6912080315026,-1.11779759117009
"2006-09-11",-1.5386287132517,-1.05624751139915
"2006-09-12",-1.52856645943338,-1.04618897000546
"2006-09-13",-1.49818111829703,-1.03597054395145
"2006-09-14",-1.4874918434201,-1.02546619741304
"2006-09-15",-1.53625244869002,-1.03449429895734
"2006-09-18",-1.51559899867497,-1.07420971895411
"2006-09-19",-1.51121599785054,-1.01140216846317
"2006-09-20",-1.45534840703123,-0.992636855354786
"2006-09-21",-1.42898228256969,-0.971893500090529
"2006-09-22",-1.531104749233,-1.0054401268915
"2006-09-25",-1.57421875589919,-1.01407582218281
"2006-09-26",-1.56320083336097,-1.0407969999137
"2006-09-27",-1.58863844176102,-1.06618982176539
"2006-09-28",-1.57167067723825,-1.05768049106397
"2006-09-29",-1.61133723369337,-1.06435611882345
"2006-10-02",-1.62625653216632,-1.07141713875647
"2006-10-03",-1.58961653981408,-1.05201712137965
"2006-10-04",-1.59788379964572,-1.04374392911916
"2006-10-05",-1.53839670842135,-1.07421986974424
"2006-10-06",-1.64048681110626,-1.09689180763384
"2006-10-09",-1.51846412615385,-1.05541749141798
"2006-10-10",-1.5982844275533,-1.07137407383117
"2006-10-11",-1.4775434382939,-1.03074973537292
"2006-10-12",-1.56446746123101,-1.04613045485843
"2006-10-13",-1.59643590422911,-1.07807714480979
"2006-10-16",-1.55519644249764,-1.05320384096348
"2006-10-17",-1.56276018231859,-1.06089036147269
"2006-10-18",-1.54649936138854,-1.04473023191442
"2006-10-19",-1.54652192166476,-1.04474587590158
"2006-10-20",-1.53826166789594,-1.03657667319228
"2006-10-23",-1.57003583706233,-1.06041179071766
"2006-10-24",-1.52183653758487,-1.0601106276477
"2006-10-25",-1.56958156995956,-1.06009696291743
"2006-10-26",-1.5608651108643,-1.04365655159455
"2006-10-27",-1.56065054717953,-1.03555317991417
"2006-10-30",-1.53575040647217,-1.02688807832991
"2006-10-31",-1.53574305120034,-1.01893208704232
"2006-11-01",-1.50251584422061,-1.00205402613905
"2006-11-02",-1.48662900900045,-1.00205460907279
"2006-11-03",-1.48661452914778,-0.994100809272732
"2006-11-06",-1.4543397032726,-0.97786768640088
"2006-11-07",-1.47825885187039,-1.00175780783284
"2006-11-08",-1.48618015696993,-1.0017436914194
"2006-11-09",-1.48605997635751,-0.993719466925774
"2006-11-10",-1.50150058495087,-1.00135777601641
"2006-11-13",-1.46896623070493,-0.984942877475337
"2006-11-14",-1.45307574705746,-0.969058937766362
"2006-11-15",-1.47681369045871,-0.976948582416421
"2006-11-16",-1.49195142998469,-0.984386459509031
"2006-11-17",-1.44284608584143,-0.967475593667374
"2006-11-20",-1.41101493993687,-0.951532913030839
"2006-11-21",-1.42690077426993,-0.951561497291395
"2006-11-22",-1.40294757896747,-0.951431579858288
"2006-11-24",-1.41086501979895,-0.943507565963001
"2006-11-27",-1.38681544316895,-0.927468133323623
"2006-11-28",-1.47427460977287,-0.998983968397849
"2006-11-29",-1.47355507275938,-0.998483024907443
"2006-11-30",-1.49715646655475,-1.03004707572929
"2006-12-01",-1.48132280363144,-1.01421324822575
"2006-12-04",-1.45738933314004,-0.990334744960826
"2006-12-05",-1.48896000929945,-1.0061018167988
"2006-12-06",-1.49599401237197,-1.0213153798158
"2006-12-07",-1.47198487209191,-0.997389847227562
"2006-12-08",-1.46396828075914,-0.97358707976626
"2006-12-11",-1.45582812156272,-0.957611916969854
"2006-12-12",-1.43960254987571,-0.957331726211463
"2006-12-13",-1.41588483192604,-0.941519923785584
"2006-12-14",-1.39213261518746,-0.925684478495009
"2006-12-15",-1.40797902401233,-0.933614029152523
"2006-12-18",-1.3836742333377,-0.925303814485469
"2006-12-19",-1.37582611115923,-0.925341786808768
"2006-12-20",-1.38373920279342,-0.925348578963004
"2006-12-21",-1.33451640784711,-0.908278354659197
"2006-12-22",-1.34243684295246,-0.908297268900226
"2006-12-26",-1.35782121940024,-0.923802290816548
"2006-12-27",-1.35741716634231,-0.915630292256839
"2006-12-28",-1.38090116945497,-0.93916928972847
"2006-12-29",-1.34868378413239,-0.91504041725362
"2007-01-03",-1.34083756661825,-0.915067257119294
"2007-01-04",-1.3171977597723,-0.899307899306267
"2007-01-05",-1.30930927410018,-0.891420539719535
"2007-01-08",-1.30909267428468,-0.891268614778521
"2007-01-09",-1.30907844009854,-0.891258630800078
"2007-01-10",-1.30879174967911,-0.891057543717154
"2007-01-11",-1.30001499495535,-0.882549535703857
"2007-01-12",-1.27572743899562,-0.866335727747161
"2007-01-16",-1.38597980137634,-0.905721578866632
"2007-01-17",-1.28195877115321,-0.873056242936578
"2007-01-18",-1.29694356044703,-0.888259706525896
"2007-01-19",-1.26481047121584,-0.872046928422872
"2007-01-22",-1.27262230002879,-0.864161235617655
"2007-01-23",-1.36641499074484,-0.942379993025722
"2007-01-24",-1.44454644421201,-1.00491917589801
"2007-01-25",-1.42877750780517,-0.997020043942744
"2007-01-26",-1.46812313742865,-1.0206381366006
"2007-01-29",-1.43661378730195,-0.997010177181518
"2007-01-30",-1.42083029535398,-0.981250936292484
"2007-01-31",-1.43633211658596,-0.996809604460881
"2007-02-01",-1.45196652162987,-1.00461361799711
"2007-02-02",-1.5067215196894,-1.03587770511172
"2007-02-05",-1.47506214991265,-1.01999156205657
"2007-02-06",-1.45933375663081,-1.01211969101617
"2007-02-07",-1.43484366884488,-0.995749707226227
"2007-02-08",-1.41102400462467,-0.979856241792025
"2007-02-09",-1.40315876012565,-0.964159176679189
"2007-02-12",-1.40286523136742,-0.963951934590047
"2007-02-13",-1.41042686338935,-0.963758011983986
"2007-02-14",-1.35472650254957,-0.93964594178869
"2007-02-15",-1.42530153964175,-0.978867732972429
"2007-02-16",-1.35437855593314,-0.939397947316818
"2007-02-20",-1.34638788308746,-0.9314537325213
"2007-02-21",-1.33073268457833,-0.915797747344685
"2007-02-22",-1.36978804891253,-0.93922156624077
"2007-02-23",-1.35372714215978,-0.931107368429139
"2007-02-26",-1.33804468348151,-0.907607620908478
"2007-02-27",-1.32220048078667,-0.876171775879331
"2007-02-28",-2.12328852372578,-1.42878354685035
"2007-03-01",-2.11380638342864,-1.4601203246763
"2007-03-02",-2.05731166897626,-1.42783723671976
"2007-03-05",-1.9608054813136,-1.37157955087829
"2007-03-06",-1.92582068524485,-1.34549134479817
"2007-03-07",-1.90991988228912,-1.32952287217186
"2007-03-08",-1.94651823866709,-1.29628785810335
"2007-03-09",-1.91775409804609,-1.26760617541911
"2007-03-12",-1.88896018102662,-1.24605516522743
"2007-03-13",-1.76756626207637,-1.22465029522342
"2007-03-14",-1.90257142889357,-1.30995118422332
"2007-03-15",-1.83581882723983,-1.19439615648115
"2007-03-16",-1.86412985113539,-1.27267952795912
"2007-03-19",-1.84957147508959,-1.22975607154081
"2007-03-20",-1.8355356995798,-1.19424678992035
"2007-03-21",-1.82834670739235,-1.1870879844728
"2007-03-22",-1.82792987471268,-1.18686911982041
"2007-03-23",-1.81335075547855,-1.1795711159781
"2007-03-26",-1.81929357582757,-1.17895539995264
"2007-03-27",-1.8191777411494,-1.17889487095635
"2007-03-28",-1.81912730100548,-1.17886851363977
"2007-03-29",-1.81213861620416,-1.17893433881262
"2007-03-30",-1.77660225089434,-1.19318397348237
"2007-04-02",-1.81914592899419,-1.17887824762856
"2007-04-03",-1.73381759814901,-1.16467232569649
"2007-04-04",-1.81213973333211,-1.17893492567716
"2007-04-05",-1.74043606579802,-1.14306818467249
"2007-04-09",-1.70476687739409,-1.12167508028879
"2007-04-10",-1.71098664034815,-1.09989304518338
"2007-04-11",-1.69676720185891,-1.08567759806292
"2007-04-12",-1.66136785653192,-1.08574390293291
"2007-04-13",-1.66764377177085,-1.0995229689194
"2007-04-16",-1.68199115880973,-1.11380221815646
"2007-04-17",-1.68901137737531,-1.10665721902267
"2007-04-18",-1.70286386459199,-1.10647700083271
"2007-04-19",-1.58180384337052,-1.04949049807957
"2007-04-20",-1.58183895484853,-1.04241093769328
"2007-04-23",-1.66034446814227,-1.12782031168207
"2007-04-24",-1.70296015044622,-1.13492800684246
"2007-04-25",-1.69503931224754,-1.12029426159331
"2007-04-26",-1.73776320175068,-1.16294961731713
"2007-04-27",-1.71636205964839,-1.14160034774771
"2007-04-30",-1.70216064538944,-1.12740351975643
"2007-05-01",-1.68784746152704,-1.10605307501932
"2007-05-02",-1.70146194796447,-1.09157432352336
"2007-05-03",-1.70113993020235,-1.07723314836263
"2007-05-04",-1.6089450435468,-1.04177052179323
"2007-05-07",-1.58766390596485,-1.0204955659448
"2007-05-08",-1.65847883589786,-1.04172564927047
"2007-05-09",-1.63007215618371,-1.01334585194784
"2007-05-10",-1.5016144618543,-1.03414554151144
"2007-05-11",-1.57986960190035,-1.1122548222696
"2007-05-14",-1.72186106341427,-1.13366289545454
"2007-05-15",-1.7005475651418,-1.11237505429938
"2007-05-16",-1.58716354903333,-1.11946068166363
"2007-05-17",-1.57224912332141,-1.08361823986552
"2007-05-18",-1.5510023675168,-1.06945395948578
"2007-05-21",-1.57207033008171,-1.08351929603385
"2007-05-22",-1.55023667395501,-1.06903194356228
"2007-05-23",-1.52888594887354,-1.05481239842987
"2007-05-24",-1.51473558560057,-1.04773727053711
"2007-05-25",-1.51447221024937,-1.0405186146653
"2007-05-29",-1.52163217649343,-1.04763950197534
"2007-05-30",-1.50745227938254,-1.03347381625547
"2007-05-31",-1.74811550978883,-1.11843447614008
"2007-06-01",-1.54283264317839,-1.06177588197116
"2007-06-04",-1.52085572473688,-1.05428499700947
"2007-06-05",-1.50671422793955,-1.04014485645385
"2007-06-06",-1.49250555689551,-1.03303721859469
"2007-06-07",-1.5202737231439,-1.04689810879136
"2007-06-08",-1.69737435953726,-1.15313678885482
"2007-06-11",-1.72585195011091,-1.17445553919758
"2007-06-12",-1.70418782641386,-1.15299667438024
"2007-06-13",-1.73979029389102,-1.18141322501628
"2007-06-14",-1.79647598294936,-1.23097029194722
"2007-06-15",-1.77532132747731,-1.20979304990709
"2007-06-18",-1.76093545830182,-1.20258408208918
"2007-06-19",-1.7255624601344,-1.17429398246848
"2007-06-20",-1.69699954633077,-1.14586343600409
"2007-06-21",-1.73972119169499,-1.18137470586499
"2007-06-22",-1.73272223690379,-1.18141322903873
"2007-06-25",-1.80390800594929,-1.23824734881919
"2007-06-26",-1.76137881050526,-1.20283446005531
"2007-06-27",-1.72579043488934,-1.17442120917308
"2007-06-28",-1.72587986313108,-1.17447111671875
"2007-06-29",-1.69744633291739,-1.14610819735155
"2007-07-02",-1.67608409397544,-1.12481817216048
"2007-07-03",-1.68313749494245,-1.13187802853153
"2007-07-05",-1.66900304034581,-1.11774338714388
"2007-07-06",-1.64064173724076,-1.09649238146027
"2007-07-09",-1.63360134511802,-1.08943951739668
"2007-07-10",-1.64058910125691,-1.08939782882171
"2007-07-11",-1.64728032452198,-1.08920165857644
"2007-07-12",-1.65393794882511,-1.10311407839922
"2007-07-13",-1.80314036217811,-1.23074056894303
"2007-07-16",-1.78200924017,-1.20251217378361
"2007-07-17",-1.76051354400799,-1.19528039658876
"2007-07-18",-1.73157161754652,-1.16664507028076
"2007-07-19",-1.7173983181842,-1.14543332862255
"2007-07-20",-1.72438762234164,-1.15951655988679
"2007-07-23",-1.75295795694685,-1.18794206059395
"2007-07-24",-1.80280605703174,-1.2305506836199
"2007-07-25",-1.84546169474679,-1.26602856800991
"2007-07-26",-1.88120677096942,-1.30160270913646
"2007-07-27",-2.56179599548547,-1.62786567148411
"2007-07-30",-2.35782586159712,-1.62152739770697
"2007-07-31",-2.08857018731486,-1.47271368996656
"2007-08-01",-2.16686851924494,-1.51545155313644
"2007-08-02",-2.25960069741579,-1.57251677657416
"2007-08-03",-2.03281321652129,-1.43785886772614
"2007-08-06",-2.43092961345656,-1.67249622443955
"2007-08-07",-2.49567663542186,-1.73688461424621
"2007-08-08",-2.19076340796382,-1.54542736816319
"2007-08-09",-2.23334674540146,-1.57381482973327
"2007-08-10",-2.80399444901036,-1.93046775035449
"2007-08-13",-2.40628679334207,-1.70320594876895
"2007-08-14",-2.28551269797978,-1.61795688432618
"2007-08-15",-2.29276352447665,-1.61805058925464
"2007-08-16",-2.33602245847401,-1.63976089621018
"2007-08-17",-2.26519302259932,-1.59726894669842
"2007-08-20",-2.52297415561354,-1.78327793042904
"2007-08-21",-2.4162603170556,-1.71213617705838
"2007-08-22",-2.30973652414541,-1.63400219436772
"2007-08-23",-2.30233370263272,-1.61959485375989
"2007-08-24",-2.20270754165378,-1.54843893761877
"2007-08-27",-2.23878284581075,-1.57720827423119
"2007-08-28",-2.14611903397983,-1.51306974104615
"2007-08-29",-2.38922857664836,-1.69169934717693
"2007-08-30",-2.4898184895235,-1.75635725830773
"2007-08-31",-2.39006809151069,-1.68511167504776
"2007-09-04",-2.33329694423073,-1.64963097137357
"2007-09-05",-2.2692961361057,-1.59271660109981
"2007-09-06",-2.19819402304912,-1.5500580413323
"2007-09-07",-2.19111198331133,-1.53583819906607
"2007-09-10",-2.28452868927893,-1.60757860799515
"2007-09-11",-2.19879715185949,-1.55043390421412
"2007-09-12",-2.2277361444271,-1.57208332188683
"2007-09-13",-2.15601570451122,-1.51478964194666
"2007-09-14",-2.1061493610123,-1.47917014972728
"2007-09-17",-2.04149602674616,-1.42897417712741
"2007-09-18",-1.97732716608161,-1.37195501573062
"2007-09-19",-2.29997444088255,-1.62438085785382
"2007-09-20",-2.37173794187061,-1.6818088424319
"2007-09-21",-2.3067254670136,-1.63129048021973
"2007-09-24",-2.19727731749418,-1.55120000425091
"2007-09-25",-2.12550281532285,-1.50095699136851
"2007-09-26",-2.06086407183099,-1.45068719177511
"2007-09-27",-1.99629229960804,-1.40763768339104
"2007-09-28",-1.93884567936407,-1.35737637570757
"2007-10-01",-1.88140530144529,-1.29994059018062
"2007-10-02",-1.94644114833118,-1.35762927595679
"2007-10-03",-1.96103299361469,-1.36494957107981
"2007-10-04",-1.96123355895738,-1.3650710536508
"2007-10-05",-1.88937907386667,-1.30759311145553
"2007-10-08",-1.85346483140029,-1.27167950237903
"2007-10-09",-1.81033808324176,-1.23574860359582
"2007-10-10",-1.84633167152273,-1.27170856892436
"2007-10-11",-1.80333986475305,-1.22867223125804
"2007-10-12",-1.8179581697073,-1.2360002052636
"2007-10-15",-1.78836984525631,-1.22114112267109
"2007-10-16",-1.75252041282116,-1.192449831883
"2007-10-17",-1.70943612612923,-1.15654678592691
"2007-10-18",-1.69513797487984,-1.14222084773688
"2007-10-19",-1.6663285277236,-1.11345068625886
"2007-10-22",-1.98369612208676,-1.37999112454329
"2007-10-23",-1.94052591464945,-1.34402725012185
"2007-10-24",-1.94067464403374,-1.33692904008638
"2007-10-25",-1.89034612866777,-1.30098211980163
"2007-10-26",-1.8472041361446,-1.26503490474128
"2007-10-29",-1.81845765179715,-1.24347459732295
"2007-10-30",-1.79692289458914,-1.22192827431876
"2007-10-31",-1.83307924444875,-1.2508049624717
"2007-11-01",-1.87648982724999,-1.28691165565602
"2007-11-02",-2.10809172417479,-1.47479238606502
"2007-11-05",-2.05001326049915,-1.4313025880654
"2007-11-06",-1.99240150228515,-1.38090783719821
"2007-11-07",-1.99243254468507,-1.380926578414
"2007-11-08",-2.24600242545402,-1.5834832597812
"2007-11-09",-2.17384766622971,-1.52578437954523
"2007-11-12",-2.3116518739693,-1.63442546646426
"2007-11-13",-2.2540119164177,-1.59119592837767
"2007-11-14",-2.45704387826354,-1.73612300755148
"2007-11-15",-2.3849850473465,-1.68567978842822
"2007-11-16",-2.32750974588648,-1.64255044917699
"2007-11-19",-2.27717493225981,-1.60658598496028
"2007-11-20",-2.28493158029845,-1.60693032790162
"2007-11-21",-2.2704664376746,-1.59969254403497
"2007-11-23",-2.32176073484708,-1.63626655086219
"2007-11-26",-2.34384103531919,-1.65097272647759
"2007-11-27",-2.39517829547016,-1.69479904839205
"2007-11-28",-2.5187754737145,-1.72420449904698
"2007-11-29",-2.70783516809109,-1.85500445467747
"2007-11-30",-2.59941236319725,-1.78272314835709
"2007-12-03",-2.49828162741556,-1.70325425122733
"2007-12-04",-2.42578173285156,-1.65252482130217
"2007-12-05",-2.3463016295148,-1.59471943095033
"2007-12-06",-2.38320013044106,-1.63132061186347
"2007-12-07",-2.39711047015182,-1.64544276495916
"2007-12-10",-2.30312471608467,-1.58037794697971
"2007-12-11",-2.24520317230757,-1.5369514859504
"2007-12-12",-2.46361715829864,-1.68970636536652
"2007-12-13",-2.39138220480893,-1.63913376177816
"2007-12-14",-2.3336327958868,-1.59580530513537
"2007-12-17",-2.32678596935436,-1.59604154423523
"2007-12-18",-2.40005372142807,-1.64725021611396
"2007-12-19",-2.34187140109626,-1.60365190177652
"2007-12-20",-2.255022997529,-1.54575290962736
"2007-12-21",-2.18268710812952,-1.49511405507769
"2007-12-24",-2.27757002598751,-1.60417976120689
"2007-12-26",-2.23364312641328,-1.53147965505817
"2007-12-27",-2.13942357807353,-1.49521439219715
"2007-12-28",-2.18329849905096,-1.49548293185493
"2007-12-31",-2.09640745580868,-1.46651667068514
"2008-01-02",-2.13977975327535,-1.46647548563134
"2008-01-03",-2.1765299860949,-1.52473725674982
"2008-01-04",-2.11128291430291,-1.4740004647797
"2008-01-07",-2.2204129349928,-1.56121798598963
"2008-01-08",-2.14074376586571,-1.50327534144128
"2008-01-09",-2.19889619208357,-1.54686503478427
"2008-01-10",-2.19188800360888,-1.53976830495999
"2008-01-11",-2.1410023797244,-1.49619142362563
"2008-01-14",-2.32328912196215,-1.59833366020908
"2008-01-15",-2.3017907984664,-1.58398789056636
"2008-01-16",-2.54944355286289,-1.75870811711492
"2008-01-17",-2.46966506271673,-1.70793971267881
"2008-01-18",-2.82064008737091,-1.9926611131577
"2008-01-22",-2.71883156205768,-1.91994914938569
"2008-01-23",-2.8511479832676,-2.00086465073311
"2008-01-24",-2.81549304382266,-1.95042563654594
"2008-01-25",-2.75775740997485,-1.95069890481728
"2008-01-28",-2.79518413502615,-1.94411166631794
"2008-01-29",-2.81792453492658,-2.00290680362469
"2008-01-30",-2.7232856133804,-1.93011219499498
"2008-01-31",-2.62872205331763,-1.86464360924867
"2008-02-01",-2.58543165644545,-1.78482939292705
"2008-02-04",-2.51235881976756,-1.74097810004152
"2008-02-05",-2.43226447219845,-1.71911749440372
"2008-02-06",-2.83605591881202,-2.01252687087487
"2008-02-07",-2.76314771073791,-1.96149249714793
"2008-02-08",-2.67570530226665,-1.89590959936592
"2008-02-11",-2.58826145936283,-1.83032568618611
"2008-02-12",-2.63988443500617,-1.82341927577928
"2008-02-13",-2.66260671862139,-1.88958295809144
"2008-02-14",-2.70685293180826,-1.87530721501837
"2008-02-15",-2.67076567617475,-1.84637169988114
"2008-02-19",-2.59769304781361,-1.79522949130037
"2008-02-20",-2.51744517548412,-1.7368675611263
"2008-02-21",-2.45166942079957,-1.6930225085344
"2008-02-22",-2.48109561220571,-1.71506071927248
"2008-02-25",-2.42283995333463,-1.67135473300032
"2008-02-26",-2.49665593977969,-1.75945435214556
"2008-02-27",-2.47490448574199,-1.70845169509979
"2008-02-28",-2.37263736763846,-1.67190727665718
"2008-02-29",-2.2630549774902,-1.59155652025601
"2008-03-03",-2.73868442899911,-1.94268709519406
"2008-03-04",-2.68584379910701,-1.905052913632
"2008-03-05",-2.6416492844776,-1.87559652816994
"2008-03-06",-2.61222720984822,-1.84625913081157
"2008-03-07",-2.43081696849112,-1.6790733785775
"2008-03-10",-2.54832796962878,-1.79632095126798
"2008-03-11",-2.49763089840946,-1.76007825615285
"2008-03-12",-2.93925328005109,-2.09748672193191
"2008-03-13",-2.89190424685228,-2.05811328075065
"2008-03-14",-2.84519091019502,-2.02697201197812
"2008-03-17",-2.83778952829784,-2.01165520995132
"2008-03-18",-2.78285870239498,-1.97242975970638
"2008-03-19",-3.00316957317234,-2.14366320179746
"2008-03-20",-3.10697345317421,-2.22334895578022
"2008-03-24",-3.13137374759873,-2.23964304632365
"2008-03-25",-3.12421559276906,-2.2401061883351
"2008-03-26",-3.06941683746576,-2.19314085781701
"2008-03-27",-3.01400124461276,-2.1535714309929
"2008-03-28",-2.9747986961295,-2.122219290942
"2008-03-31",-2.93586145284598,-2.09105075659379
"2008-04-01",-2.92063436040186,-2.07569389318985
"2008-04-02",-3.0006467499084,-2.13951241821928
"2008-04-03",-2.95360374422171,-2.10814853566205
"2008-04-04",-2.90614802301611,-2.06867161182243
"2008-04-07",-2.86712094490203,-2.03743800235805
"2008-04-08",-2.8122333988877,-1.99823515119724
"2008-04-09",-2.75739432171912,-1.95906573587031
"2008-04-10",-2.71042803284252,-1.91992802050773
"2008-04-11",-2.67042456681321,-1.88802697730625
"2008-04-14",-2.90077196063876,-2.06253433685635
"2008-04-15",-2.8609841505162,-2.03077342376707
"2008-04-16",-2.81397882857057,-1.99160413907
"2008-04-17",-2.81461162710721,-1.99987174303045
"2008-04-18",-2.78331195978042,-1.97639470894657
"2008-04-21",-2.83896980249637,-2.01612875877973
"2008-04-22",-2.7915400215577,-1.97666466796481
"2008-04-23",-2.76038424025013,-1.95328568270608
"2008-04-24",-2.72068666875493,-1.92942266819364
"2008-04-25",-2.67369159818753,-1.89025849952865
"2008-04-28",-2.62663463472283,-1.85888633955385
"2008-04-29",-2.55610998383505,-1.81186961068348
"2008-04-30",-2.57970457354155,-1.82760090778937
"2008-05-01",-2.5387758268446,-1.79506565191008
"2008-05-02",-2.49959149769105,-1.76372320255444
"2008-05-05",-2.45245040122833,-1.73229352784927
"2008-05-06",-2.40544432644547,-1.69312795677609
"2008-05-07",-2.35062352792062,-1.65397129227703
"2008-05-08",-2.36650429790636,-1.66977942552699
"2008-05-09",-2.33528544851101,-1.64635838671241
"2008-05-12",-2.30414721308863,-1.62299163550286
"2008-05-13",-2.03033089926309,-1.41173866174616
"2008-05-14",-2.24174093750122,-1.57616947848199
"2008-05-15",-2.17900880310587,-1.52912747087407
"2008-05-16",-2.13938926065681,-1.50532155888799
"2008-05-19",-2.0689132625174,-1.45050951343022
"2008-05-20",-2.06889817840967,-1.4426715934232
"2008-05-21",-2.07699118873658,-1.45067602654274
"2008-05-22",-2.18731486507636,-1.53727762826342
"2008-05-23",-2.13242460494521,-1.49807320910284
"2008-05-27",-2.14042421222963,-1.50601779903698
"2008-05-28",-2.06208469762981,-1.44334853960382
"2008-05-29",-1.86570290971173,-1.27849959049068
"2008-05-30",-1.81872841776742,-1.23935384056257
"2008-06-02",-1.77162653970101,-1.20012706414936
"2008-06-03",-1.81101324027893,-1.2315975368305
"2008-06-04",-1.88949157425565,-1.26302980076632
"2008-06-05",-1.78755329879543,-1.20812667465284
"2008-06-06",-1.9290052309381,-1.34940734265043
"2008-06-09",-2.50433309860612,-1.76694619874714
"2008-06-10",-2.48097338734303,-1.75137535280101
"2008-06-11",-2.43387609240562,-1.71997679973671
"2008-06-12",-2.41841997209357,-1.70444531079832
"2008-06-13",-2.37091779699015,-1.66492797327794
"2008-06-16",-2.33177873713626,-1.64145080439542
"2008-06-17",-2.29999546189039,-1.6176437974884
"2008-06-18",-2.25293659989349,-1.58627122177551
"2008-06-19",-2.25310755814339,-1.57854283456665
"2008-06-20",-2.15897297449256,-1.52363014079125
"2008-06-23",-2.19046923253674,-1.54724342200154
"2008-06-24",-2.12779229682255,-1.46100724339354
"2008-06-25",-2.11212908066679,-1.49240282279782
"2008-06-26",-2.05727870239179,-1.39830721588128
"2008-06-27",-2.53073082844971,-1.79243591541798
"2008-06-30",-2.40531438614225,-1.69050071949577
"2008-07-01",-2.36610060561304,-1.65912187954231
"2008-07-02",-2.30324961964545,-1.61198430600078
"2008-07-03",-2.33528629161748,-1.63596391720427
"2008-07-07",-2.32772543219414,-1.62830543897969
"2008-07-08",-2.30436833905881,-1.61273499809311
"2008-07-09",-2.28097891107219,-1.58928269539921
"2008-07-10",-2.32878960079644,-1.62115688878538
"2008-07-11",-2.32077390792856,-1.62105434390306
"2008-07-14",-2.32910943715355,-1.62137031008837
"2008-07-15",-2.27330928588289,-1.57368852253257
"2008-07-16",-2.28157963691178,-1.58182110237726
"2008-07-17",-2.29756029417277,-1.59771635090596
"2008-07-18",-2.26618306118077,-1.5741769116377
"2008-07-21",-2.22692163254011,-1.54275989633018
"2008-07-22",-2.17190381483428,-1.50345986414438
"2008-07-23",-2.11681711444163,-1.45625044843784
"2008-07-24",-2.07756717528673,-1.43270439006168
"2008-07-25",-2.18056530320746,-1.50398462213061
"2008-07-28",-2.15634432510826,-1.48784270329294
"2008-07-29",-2.29032971285476,-1.59813943186656
"2008-07-30",-2.36181288252808,-1.64579613693446
"2008-07-31",-2.4963759907994,-1.74862469476626
"2008-08-01",-2.72681679077979,-1.92327427869297
"2008-08-04",-2.64761074550223,-1.85996160747212
"2008-08-05",-2.56874862320717,-1.80476033776632
"2008-08-06",-2.83073977607452,-2.00308802664017
"2008-08-07",-2.79148667118992,-1.97954989972895
"2008-08-08",-2.81566974810872,-1.98779793664583
"2008-08-11",-3.04688536716094,-2.17091672174657
"2008-08-12",-2.95992888147301,-2.10768103989401
"2008-08-13",-2.8810247891745,-2.04455689689436
"2008-08-14",-2.80213381390703,-1.98144167804427
"2008-08-15",-2.73884761469325,-1.88664281276589
"2008-08-18",-2.67570736083579,-1.83928885357835
"2008-08-19",-2.67629745705142,-1.83967942762857
"2008-08-20",-2.62101783433752,-1.80019565850864
"2008-08-21",-2.55762414688556,-1.7526736428768
"2008-08-22",-2.48659990218766,-1.70532413950503
"2008-08-25",-2.51063900351789,-1.76081169069082
"2008-08-26",-2.69374218045503,-1.85656660864886
"2008-08-27",-2.55133961450059,-1.80111760762572
"2008-08-28",-2.58302816581463,-1.77749272509364
"2008-08-29",-2.63118463533369,-1.80959327209742
"2008-09-02",-2.81411405226736,-1.99213522153739
"2008-09-03",-2.66439094874434,-1.88178855097313
"2008-09-04",-2.59328464553614,-1.81857456813282
"2008-09-05",-3.0155511401687,-2.14496040456394
"2008-09-08",-2.94432584377491,-2.09747699272554
"2008-09-09",-3.09649700267722,-2.20952538832716
"2008-09-10",-3.20971332348179,-2.30619854277511
"2008-09-11",-3.14603985652792,-2.25053244236686
"2008-09-12",-3.13814006482885,-2.24262500977125
"2008-09-15",-2.97911879464818,-2.11546604178796
"2008-09-16",-3.39572483981719,-2.45088625151488
"2008-09-17",-3.33197906295931,-2.40306132479938
"2008-09-18",-3.82598292067982,-2.78539058065953
"2008-09-19",-3.90886863277579,-2.85928340336101
"2008-09-22",-3.95009672670857,-2.90093923754371
"2008-09-23",-3.97751213374365,-2.92781533462004
"2008-09-24",-3.99658971770714,-2.94630235889592
"2008-09-25",-3.92817530752849,-2.87791882224099
"2008-09-26",-3.92108502222536,-2.87039349080109
"2008-09-29",-3.86920355380788,-2.81870352530011
"2008-09-30",-5.36508276306653,-3.80428091411457
"2008-10-01",-5.73805233736421,-4.10639014331597
"2008-10-02",-5.62552482728603,-4.00626163675498
"2008-10-03",-5.90966999322161,-4.26261409151327
"2008-10-06",-5.7589386090706,-4.12440607561101
"2008-10-07",-5.83882844710188,-4.20278748145635
"2008-10-08",-6.02189498610339,-4.37100253885078
"2008-10-09",-5.89648040988168,-4.25798630540056
"2008-10-10",-7.53685960897833,-5.4667000354015
"2008-10-13",-7.39386659023646,-5.33751834482643
"2008-10-14",-8.45050841007789,-6.61239643464895
"2008-10-15",-8.3271792350881,-6.38422320456809
"2008-10-16",-8.57826968604741,-6.77313109194052
"2008-10-17",-8.58908276980099,-6.78195076689923
"2008-10-20",-8.52770742408351,-6.65721638857625
"2008-10-21",-8.56100034127591,-6.70920032715607
"2008-10-22",-8.50050797612955,-6.60610730494072
"2008-10-23",-8.58095247055744,-6.7464586411127
"2008-10-24",-8.51835374635775,-6.62047285995649
"2008-10-27",-8.5027480920645,-6.58269635272106
"2008-10-28",-8.44313809791101,-6.50124517488282
"2008-10-29",-8.78435028261928,-7.10487736145952
"2008-10-30",-8.72059122102595,-6.93481924791705
"2008-10-31",-8.65955344841705,-6.83075692396296
"2008-11-03",-8.59638684521647,-6.7036741254434
"2008-11-04",-8.51108758970126,-6.55462242061826
"2008-11-05",-8.49619973188933,-6.53845197865248
"2008-11-06",-8.52712359318209,-6.56744073092518
"2008-11-07",-8.55808325748863,-6.61778846132667
"2008-11-10",-8.51898625518593,-6.5353266204943
"2008-11-11",-8.39117309604377,-6.36481942163079
"2008-11-12",-8.28614407185079,-6.21677812878919
"2008-11-13",-8.3371900476997,-6.2660120025841
"2008-11-14",-8.52440371142931,-6.53529504483116
"2008-11-17",-8.50920768686233,-6.51883474280674
"2008-11-18",-8.40392079553177,-6.37038091662207
"2008-11-19",-8.31884702829868,-6.24237652358995
"2008-11-20",-8.37089753191151,-6.3138568578783
"2008-11-21",-8.49049872461829,-6.47372963835515
"2008-11-24",-8.65762560370926,-6.72336534883044
"2008-11-25",-8.66510878935799,-6.72938602262599
"2008-11-26",-8.55725221063674,-6.55706995656793
"2008-11-28",-8.47307905926001,-6.45100301922312
"2008-12-01",-8.36657627638498,-6.27973681968438
"2008-12-02",-8.64519024934319,-6.68337521096766
"2008-12-03",-8.62876019009074,-6.64435547039591
"2008-12-04",-8.54366963542459,-6.4943072203449
"2008-12-05",-8.48317778429565,-6.4329244449363
"2008-12-08",-8.39932381505784,-6.32695726301766
"2008-12-09",-8.38272522506982,-6.30928369679352
"2008-12-10",-8.32073192644791,-6.22507788018141
"2008-12-11",-8.17006940221656,-6.03107636395917
"2008-12-12",-8.02022909390762,-5.88091222660656
"2008-12-15",-7.80426547903727,-5.66491809608305
"2008-12-16",-7.52313019945666,-5.42705239932158
"2008-12-17",-7.67969923268335,-5.53912996873837
"2008-12-18",-7.48602290916442,-5.36685189783189
"2008-12-19",-7.35814510608981,-5.26014260571701
"2008-12-22",-7.01208082826795,-5.00059438483926
"2008-12-23",-6.68725399617719,-4.74075085103718
"2008-12-24",-6.36265611654421,-4.50270843064857
"2008-12-26",-5.99505066956926,-4.24322527952685
"2008-12-29",-5.75714812966069,-4.04857776723998
"2008-12-30",-5.41110510503435,-3.81067293938554
"2008-12-31",-5.41235396399069,-3.81162125992637
"2009-01-02",-5.17495103409097,-3.63898267495552
"2009-01-05",-5.45840551759108,-3.85700609443694
"2009-01-06",-5.19859267350347,-3.66214502684145
"2009-01-07",-4.85228827251847,-3.42405585968015
"2009-01-08",-5.00513819975622,-3.53330293270123
"2009-01-09",-4.72363505957557,-3.33840688060486
"2009-01-12",-4.59421580585545,-3.25217342840664
"2009-01-13",-4.46457213634509,-3.14412203498121
"2009-01-14",-4.20493709559787,-2.97104541220598
"2009-01-15",-4.72636655842114,-3.318849733891
"2009-01-16",-4.46652145854316,-3.16727421172027
"2009-01-20",-4.31531798697881,-3.05929410184883
"2009-01-21",-4.83696826452859,-3.42891123759441
"2009-01-22",-5.01188318921282,-3.53845811528418
"2009-01-23",-4.81701444334557,-3.40856006882628
"2009-01-26",-4.77433021743713,-3.38739380875399
"2009-01-27",-4.51431193641404,-3.19238075180543
"2009-01-28",-4.34107047282104,-3.06245229590998
"2009-01-29",-4.36345320984309,-3.08467269905432
"2009-01-30",-4.77694044093467,-3.36772174716374
"2009-02-02",-4.60403380378767,-3.25973274035816
"2009-02-03",-4.51769907144928,-3.19498967502466
"2009-02-04",-4.49661214389953,-3.1737651035585
"2009-02-05",-4.27982112756038,-3.02201637828898
"2009-02-06",-4.12816855447702,-2.91370211565841
"2009-02-09",-4.25923219424367,-3.02286699110415
"2009-02-10",-4.020601931725,-2.8493160342575
"2009-02-11",-5.37066939629133,-3.80771165913774
"2009-02-12",-5.15311080248679,-3.65538903100761
"2009-02-13",-4.87073542268243,-3.41647250646723
"2009-02-17",-4.65339785531127,-3.28602236724087
"2009-02-18",-5.19896662587038,-3.65724748421776
"2009-02-19",-4.96005507888185,-3.48349177826571
"2009-02-20",-4.786594466834,-3.37511446969926
"2009-02-23",-4.80921517172819,-3.37580547850798
"2009-02-24",-5.26821119504358,-3.70379169429757
"2009-02-25",-5.39993287321837,-3.81346192872632
"2009-02-26",-5.3355287418138,-3.77060145638939
"2009-02-27",-5.22747904379721,-3.70587471182436
"2009-03-02",-5.27185333574543,-3.72829847130092
"2009-03-03",-6.27897096363917,-4.42931429761382
"2009-03-04",-6.08363383720992,-4.29913516632618
"2009-03-05",-6.04157981018248,-4.2784872739826
"2009-03-06",-6.41561515527714,-4.54271020812678
"2009-03-09",-6.26398917756724,-4.43444027262968
"2009-03-10",-5.98088821539139,-4.23845018643723
"2009-03-11",-7.25602736426667,-5.16217574370187
"2009-03-12",-6.95070764189761,-4.92228055312103
"2009-03-13",-7.12908572637248,-5.05607299135634
"2009-03-16",-6.84568693519254,-4.85989100129922
"2009-03-17",-6.54017124387679,-4.6198432389263
"2009-03-18",-6.38828992896206,-4.51139116083544
"2009-03-19",-6.10445824075843,-4.31488497525068
"2009-03-20",-5.84214502901795,-4.13997004320527
"2009-03-23",-5.7338158056148,-4.05327449638767
"2009-03-24",-7.07655447388674,-5.02216808478932
"2009-03-25",-6.77061225306344,-4.78178388353077
"2009-03-26",-6.48663135361007,-4.58519018613997
"2009-03-27",-6.40046554869371,-4.49871153532331
"2009-03-30",-6.20425539825681,-4.38981085927423
"2009-03-31",-6.53584562166992,-4.61118660898176
"2009-04-01",-6.25164363626393,-4.41443904566098
"2009-04-02",-6.05530959338124,-4.26172274253139
"2009-04-03",-6.25470905282742,-4.39487221868798
"2009-04-06",-5.97012964698843,-4.19784743108512
"2009-04-07",-5.68446348240938,-3.99999959801364
"2009-04-08",-5.77376329839072,-4.06698636264254
"2009-04-09",-5.53291845973327,-3.89182205581873
"2009-04-13",-5.6877190401717,-4.00246312434563
"2009-04-14",-5.44613645501307,-3.84862504744078
"2009-04-15",-5.33724528868002,-3.76149122806353
"2009-04-16",-5.18436955741516,-3.65230950727826
"2009-04-17",-4.98747751058653,-3.52105666417475
"2009-04-20",-4.79049040795539,-3.36784454451517
"2009-04-21",-5.1426850706917,-3.63201719348155
"2009-04-22",-4.92354644975324,-3.47860696871778
"2009-04-23",-4.72650805776098,-3.32535490109934
"2009-04-24",-4.55148317787398,-3.19408810117226
"2009-04-27",-4.42026227451043,-3.10662166137361
"2009-04-28",-4.22323066215874,-2.97526877170973
"2009-04-29",-4.00429827047149,-2.82201671544778
"2009-04-30",-4.13648973831732,-2.91023136804171
"2009-05-01",-3.93930728277934,-2.7787649045851
"2009-05-04",-3.87382836436488,-2.73513576464104
"2009-05-05",-3.93986893717089,-2.77920069139631
"2009-05-06",-3.74268749587368,-2.64773653698113
"2009-05-07",-3.74300939601269,-2.62608725571333
"2009-05-08",-3.56772847751806,-2.51652457528088
"2009-05-11",-3.72155867639274,-2.62643769549205
"2009-05-12",-3.76583709256983,-2.64870799216494
"2009-05-13",-3.612560667517,-2.56113312051469
"2009-05-14",-3.74461353944367,-2.64923927427201
"2009-05-15",-3.59131997335497,-2.53974787203419
"2009-05-18",-3.48188471883654,-2.45219779522436
"2009-05-19",-3.89935736356252,-2.73794616217896
"2009-05-20",-3.72405600136792,-2.62838373460074
"2009-05-21",-3.54867121309278,-2.49684280188615
"2009-05-22",-3.65867884467777,-2.58484040004022
"2009-05-26",-3.48337215581075,-2.47527596066776
"2009-05-27",-3.59341947134621,-2.5413903364491
"2009-05-28",-3.6377011687214,-2.56365628667811
"2009-05-29",-3.55021051345295,-2.51996408605984
"2009-06-01",-3.57247406805943,-2.52023240570387
"2009-06-02",-4.01239327830003,-2.82828654405819
"2009-06-03",-3.85894249861644,-2.71868160822246
"2009-06-04",-3.77145309873554,-2.67499960512002
"2009-06-05",-3.7058879653128,-2.60938523085599
"2009-06-08",-3.55234947555109,-2.49971302499435
"2009-06-09",-3.39882871759071,-2.39005457151415
"2009-06-10",-3.24523149845229,-2.30226549738527
"2009-06-11",-3.11367735721744,-2.21456559048446
"2009-06-12",-2.98208816383041,-2.10490841714619
"2009-06-15",-2.87245108274114,-2.03912821824256
"2009-06-16",-3.26764921764269,-2.30264922869805
"2009-06-17",-3.26767414432651,-2.32460075750997
"2009-06-18",-3.18001024441753,-2.2588554866845
"2009-06-19",-3.07021501221594,-2.17102045979133
"2009-06-22",-2.96054005048853,-2.08328064211758
"2009-06-23",-3.400207684703,-2.4130700141093
"2009-06-24",-3.26859821559971,-2.32533147080387
"2009-06-25",-3.15888431784485,-2.23756065317077
"2009-06-26",-3.40070682785996,-2.39152420389978
"2009-06-29",-3.24712984515697,-2.30376468072417
"2009-06-30",-3.22513892765725,-2.28178479166698
"2009-07-01",-3.20337066052463,-2.2599803830564
"2009-07-02",-3.0937424028516,-2.19421656706679
"2009-07-06",-3.57767394574393,-2.54624057124246
"2009-07-07",-3.44602050462043,-2.4365284479527
"2009-07-08",-3.66629482288285,-2.59078665595425
"2009-07-09",-3.51265206969548,-2.481041919447
"2009-07-10",-3.35876861819442,-2.37110819176157
"2009-07-13",-3.27105132089904,-2.30532290108686
"2009-07-14",-3.55725587154972,-2.52549396667126
"2009-07-15",-3.44753617527124,-2.43771755724549
"2009-07-16",-3.97612019853666,-2.81224922178687
"2009-07-17",-3.88847575534211,-2.74652120987602
"2009-07-20",-3.73470523886009,-2.63668214703946
"2009-07-21",-3.71304913738716,-2.63692037144813
"2009-07-22",-3.69122525074067,-2.59310395501059
"2009-07-23",-3.60352871197135,-2.5492989260538
"2009-07-24",-3.66991962399377,-2.59361675794018
"2009-07-27",-3.56017065126212,-2.50581604768877
"2009-07-28",-3.40633568934016,-2.4178941879726
"2009-07-29",-3.27453760090805,-2.30806272698202
"2009-07-30",-3.14278119965546,-2.22022950139381
"2009-07-31",-3.14293684704892,-2.22035238091496
"2009-08-03",-3.03313407178805,-2.15447629515556
"2009-08-04",-3.01118066454082,-2.13252019288641
"2009-08-05",-2.9013258437556,-2.04463648978809
"2009-08-06",-2.83551269187836,-2.00077210837055
"2009-08-07",-2.7034565320475,-1.91270080854413
"2009-08-10",-2.74757709331829,-1.93481726392429
"2009-08-11",-2.63775376848476,-1.86892510137414
"2009-08-12",-2.65990214352073,-1.89103762030223
"2009-08-13",-2.72604023258014,-1.93516119885144
"2009-08-14",-2.61618532628138,-1.84727726777479
"2009-08-17",-2.57224315317356,-1.82530479185441
"2009-08-18",-2.77036372164363,-1.9574376159831
"2009-08-19",-2.68246875554874,-1.89151585686582
"2009-08-20",-2.61654652206779,-1.84756643021348
"2009-08-21",-2.59466996160099,-1.82567095584687
"2009-08-24",-2.90270613905372,-2.04573120674867
"2009-08-25",-2.79284345570718,-1.97981476664234
"2009-08-26",-2.68298909565965,-1.89193125443336
"2009-08-27",-2.57301419401418,-1.82592473535451
"2009-08-28",-2.52913917288697,-1.78203555563258
"2009-08-31",-2.48524745729797,-1.76010665963002
"2009-09-01",-2.46321283699478,-1.73808391868789
"2009-09-02",-2.68335515495287,-1.89222348664223
"2009-09-03",-2.57343728479937,-1.82626491497718
"2009-09-04",-2.50750461357702,-1.76033337989614
"2009-09-08",-2.57364281478294,-1.82643016819164
"2009-09-09",-2.68375329347708,-1.89254132832122
"2009-09-10",-2.63988083195133,-1.87063036755272
"2009-09-11",-2.6179652920475,-1.84870225461319
"2009-09-14",-2.50803104751977,-1.78273354791838
"2009-09-15",-2.46410921618474,-1.73880474587032
"2009-09-16",-2.48623141749468,-1.73891928371421
"2009-09-17",-2.55234890667795,-1.78302085113136
"2009-09-18",-2.4424264752086,-1.7170636525473
"2009-09-21",-2.37648272732074,-1.65112024029662
"2009-09-22",-2.28856802887078,-1.60716535426203
"2009-09-23",-2.24464143419897,-1.56323193994107
"2009-09-24",-2.24470124227906,-1.56328005054178
"2009-09-25",-2.22260315424207,-1.54120494369468
"2009-09-28",-2.15647865834663,-1.49709651748566
"2009-09-29",-2.20055700026974,-1.54115194582429
"2009-09-30",-2.13461085093294,-1.47520689952832
"2009-10-01",-2.06868958896439,-1.43126208248266
"2009-10-02",-2.50885190370381,-1.76141200219706
"2009-10-05",-2.42093489255851,-1.69547512938545
"2009-10-06",-2.50905318696498,-1.7615731468607
"2009-10-07",-2.57512705443599,-1.82762354820086
"2009-10-08",-2.46519804241187,-1.73968033016573
"2009-10-09",-2.4430553122581,-1.71756859931242
"2009-10-12",-2.39892573986975,-1.67347106597497
"2009-10-13",-2.31075677817955,-1.60733215496876
"2009-10-14",-2.22254396720597,-1.54115740617045
"2009-10-15",-2.3983595423518,-1.69499781968078
"2009-10-16",-2.33243256015197,-1.62906824217252
"2009-10-19",-2.28843060849019,-1.5850746008984
"2009-10-20",-2.31042152458159,-1.6070633293283
"2009-10-21",-2.24426572778142,-1.56292971553578
"2009-10-22",-2.2443570157407,-1.5630031490677
"2009-10-23",-2.22242529939268,-1.54106209519661
"2009-10-26",-2.28852956640482,-1.60713432068358
"2009-10-27",-2.33247325298931,-1.62910092165113
"2009-10-28",-2.26651290914004,-1.5851246924438
"2009-10-29",-2.35463742038033,-1.65122911946922
"2009-10-30",-2.59686695037277,-1.82742728784494
"2009-11-02",-3.01540768279948,-2.13587340892106
"2009-11-03",-2.94948915299294,-2.09193370793713
"2009-11-04",-2.83954588938861,-2.00397909830458
"2009-11-05",-2.77363027494376,-1.9600419091621
"2009-11-06",-2.9720122702067,-2.09235657573274
"2009-11-09",-2.88404259399026,-2.02637914608611
"2009-11-10",-3.12655487276933,-2.20278883713214
"2009-11-11",-2.99449079005417,-2.11473387428449
"2009-11-12",-2.88444223474305,-2.02669566156232
"2009-11-13",-2.84056894497414,-2.00479257916099
"2009-11-16",-2.77463171466831,-1.96084031727127
"2009-11-17",-2.95104168509569,-2.0711716478919
"2009-11-18",-2.8408944847575,-2.00505143154938
"2009-11-19",-2.73090132379539,-1.91705697164767
"2009-11-20",-2.68696711382665,-1.89510698322214
"2009-11-23",-2.57682487916728,-1.80699347502369
"2009-11-24",-2.64302775865372,-1.87315325779854
"2009-11-25",-2.53304904865433,-1.7851702956793
"2009-11-27",-2.46708209732706,-1.74119540103224
"2009-11-30",-2.55525726704918,-1.80733677104546
"2009-12-01",-2.46726147812046,-1.74133965086907
"2009-12-02",-2.55546975588096,-1.80750737802053
"2009-12-03",-2.46747674931814,-1.74151276212893
"2009-12-04",-2.42352385420314,-1.69755096349691
"2009-12-07",-2.35747734418529,-1.65351321720837
"2009-12-08",-2.26948130905713,-1.58751616196948
"2009-12-09",-2.31359524440903,-1.60960820064503
"2009-12-10",-2.22559432743192,-1.54360737803447
"2009-12-11",-2.15960872538276,-1.49961880451477
"2009-12-14",-2.15967480782666,-1.49967205541617
"2009-12-15",-2.07164463734931,-1.43364771955088
"2009-12-16",-2.04966279401894,-1.38966236035212
"2009-12-17",-1.98355343433984,-1.34557465453513
"2009-12-18",-2.00565082067487,-1.3676527498606
"2009-12-21",-1.96166178035382,-1.3236615516542
"2009-12-22",-1.9396415046149,-1.30164534351202
"2009-12-23",-1.87341449822351,-1.257463203321
"2009-12-24",-1.80741053069832,-1.19146109287882
"2009-12-28",-1.76341694769232,-1.16946514916447
"2009-12-29",-1.719357390491,-1.12541826443437
"2009-12-30",-1.67535731416461,-1.05942141171135
"2009-12-31",-1.6313622725721,-1.01542628858386
"2010-01-04",-1.80749439799332,-1.19152800505281
"2010-01-05",-2.15981162054371,-1.49978230255709
"2010-01-06",-2.07180202080036,-1.43377477662266
"2010-01-07",-2.02780845211765,-1.38977958506751
"2010-01-08",-2.02784062387403,-1.38980547412399
"2010-01-11",-1.96182746260939,-1.32379421132962
"2010-01-12",-2.04961323183573,-1.38962274375751
"2010-01-13",-1.98362038472545,-1.34562835194338
"2010-01-14",-1.96164355436245,-1.32364695833465
"2010-01-15",-1.91765621662219,-1.3016570783374
"2010-01-19",-2.00569440476084,-1.36768776487204
"2010-01-20",-2.0276151529899,-1.38962403459097
"2010-01-21",-2.13778096508459,-1.47775744739626
"2010-01-22",-2.53433627096234,-1.78620232522653
"2010-01-25",-2.66661714226919,-1.87442314600532
"2010-01-26",-2.57855001806002,-1.80837060318878
"2010-01-27",-2.46848335568338,-1.74232222896863
"2010-01-28",-2.38046133357972,-1.65430070669817
"2010-01-29",-2.33644413558976,-1.6322898458318
"2010-02-01",-2.29239561018306,-1.58824907265873
"2010-02-02",-2.33654655163368,-1.63237209379322
"2010-02-03",-2.46880311033001,-1.7205725807621
"2010-02-04",-2.40281487593624,-1.67658472475932
"2010-02-05",-3.08614496048033,-2.18362660205653
"2010-02-08",-2.95406206252588,-2.09557043126647
"2010-02-09",-2.9101197433153,-2.05161096185268
"2010-02-10",-3.0425663524363,-2.13995383572437
"2010-02-11",-2.91048766638978,-2.05190276291174
"2010-02-12",-2.93269194380298,-2.07406808562501
"2010-02-16",-2.8446029036721,-2.0080001743521
"2010-02-17",-3.02119794500862,-2.14046671770195
"2010-02-18",-2.91112747412778,-2.07442858836557
"2010-02-19",-2.84497643727878,-2.00829718894501
"2010-02-22",-2.73485138237789,-1.94221500021307
"2010-02-23",-2.6467928697462,-1.85415399991045
"2010-02-24",-2.66898665403273,-1.87631208073512
"2010-02-25",-2.62498163208896,-1.85431932456092
"2010-02-26",-2.58102201640691,-1.81034392751757
"2010-03-01",-2.49293784917893,-1.74428047246474
"2010-03-02",-2.44894962600013,-1.72230164527244
"2010-03-03",-2.36083543000607,-1.65621406299084
"2010-03-04",-2.27273766527238,-1.59013962136546
"2010-03-05",-2.20666594406314,-1.52407064281287
"2010-03-08",-2.29486743290993,-1.59022807091669
"2010-03-09",-2.22881390117104,-1.54619325789478
"2010-03-10",-2.16274381816124,-1.48012518552236
"2010-03-11",-2.07466479961476,-1.41406596239839
"2010-03-12",-2.03062870498977,-1.37002909446913
"2010-03-15",-1.98655392521953,-1.32596144215327
"2010-03-16",-1.92046199661252,-1.28189586736306
"2010-03-17",-1.89847030237672,-1.25989850999455
"2010-03-18",-1.87646539644052,-1.23789056857968
"2010-03-19",-1.83236671237279,-1.19380415821978
"2010-03-22",-1.78830733322042,-1.12772987133508
"2010-03-23",-1.74426509661434,-1.08368846258444
"2010-03-24",-1.85444043309783,-1.19384688145686
"2010-03-25",-1.83243525237372,-1.19385844976173
"2010-03-26",-1.78835800444853,-1.14978910427005
"2010-03-29",-1.70027064727733,-1.08372322853417
"2010-03-30",-1.78838609586267,-1.12779144940084
"2010-03-31",-1.7662781852076,-1.08368372278163
"2010-04-01",-1.74425953004349,-1.06166494841207
"2010-04-05",-1.76631693347246,-1.08371367107425
"2010-04-06",-1.61219108618988,-1.0617025816962
"2010-04-07",-1.56815437153634,-1.01766540317875
"2010-04-08",-1.70031974634534,-1.06174211121763
"2010-04-09",-1.7220541698299,-1.03950249961104
"2010-04-12",-1.67800631084534,-1.06151062041427
"2010-04-13",-1.63397106780418,-1.03949304679213
"2010-04-14",-1.56790782884634,-0.995449577126521
"2010-04-15",-1.56792788569074,-0.99546554394775
"2010-04-16",-1.52386840027993,-0.951411014211804
"2010-04-19",-1.58998888920283,-1.03953592105299
"2010-04-20",-1.5679857951158,-1.01752988095831
"2010-04-21",-1.52394857647435,-0.995511041450593
"2010-04-22",-1.50193952382643,-0.951481915209198
"2010-04-23",-1.45779970845535,-0.929380624267383
"2010-04-26",-1.56791906247614,-1.01747623314996
"2010-04-27",-1.52388778104718,-0.995461872240572
"2010-04-28",-2.22889500478993,-1.54625839826169
"2010-04-29",-2.20692346135709,-1.52427715029141
"2010-04-30",-2.27309859627566,-1.56840884814013
"2010-05-03",-2.42749364308311,-1.70073394737364
"2010-05-04",-2.51572444956165,-1.76691406970201
"2010-05-05",-2.82436943906092,-1.98739960364826
"2010-05-06",-2.73632549775743,-1.92136926507456
"2010-05-07",-3.5969777633203,-2.53937766190997
"2010-05-10",-3.5526721948166,-2.51715705270402
"2010-05-11",-4.70141198283513,-3.31266491402208
"2010-05-12",-4.43689484469014,-3.13632079228286
"2010-05-13",-4.37116773365924,-3.09254529026708
"2010-05-14",-4.19499759992814,-2.98246805353523
"2010-05-17",-4.12919093550194,-2.91658655504028
"2010-05-18",-3.90854492709983,-2.76212101576049
"2010-05-19",-3.75437206762848,-2.65200751250356
"2010-05-20",-3.62167865348572,-2.56349785989157
"2010-05-21",-4.52803710872088,-3.20473849094461
"2010-05-24",-4.35170974139283,-3.072495349709
"2010-05-25",-4.17547776152907,-2.94032599288336
"2010-05-26",-3.97638118081567,-2.80753048720526
"2010-05-27",-3.75584476166352,-2.65315510851762
"2010-05-28",-4.2202928945379,-2.9849821605944
"2010-06-01",-4.04392953020066,-2.87477190366092
"2010-06-02",-3.9780398965486,-2.80881748228768
"2010-06-03",-4.11099998102079,-2.91958420865855
"2010-06-04",-3.89033150206529,-2.74305027541609
"2010-06-07",-4.59824469992105,-3.25195877142383
"2010-06-08",-4.39920548541863,-3.11922270089672
"2010-06-09",-4.2670497537114,-3.00907708883953
"2010-06-10",-4.04625130714818,-2.87657988445722
"2010-06-11",-4.46707701176827,-3.16464542046273
"2010-06-14",-4.22414618150676,-2.98796359273395
"2010-06-15",-4.00337948570008,-2.83342538381488
"2010-06-16",-4.13659492223134,-2.92231818337085
"2010-06-17",-3.91578268299299,-2.76774693736481
"2010-06-18",-3.71703964600862,-2.63524645384067
"2010-06-21",-3.51827238543355,-2.50272648930379
"2010-06-22",-3.31916362591231,-2.34786032474046
"2010-06-23",-3.36357649052525,-2.37014141334267
"2010-06-24",-3.18688872934616,-2.25969880390871
"2010-06-25",-3.12079840643675,-2.19357923434554
"2010-06-28",-2.96624235374083,-2.08318057508923
"2010-06-29",-2.8116428688592,-1.97274736495745
"2010-06-30",-3.47511085896518,-2.45935109129109
"2010-07-01",-3.34260933479542,-2.37101539319135
"2010-07-02",-3.23214987975632,-2.28264845943889
"2010-07-06",-3.09957418977801,-2.17217281884494
"2010-07-07",-2.9669611441411,-2.10582875601558
"2010-07-08",-3.52007370381494,-2.50414330352952
"2010-07-09",-3.54232243733551,-2.48218494720942
"2010-07-12",-3.38731328548395,-2.39352154626815
"2010-07-13",-3.23259810104717,-2.28300150287539
"2010-07-14",-3.27692242736868,-2.30520839824366
"2010-07-15",-3.055485739415,-2.17223121879754
"2010-07-16",-2.92294079462384,-2.061779381856
"2010-07-19",-3.29914744687473,-2.34948840551039
"2010-07-20",-3.18877498700992,-2.26118993527881
"2010-07-21",-3.10051915271976,-2.19500159896865
"2010-07-22",-2.99010093701992,-2.12875278109206
"2010-07-23",-3.16725228232179,-2.23954877718301
"2010-07-26",-3.10106648991983,-2.19543473349593
"2010-07-27",-3.07907372818557,-2.17342187700301
"2010-07-28",-2.94653953940314,-2.08506578028371
"2010-07-29",-2.83611017547204,-1.99672219380668
"2010-07-30",-2.68145705629005,-1.8862532746473
"2010-08-02",-2.59305098633314,-1.81994630408692
"2010-08-03",-2.88072143890778,-2.04124524251198
"2010-08-04",-2.77026248430209,-1.95287808484528
"2010-08-05",-2.6819168553808,-1.8866198187112
"2010-08-06",-2.5493143879109,-1.7761197440337
"2010-08-09",-2.4608735585388,-1.70978556169527
"2010-08-10",-2.4167221536875,-1.66562794398148
"2010-08-11",-2.30626124164213,-1.59935021684871
"2010-08-12",-2.85930216477288,-2.01968826606296
"2010-08-13",-2.79308469705195,-1.953456672738
"2010-08-16",-2.66048832896571,-1.8650560510172
"2010-08-17",-2.55001173235773,-1.7766747732873
"2010-08-18",-2.57224222160428,-1.79887784129003
"2010-08-19",-2.46174768087064,-1.71048225024035
"2010-08-20",-2.59456949973745,-1.7990610316931
"2010-08-23",-2.52832383116632,-1.75490323328433
"2010-08-24",-2.43995705676463,-1.68862925850055
"2010-08-25",-2.61701312237273,-1.84353268036067
"2010-08-26",-2.52858363924176,-1.75510970832375
"2010-08-27",-2.44016375497801,-1.71089286592
"2010-08-30",-2.70571848055513,-1.91007656170286
"2010-08-31",-2.75013003242498,-1.9323440613338
"2010-09-01",-2.63959176905983,-1.84391358728604
"2010-09-02",-3.10454824011082,-2.19819001163689
"2010-09-03",-2.97190498598838,-2.10976047276027
"2010-09-07",-2.97202024410666,-2.08774526012891
"2010-09-08",-2.86153101915386,-2.02146053571899
"2010-09-09",-2.79526769464028,-1.97729256431741
"2010-09-10",-2.68472546071471,-1.888858791414
"2010-09-13",-2.64057308572595,-1.84469360822577
"2010-09-14",-2.55214499327293,-1.77837267483205
"2010-09-15",-2.46371672615784,-1.71205160872299
"2010-09-16",-2.37520500945585,-1.64566394263061
"2010-09-17",-2.26453845209265,-1.55713094285757
"2010-09-20",-2.19822014947485,-1.49081240330127
"2010-09-21",-2.28679463599512,-1.57935709305693
"2010-09-22",-2.2204679827724,-1.51303133615571
"2010-09-23",-2.15414563269365,-1.44670902036145
"2010-09-24",-2.17634503906202,-1.46888936917994
"2010-09-27",-2.57464745269876,-1.80079505448128
"2010-09-28",-2.48620315682741,-1.73446163864875
"2010-09-29",-2.41989121433575,-1.66814595893764
"2010-09-30",-2.33144400147969,-1.60181024815019
"2010-10-01",-2.2651334820985,-1.53549560182636
"2010-10-04",-2.19881065886335,-1.49128139307284
"2010-10-05",-2.17665439028007,-1.4691346476538
"2010-10-06",-2.57512730919368,-1.80117754878882
"2010-10-07",-2.48665153880195,-1.7348195459222
"2010-10-08",-2.39818891919314,-1.64635936458196
"2010-10-11",-2.35399531291507,-1.62427196251457
"2010-10-12",-2.28765040424663,-1.55792838259132
"2010-10-13",-2.1991147007841,-1.49152286688128
"2010-10-14",-2.22123525301052,-1.49152942257454
"2010-10-15",-2.15489150079687,-1.42518714483478
"2010-10-18",-2.15495590001593,-1.44735037202045
"2010-10-19",-2.13288615625231,-1.42527162020726
"2010-10-20",-2.31000399599358,-1.58023246339749
"2010-10-21",-2.37651376511512,-1.64670854577149
"2010-10-22",-2.31017493330519,-1.5803682547198
"2010-10-25",-2.24380857019128,-1.51400614523765
"2010-10-26",-2.15535075354873,-1.44766291081025
"2010-10-27",-2.11111779566769,-1.38131524536461
"2010-10-28",-2.0668373299883,-1.35916071255404
"2010-10-29",-2.02257496322901,-1.29279074017517
"2010-11-01",-1.97834567892312,-1.24856144168362
"2010-11-02",-1.93408224004502,-1.18219140629936
"2010-11-03",-1.93410092388691,-1.16009109682001
"2010-11-04",-1.91198353067608,-1.1158598512411
"2010-11-05",-2.26618936715361,-1.53633164961447
"2010-11-08",-2.19981340642469,-1.46996104934496
"2010-11-09",-2.13346666544349,-1.40361355676468
"2010-11-10",-2.11136606292752,-1.38150943460744
"2010-11-11",-2.06711316295163,-1.31514402568523
"2010-11-12",-2.02286794721943,-1.27090151544701
"2010-11-15",-2.08933314922674,-1.35945811242697
"2010-11-16",-2.04508417065538,-1.29309494315872
"2010-11-17",-2.24425452369927,-1.49224060441834
"2010-11-18",-2.17789131631377,-1.44799738393682
"2010-11-19",-2.48785533787575,-1.71366059203771
"2010-11-22",-2.39938007451729,-1.6473043236689
"2010-11-23",-2.31090379941143,-1.58094726050513
"2010-11-24",-2.46594180637012,-1.71382503086233
"2010-11-26",-2.62099957060425,-1.82459726827245
"2010-11-29",-2.59897394235718,-1.82467442748363
"2010-11-30",-2.51047806684777,-1.73617948166942
"2010-12-01",-2.42200864640441,-1.66982838985624
"2010-12-02",-2.93160864375972,-2.0686538828948
"2010-12-03",-2.887456298389,-2.046607851804
"2010-12-06",-2.75468813833689,-1.93596781866543
"2010-12-07",-2.64402815700215,-1.86956739721222
"2010-12-08",-2.57765674547509,-1.78106625241857
"2010-12-09",-2.46699315090062,-1.71466296814484
"2010-12-10",-2.40059946938171,-1.64827168555223
"2010-12-13",-2.33425182083066,-1.60404433351613
"2010-12-14",-2.26786396154107,-1.53765759028088
"2010-12-15",-2.22358073188417,-1.49338032762818
"2010-12-16",-2.15717971961689,-1.4269834338759
"2010-12-17",-2.1571734286747,-1.4048513761932
"2010-12-20",-2.11291960503453,-1.33847033754762
"2010-12-21",-2.06865479911263,-1.29420800435008
"2010-12-22",-2.0686800672994,-1.27210013661094
"2010-12-23",-2.04656554085797,-1.24998253287122
"2010-12-27",-2.046538321957,-1.2057076675214
"2010-12-28",-2.02441286710281,-1.16145464924913
"2010-12-29",-2.0244079195368,-1.11719680935652
"2010-12-30",-2.00227894711568,-1.07294127341924
"2010-12-31",-2.00227907754973,-1.02868718974063
"2011-01-03",-2.00224123353817,-0.984407051771782
"2011-01-04",-2.00226701998826,-1.00655174750769
"2011-01-05",-2.00224228771668,-0.962280937711277
"2011-01-06",-1.98011589198664,-0.918027559096242
"2011-01-07",-1.98011577880361,-0.895900643761278
"2011-01-10",-1.98000593007071,-0.851575619726633
"2011-01-11",-1.97988860001558,-0.829374137545793
"2011-01-12",-1.95775284985428,-0.807242155868352
"2011-01-13",-1.95772934347165,-0.939977366407874
"2011-01-14",-1.95776218624018,-0.962125024304259
"2011-01-18",-1.95776565048981,-0.940002115482535
"2011-01-19",-1.9577683332061,-1.00637988259973
"2011-01-20",-1.93560198761171,-0.939975778821053
"2011-01-21",-1.93553019333494,-0.939926498428983
"2011-01-24",-1.95773083238663,-1.07272870104434
"2011-01-25",-1.97995205183076,-1.20555205415285
"2011-01-26",-1.95782732983024,-1.16130137073657
"2011-01-27",-1.93570427332281,-1.11705190610903
"2011-01-28",-1.93570622261733,-1.07280184632127
"2011-01-31",-1.9578994872226,-1.18348177164579
"2011-02-01",-1.84728837750604,-1.1392447371692
"2011-02-02",-2.13511866188425,-1.40490807200842
"2011-02-03",-2.04655925780671,-1.3606140903204
"2011-02-04",-1.98017762636034,-1.27210516044744
"2011-02-07",-1.980176769569,-1.24997723342013
"2011-02-08",-1.91384990112693,-1.2942758694778
"2011-02-09",-1.89173460406964,-1.27215812921171
"2011-02-10",-1.86960845040141,-1.22790391867774
"2011-02-11",-1.84748283131828,-1.18365010047835
"2011-02-14",-1.86961059952804,-1.13939459313438
"2011-02-15",-1.84651686949095,-1.11652937266596
"2011-02-16",-1.84652788637163,-1.11653778340283
"2011-02-17",-1.82440801685253,-1.1165385851841
"2011-02-18",-1.82432983755419,-1.09435811370457
"2011-02-22",-1.86859858250045,-1.116499719255
"2011-02-23",-1.95714467819831,-1.31563576945585
"2011-02-24",-1.91291696417826,-1.27140514939437
"2011-02-25",-1.86866831681508,-1.20503678288573
"2011-02-28",-1.89082514625599,-1.22718602681923
"2011-03-01",-1.86869573531904,-1.18293710062438
"2011-03-02",-1.97923129068981,-1.33772923518783
"2011-03-03",-1.93496173443907,-1.29346534458355
"2011-03-04",-2.22282473985612,-1.55915110913213
"2011-03-07",-2.35560115649143,-1.55918356357551
"2011-03-08",-2.17857597375735,-1.51490309203992
"2011-03-09",-2.20075519030992,-1.53707135286992
"2011-03-10",-2.11207229621292,-1.47054795142276
"2011-03-11",-2.55497918613707,-1.82487707385482
"2011-03-14",-2.48863403456955,-1.75852648409668
"2011-03-15",-2.37803065684298,-1.69216845047086
"2011-03-16",-2.57730480127439,-1.75866228400259
"2011-03-17",-2.97613290123085,-2.06886590385002
"2011-03-18",-3.06491509252702,-2.13546168736607
"2011-03-21",-2.97645320090648,-2.06911726763746
"2011-03-22",-3.17605366274404,-2.22436493952223
"2011-03-23",-2.99894761504861,-2.11366573888444
"2011-03-24",-2.77765447345037,-1.95876316711485
"2011-03-25",-2.66702472020594,-1.89239161507695
"2011-03-28",-2.55639535066867,-1.80388817630304
"2011-03-29",-2.44572505748721,-1.71535192829225
"2011-03-30",-2.53426355122687,-1.73749108753589
"2011-03-31",-2.51214116837561,-1.71536654137462
"2011-04-01",-2.40140919286487,-1.64891404977443
"2011-04-04",-2.40144959988468,-1.64894610519136
"2011-04-05",-2.31290261802158,-1.58253510706459
"2011-04-06",-2.20223861071994,-1.47187158005986
"2011-04-07",-2.15796224526937,-1.47186224537973
"2011-04-08",-2.04710956678085,-1.33891855072844
"2011-04-11",-2.02497669919606,-1.27252418222225
"2011-04-12",-1.95858059617029,-1.33891444412036
"2011-04-13",-2.09135668627313,-1.42743056267967
"2011-04-14",-2.02496395782454,-1.38316872784186
"2011-04-15",-1.98072254782399,-1.36105427553864
"2011-04-18",-2.00287427288111,-1.25041513459491
"2011-04-19",-2.06939104051268,-1.38329978542504
"2011-04-20",-2.04727964926557,-1.33905198244204
"2011-04-21",-2.22456694475132,-1.56055934503783
"2011-04-25",-2.15817526531902,-1.49416589090734
"2011-04-26",-2.11390336324338,-1.42776128641002
"2011-04-27",-2.1582818179206,-1.49425161889624
"2011-04-28",-2.18047079861817,-1.49429529611414
"2011-04-29",-2.22460562483938,-1.51632294278407
"2011-05-02",-2.22451798494278,-1.44985340142166
"2011-05-03",-2.09171659490477,-1.38345220431508
"2011-05-04",-2.04745382820141,-1.4055884904009
"2011-05-05",-2.02534617832213,-1.33920887725301
"2011-05-06",-2.15832054793499,-1.4942827795267
"2011-05-09",-2.09185574285109,-1.4278301395411
"2011-05-10",-2.06973634396268,-1.38357348749076
"2011-05-11",-2.04763657912174,-1.38360103443303
"2011-05-12",-2.06985226056658,-1.40580042893033
"2011-05-13",-2.04771045225267,-1.38365998369913
"2011-05-16",-2.04770556660164,-1.3836560850483
"2011-05-17",-2.0034555096283,-1.33940195125648
"2011-05-18",-2.00335222562056,-1.3393198175575
"2011-05-19",-2.04769902668668,-1.38365086632828
"2011-05-20",-2.02558450690092,-1.33939711643558
"2011-05-23",-2.0256401235662,-1.36157649834852
"2011-05-24",-2.11431908609737,-1.47236466271547
"2011-05-25",-2.04782850048265,-1.40588999435787
"2011-05-26",-2.02551376373184,-1.36147583881946
"2011-05-27",-1.98114887589469,-1.29499674165109
"2011-05-31",-1.93687345753282,-1.25072295186574
"2011-06-01",-2.02542046802133,-1.36140151850769
"2011-06-02",-2.5348687359464,-1.78224072713028
"2011-06-03",-2.51271256469857,-1.73795257878406
"2011-06-06",-2.37992427258184,-1.67156686298297
"2011-06-07",-2.31355730925793,-1.62732804466787
"2011-06-08",-2.33570110023319,-1.60519747533177
"2011-06-09",-2.24702864083696,-1.5386872043063
"2011-06-10",-2.22488959860233,-1.53868449996731
"2011-06-13",-2.40199979995948,-1.64938258610177
"2011-06-14",-2.31345627612872,-1.58297492892541
"2011-06-15",-2.42429817178287,-1.64951077685562
"2011-06-16",-2.44660762019069,-1.73819738840151
"2011-06-17",-2.3802280529492,-1.67181118786559
"2011-06-20",-2.29168036811556,-1.60540067036452
"2011-06-21",-2.26953601060279,-1.5832575455656
"2011-06-22",-2.22529408047487,-1.56114709372172
"2011-06-23",-2.22535712507724,-1.53905941736412
"2011-06-24",-2.24756711435577,-1.56125536245267
"2011-06-27",-2.26978634262981,-1.6055985111376
"2011-06-28",-2.2698289768826,-1.60563307581573
"2011-06-29",-2.38064242381725,-1.67214445862491
"2011-06-30",-2.29174413196812,-1.60545204124259
"2011-07-01",-2.44691312111034,-1.7384441744297
"2011-07-05",-2.51347001714838,-1.78283456181044
"2011-07-06",-2.40276576055242,-1.69427114605714
"2011-07-07",-2.33637008436975,-1.65001099461637
"2011-07-08",-2.31421432942311,-1.62785816374195
"2011-07-11",-2.24769680054542,-1.56135952310658
"2011-07-12",-2.33624890818202,-1.64991307825414
"2011-07-13",-2.29185264449989,-1.60553946356444
"2011-07-14",-2.22530648996709,-1.56115712439754
"2011-07-15",-2.15829547582291,-1.49426260750168
"2011-07-18",-2.11375137159976,-1.44977300750329
"2011-07-19",-2.11376878405358,-1.44978697194646
"2011-07-20",-2.37955115874896,-1.69340066149559
"2011-07-21",-2.2908110253606,-1.60470029077823
"2011-07-22",-2.37950111713258,-1.67122652694886
"2011-07-25",-2.46768236613027,-1.69308080993554
"2011-07-26",-2.42312747365029,-1.67071736739603
"2011-07-27",-2.40104550502996,-1.64862553146163
"2011-07-28",-2.57825733691056,-1.78154150303273
"2011-07-29",-2.40054189712571,-1.69247988828183
"2011-08-01",-2.37850693167817,-1.6925544224321
"2011-08-02",-2.28998789678125,-1.60403714330208
"2011-08-03",-2.86591491345429,-2.02494638159131
"2011-08-04",-2.71081228152011,-1.91414304146482
"2011-08-05",-4.70671650326629,-3.22297071811286
"2011-08-08",-4.46237764690649,-3.06739445513323
"2011-08-09",-6.15200339488784,-4.22382702219865
"2011-08-10",-6.35380956019733,-4.35852955010791
"2011-08-11",-7.09047721438726,-5.02743342723109
"2011-08-12",-7.11585391139254,-4.91887081824642
"2011-08-15",-6.82774472023872,-4.69723558025713
"2011-08-16",-6.60684204809912,-4.5426415626328
"2011-08-17",-6.22876645376292,-4.27574026584367
"2011-08-18",-5.76210643186644,-4.05335420834997
"2011-08-19",-6.27624220231014,-4.41122343767383
"2011-08-22",-5.98791352383019,-4.21163017122371
"2011-08-23",-5.72144985683958,-3.90076495616331
"2011-08-24",-5.94555676580887,-4.05771697818543
"2011-08-25",-5.61246478806328,-3.83565982076327
"2011-08-26",-5.39035971328096,-3.68018608115914
"2011-08-29",-5.12407981369649,-3.48047416141723
"2011-08-30",-5.12470725579573,-3.50315261890055
"2011-08-31",-4.83597865660809,-3.28105265419974
"2011-09-01",-4.54723697752536,-3.10336955948379
"2011-09-02",-4.32523158886642,-2.94797250994771
"2011-09-06",-4.41483155071487,-3.01517430976578
"2011-09-07",-4.14751812837636,-2.92575663455984
"2011-09-08",-4.459572905698,-3.1264940114792
"2011-09-09",-4.28197624005572,-2.92664323387572
"2011-09-12",-4.54967678222323,-3.10520058373881
"2011-09-13",-4.28301888106437,-2.92742993483798
"2011-09-14",-4.08309799221198,-2.79415700332111
"2011-09-15",-3.97218731141087,-2.79431561008717
"2011-09-16",-3.99484993940989,-2.7946536653086
"2011-09-19",-3.77268687348443,-2.63914657073869
"2011-09-20",-3.6392256014638,-2.55016098433848
"2011-09-21",-3.46133176289762,-2.35006199221559
"2011-09-22",-3.90683737202026,-2.72866299978395
"2011-09-23",-4.86543767373272,-3.37538280402435
"2011-09-26",-4.5540689335349,-3.17521551841558
"2011-09-27",-4.8222369631657,-3.30962342020347
"2011-09-28",-4.68900693016521,-3.22082360701822
"2011-09-29",-4.57809386702164,-3.13207795796969
"2011-09-30",-4.46711153635903,-3.06552710393359
"2011-10-03",-4.51226018045142,-3.08826648202789
"2011-10-04",-4.73586730558524,-3.24484739098909
"2011-10-05",-4.51349833825881,-3.08919809399515
"2011-10-06",-4.44698628202224,-3.13390129847051
"2011-10-07",-4.22465622934774,-2.88926015689924
"2011-10-10",-3.9123441635918,-2.75516254978913
"2011-10-11",-4.42557555023869,-3.04551769218675
"2011-10-12",-4.11384246822853,-2.88962209008976
"2011-10-13",-4.02493163541974,-2.84520071308199
"2011-10-14",-3.82461118724798,-2.68939589814423
"2011-10-17",-3.84721047070571,-2.71191925964467
"2011-10-18",-4.00363359831562,-2.82368639166441
"2011-10-19",-4.00384145852466,-2.8238474722935
"2011-10-20",-3.71428774909066,-2.5565861309277
"2011-10-21",-3.58015208637639,-2.53388835282998
"2011-10-24",-3.69188303429417,-2.60100313511721
"2011-10-25",-3.51384093435398,-2.48973651343453
"2011-10-26",-3.46949757295878,-2.42308936405963
"2011-10-27",-3.5805069027465,-2.53416614208972
"2011-10-28",-3.93764707310707,-2.75751683082618
"2011-10-31",-3.7590650592416,-2.64583467475853
"2011-11-01",-4.00479046148648,-2.80231483200457
"2011-11-02",-4.40609011823025,-3.09216372914252
"2011-11-03",-4.31732131093419,-3.02559257616364
"2011-11-04",-4.29542951083342,-3.0258849392379
"2011-11-07",-4.05042927858399,-2.84770293388397
"2011-11-08",-3.84981651019974,-2.71394364480962
"2011-11-09",-3.67159666527936,-2.58027754697564
"2011-11-10",-4.2963708015543,-3.00433382054336
"2011-11-11",-4.11812626586747,-2.89292622506698
"2011-11-14",-4.22987345533299,-2.96003585501543
"2011-11-15",-3.9622162247508,-2.7147339414834
"2011-11-16",-3.73886324460528,-2.62517138516621
"2011-11-17",-3.7168665137296,-2.62538746581934
"2011-11-18",-3.60561914030187,-2.53638691798149
"2011-11-21",-3.40511142772839,-2.40271197560988
"2011-11-22",-3.71769641576647,-2.60375579040605
"2011-11-23",-3.53924132041007,-2.42535304826614
"2011-11-25",-3.78470415054692,-2.64844597139238
"2011-11-28",-3.58420193607925,-2.51477938387602
"2011-11-29",-3.98623490003827,-2.78290436517778
"2011-11-30",-3.80745994121058,-2.67109453404415
"2011-12-01",-5.17025323258734,-3.6096567735361
"2011-12-02",-4.81347571169019,-3.36436712929408
"2011-12-05",-4.45659385513424,-3.11899701234247
"2011-12-06",-4.23332677786698,-2.98497930692016
"2011-12-07",-4.01039136223924,-2.82892330001286
"2011-12-08",-3.78747308111093,-2.67288052053481
"2011-12-09",-3.72087713595945,-2.60622174201634
"2011-12-12",-3.89941084102534,-2.74012662921683
"2011-12-13",-3.89972298429132,-2.74036835404537
"2011-12-14",-3.65447899823093,-2.56200929481135
"2011-12-15",-3.56527440229888,-2.51740040155106
"2011-12-16",-3.40924099913755,-2.38365492313589
"2011-12-19",-3.2084302735287,-2.24976313294478
"2011-12-20",-3.07450332303078,-2.16045913546052
"2011-12-21",-3.6328394996359,-2.54022272860871
"2011-12-22",-3.52106945566447,-2.47311060475422
"2011-12-23",-3.34274546442594,-2.33936922394857
"2011-12-27",-3.25341576607677,-2.27236749878534
"2011-12-28",-3.07493422813026,-2.16079873767071
"2011-12-29",-3.03046642958822,-2.07171108098743
"2011-12-30",-3.03021162525236,-2.11610410208824
