"Date","Portfolio"
"2001-01-02",-1.8085521594974
"2001-01-03",0.212430554017551
"2001-01-04",-1.64836854894992
"2001-01-05",-1.04343412714737
"2001-01-08",0.108398601973738
"2001-01-09",-0.8840831755144
"2001-01-10",0.0604655898223716
"2001-01-11",0.175919043153797
"2001-01-12",-1.16442312468106
"2001-01-16",0.991824446288737
"2001-01-17",-0.415204564732388
"2001-01-18",0.553338942203686
"2001-01-19",-1.08557817665781
"2001-01-22",-0.288001240591648
"2001-01-23",0.930906519806639
"2001-01-24",0.422106053393971
"2001-01-25",1.85417935103272
"2001-01-26",-0.936332814468301
"2001-01-29",-1.19682326848553
"2001-01-30",2.02668545966199
"2001-01-31",0.700525918022499
"2001-02-01",0.210308080332445
"2001-02-02",-0.498446022173447
"2001-02-05",1.24762964366815
"2001-02-06",0.0751114270630862
"2001-02-07",0.118845362267687
"2001-02-08",0.138577117028041
"2001-02-09",-0.328372736701448
"2001-02-12",1.22652606860019
"2001-02-13",-0.202213855088376
"2001-02-14",-0.57007154754698
"2001-02-15",0.401885227677612
"2001-02-16",-0.0627567193214755
"2001-02-20",-0.198702564485869
"2001-02-21",-1.3276545435461
"2001-02-22",-0.355650659966341
"2001-02-23",-1.5840668018738
"2001-02-26",1.14196866356078
"2001-02-27",0.137734831767514
"2001-02-28",-1.19569818384464
"2001-03-01",-0.0120487671335022
"2001-03-02",0.171951730356276
"2001-03-05",1.19306691625541
"2001-03-06",-0.232599322166031
"2001-03-07",1.13297779971254
"2001-03-08",1.20235001313644
"2001-03-09",-1.38645269762859
"2001-03-12",-3.84453546437284
"2001-03-13",0.63969512072704
"2001-03-14",-2.70708318510151
"2001-03-15",-0.122656523110217
"2001-03-16",-2.25574257736978
"2001-03-19",1.50472754063201
"2001-03-20",-1.71540596927888
"2001-03-21",-2.49835533659389
"2001-03-22",-1.43413336334056
"2001-03-23",0.58409112164758
"2001-03-26",2.10345317065442
"2001-03-27",3.00426829004852
"2001-03-28",-0.988418878364446
"2001-03-29",-0.44290035286006
"2001-03-30",1.06017612716823
"2001-04-02",-0.775170049157022
"2001-04-03",-2.7827000049784
"2001-04-04",1.18888663419752
"2001-04-05",3.4875406440036
"2001-04-06",-0.714389562744691
"2001-04-09",0.462038145127907
"2001-04-10",1.42324641346139
"2001-04-11",-1.23430502855511
"2001-04-12",1.67631516296247
"2001-04-16",0.579599969936816
"2001-04-17",0.404577123657736
"2001-04-18",2.40063868671914
"2001-04-19",0.715256232996517
"2001-04-20",-0.6346851994995
"2001-04-23",0.0618928165236989
"2001-04-24",-0.56204352572659
"2001-04-25",1.66009740574626
"2001-04-26",0.35942492917816
"2001-04-27",1.20986968173485
"2001-04-30",-0.662538722143039
"2001-05-01",1.74436621212796
"2001-05-02",-1.10274328503358
"2001-05-03",-0.485078823986316
"2001-05-04",1.25160457043316
"2001-05-07",0.447451633161203
"2001-05-08",-0.151665731673774
"2001-05-09",0.479721891692596
"2001-05-10",0.26319231217786
"2001-05-11",-0.82396784002321
"2001-05-14",0.766531034558939
"2001-05-15",0.290899770132834
"2001-05-16",2.78869445116681
"2001-05-17",0.149724430810893
"2001-05-18",0.865120911742966
"2001-05-21",-0.25567437938675
"2001-05-22",-1.20732533937249
"2001-05-23",-1.04457600973927
"2001-05-24",-0.0959791368766275
"2001-05-25",-1.20021269409371
"2001-05-29",0.55513068774134
"2001-05-30",-1.08704116648346
"2001-05-31",0.12921377344075
"2001-06-01",0.736401533803364
"2001-06-04",0.982419259238868
"2001-06-05",0.725715925256672
"2001-06-06",-1.34367088764794
"2001-06-07",0.0698540325698561
"2001-06-08",-0.890587754301769
"2001-06-11",-0.478219137228893
"2001-06-12",0.822859889276997
"2001-06-13",-0.308904978922834
"2001-06-14",-0.889858351133566
"2001-06-15",-0.827280607203862
"2001-06-18",0.401829504009978
"2001-06-19",-0.904587012441282
"2001-06-20",0.240997721054503
"2001-06-21",-0.57620327577501
"2001-06-22",-1.05284550929648
"2001-06-25",-0.661996092408414
"2001-06-26",-0.0942080014913484
"2001-06-27",-0.759159580344022
"2001-06-28",-0.130698211795686
"2001-06-29",-0.623172209487799
"2001-07-02",0.863054939704261
"2001-07-03",0.1231208533404
"2001-07-05",-0.746302517735823
"2001-07-06",-1.61206310326277
"2001-07-09",0.0795795417377701
"2001-07-10",-0.993561487507556
"2001-07-11",-0.335141334163813
"2001-07-12",2.1080133190089
"2001-07-13",0.73725427702256
"2001-07-16",-0.303871848421405
"2001-07-17",1.26919362790488
"2001-07-18",-0.401301276357857
"2001-07-19",0.501617226949864
"2001-07-20",0.231855140143178
"2001-07-23",-1.337108253936
"2001-07-24",-1.77169765919467
"2001-07-25",1.45852257408462
"2001-07-26",0.536611210245134
"2001-07-27",0.178630818993738
"2001-07-30",-0.0828709820811621
"2001-07-31",0.685647842590157
"2001-08-01",-0.365767876629244
"2001-08-02",0.0457523538419112
"2001-08-03",0.00834828789523771
"2001-08-06",-1.03142005386783
"2001-08-07",0.703938727670155
"2001-08-08",-1.14433727287724
"2001-08-09",0.293774056294096
"2001-08-10",1.32874747529864
"2001-08-13",0.0299847111733398
"2001-08-14",-0.0739911078459153
"2001-08-15",0.0160148231308331
"2001-08-16",0.762963753189783
"2001-08-17",-1.23026046459072
"2001-08-20",0.612133517605638
"2001-08-21",-1.32864622912188
"2001-08-22",1.08028499504636
"2001-08-23",-0.226687110875452
"2001-08-24",1.27597181855019
"2001-08-27",-0.506951794683269
"2001-08-28",-1.68166209802596
"2001-08-29",-1.15512614409432
"2001-08-30",-0.967870714362229
"2001-08-31",0.220489294424484
"2001-09-04",0.488792180555145
"2001-09-05",0.955075467309469
"2001-09-06",-1.30691461336527
"2001-09-07",-2.13774505746526
"2001-09-10",-0.230414876762676
"2001-09-17",-6.83842760200579
"2001-09-18",-0.986026599167007
"2001-09-19",-1.80190931982059
"2001-09-20",-4.90575162756586
"2001-09-21",-0.757826949047026
"2001-09-24",3.61002865918797
"2001-09-25",0.978912970500557
"2001-09-26",-1.53465455214972
"2001-09-27",1.98793423929262
"2001-09-28",1.26989845679448
"2001-10-01",-0.285797776065241
"2001-10-02",2.06080093216177
"2001-10-03",1.66435555899957
"2001-10-04",-0.0941544569632955
"2001-10-05",0.748611693730493
"2001-10-08",-0.0690915684027579
"2001-10-09",-0.223465733240656
"2001-10-10",1.31966599776702
"2001-10-11",0.892958840380344
"2001-10-12",-0.651285440013534
"2001-10-15",-0.441448001715682
"2001-10-16",-0.0127056256873555
"2001-10-17",-1.5396844346726
"2001-10-18",-1.24236303399761
"2001-10-19",1.19174949568561
"2001-10-22",1.59478325376779
"2001-10-23",-0.532685820042572
"2001-10-24",-0.0209387234717556
"2001-10-25",1.77570389520987
"2001-10-26",1.68296726206433
"2001-10-29",-3.03664263375299
"2001-10-30",-0.919341520544986
"2001-10-31",-0.440145998171593
"2001-11-01",1.73740322905198
"2001-11-02",0.290728173222807
"2001-11-05",0.852494594379413
"2001-11-06",1.58266798946193
"2001-11-07",-0.507194806967871
"2001-11-08",0.465657523994682
"2001-11-09",-0.00568470117446948
"2001-11-12",-0.73353557241297
"2001-11-13",1.53612297916033
"2001-11-14",-0.384781568389237
"2001-11-15",-0.664439455635418
"2001-11-16",0.505105526255263
"2001-11-19",0.188054957922769
"2001-11-20",0.199094966490262
"2001-11-21",-0.462519895082985
"2001-11-23",1.072625236472
"2001-11-26",0.134569572173753
"2001-11-27",-0.900757797407896
"2001-11-28",-1.9553902062354
"2001-11-29",1.67256656369875
"2001-11-30",-0.558282312357948
"2001-12-03",-0.675577179491078
"2001-12-04",1.09896534045896
"2001-12-05",1.38985135722706
"2001-12-06",-0.558525725460716
"2001-12-07",0.396369431361874
"2001-12-10",-0.892584773675459
"2001-12-11",-0.883220216748511
"2001-12-12",0.361146195190608
"2001-12-13",-0.493463032205385
"2001-12-14",0.478010231803262
"2001-12-17",0.421505725040029
"2001-12-18",1.45505830773798
"2001-12-19",1.51759916237448
"2001-12-20",-0.345171947212956
"2001-12-21",0.762178922517227
"2001-12-24",0.0828156164519707
"2001-12-26",0.406717149752006
"2001-12-27",0.45246796541341
"2001-12-28",-0.295665143740748
"2001-12-31",-1.00034084425117
"2002-01-02",0.329025521323805
"2002-01-03",0.322864145238495
"2002-01-04",0.769779565261859
"2002-01-07",-1.03565244461592
"2002-01-08",-0.650489754526485
"2002-01-09",-0.43241338592228
"2002-01-10",-0.335901713141827
"2002-01-11",-0.92790474318232
"2002-01-14",-0.677319816131464
"2002-01-15",0.671242102555098
"2002-01-16",-1.85447120976278
"2002-01-17",1.88611256320466
"2002-01-18",-0.427366420734656
"2002-01-22",-0.0883417769030319
"2002-01-23",-0.658460748749952
"2002-01-24",0.176289939544525
"2002-01-25",1.10342779627798
"2002-01-28",0.322363672915628
"2002-01-29",-2.65333136262485
"2002-01-30",0.644724310296265
"2002-01-31",1.60066519027091
"2002-02-01",0.828656645283125
"2002-02-04",-1.93774001400128
"2002-02-05",0.45789429414652
"2002-02-06",0.615914182554033
"2002-02-07",-0.984903671013771
"2002-02-08",0.738783191519609
"2002-02-11",1.34856833619755
"2002-02-12",0.125817420031432
"2002-02-13",1.35551165586285
"2002-02-14",-0.0597877436694744
"2002-02-15",-0.739487155037599
"2002-02-19",-1.24678659703575
"2002-02-20",1.18410278410225
"2002-02-21",-0.437284221062193
"2002-02-22",1.9638690334303
"2002-02-25",1.20778958313946
"2002-02-26",-0.199208737763194
"2002-02-27",0.603519750398387
"2002-02-28",-0.0927159854198712
"2002-03-01",2.54637837455215
"2002-03-04",1.66635095193353
"2002-03-05",-1.23218660533942
"2002-03-06",1.51574132978518
"2002-03-07",-0.961318344248005
"2002-03-08",0.436520510380549
"2002-03-11",0.76079804883022
"2002-03-12",0.597259671463305
"2002-03-13",-1.07310944934383
"2002-03-14",-0.119628587405572
"2002-03-15",0.132251716433416
"2002-03-18",-0.381103471490552
"2002-03-19",0.633402229983331
"2002-03-20",-1.22566871098415
"2002-03-21",0.0627428953781898
"2002-03-22",-0.270044816977711
"2002-03-25",-1.21239159598033
"2002-03-26",0.507700198944574
"2002-03-27",1.10196652170557
"2002-03-28",0.168500014247839
"2002-04-01",-0.242373814794788
"2002-04-02",0.196209658687537
"2002-04-03",-1.25058763666112
"2002-04-04",-0.0119797512262178
"2002-04-05",-0.592654154374336
"2002-04-08",-0.406665087958908
"2002-04-09",-0.580734396853592
"2002-04-10",1.57963511698541
"2002-04-11",-2.73302693321078
"2002-04-12",-0.303300282863778
"2002-04-15",-0.869166345387206
"2002-04-16",1.40452111607987
"2002-04-17",-1.32438485945756
"2002-04-18",-0.128907172072879
"2002-04-19",0.444418088424418
"2002-04-22",-0.695948033260275
"2002-04-23",-0.84927275256769
"2002-04-24",-0.803782769394543
"2002-04-25",0.158135969001424
"2002-04-26",-0.927668310533231
"2002-04-29",0.0768409511864954
"2002-04-30",1.43000004639994
"2002-05-01",1.28301481186433
"2002-05-02",0.0542504404037529
"2002-05-03",-0.639310994289442
"2002-05-06",-2.43591861839367
"2002-05-07",0.00104246098261333
"2002-05-08",3.10921699390181
"2002-05-09",-1.24208687791608
"2002-05-10",-1.05923457382623
"2002-05-13",1.50376445230805
"2002-05-14",1.58461948808432
"2002-05-15",-0.732726797147282
"2002-05-16",0.67241344509024
"2002-05-17",0.896967246235223
"2002-05-20",-1.20423640035005
"2002-05-21",-1.13214255958925
"2002-05-22",0.674882152850052
"2002-05-23",0.642234361933194
"2002-05-24",-1.11182700648994
"2002-05-28",-1.40090423854943
"2002-05-29",-0.377271478018891
"2002-05-30",-0.158535199418101
"2002-05-31",0.295935104154268
"2002-06-03",-2.19432906491366
"2002-06-04",-0.0355796951968794
"2002-06-05",1.43093766473892
"2002-06-06",-1.75024255277775
"2002-06-07",0.538989412994198
"2002-06-10",-0.0920491624082892
"2002-06-11",-1.14369854218461
"2002-06-12",1.42211823655431
"2002-06-13",-0.715122772854741
"2002-06-14",-0.0157722957000518
"2002-06-17",1.67653045098165
"2002-06-18",0.226446179603484
"2002-06-19",-1.40831183482157
"2002-06-20",-0.392626309297152
"2002-06-21",-1.76582049937153
"2002-06-24",0.563215910501235
"2002-06-25",-1.37059589923757
"2002-06-26",0.654191098253711
"2002-06-27",2.0972149161419
"2002-06-28",-0.141231961650209
"2002-07-01",-1.63017943637273
"2002-07-02",-0.966073673085201
"2002-07-03",-0.439089743127517
"2002-07-05",3.19563542201612
"2002-07-08",-0.875825563258662
"2002-07-09",-2.28030997685942
"2002-07-10",-3.34996119546407
"2002-07-11",-0.714771483924446
"2002-07-12",-0.368373820878328
"2002-07-15",-0.583477991873823
"2002-07-16",-1.95909613961788
"2002-07-17",1.71509424751638
"2002-07-18",-1.90953171188405
"2002-07-19",-4.2463307556441
"2002-07-22",-2.70413273244428
"2002-07-23",-0.911257064383724
"2002-07-24",6.1244580017521
"2002-07-25",1.28324843872826
"2002-07-26",0.743443271841433
"2002-07-29",4.92019948586443
"2002-07-30",-0.236416399824573
"2002-07-31",0.98616820556909
"2002-08-01",-3.26599948727369
"2002-08-02",-1.31019594352342
"2002-08-05",-3.4965891757667
"2002-08-06",2.56179351769803
"2002-08-07",2.67622705265974
"2002-08-08",3.17767319252029
"2002-08-09",0.496551264137259
"2002-08-12",-0.534009183790795
"2002-08-13",-2.82749123203678
"2002-08-14",2.02079232584124
"2002-08-15",0.656947015958441
"2002-08-16",-0.292101264562648
"2002-08-19",1.94523526433367
"2002-08-20",-1.43438057660771
"2002-08-21",0.584626616551646
"2002-08-22",1.54000963202805
"2002-08-23",-1.59857683476531
"2002-08-26",0.042705126862586
"2002-08-27",-0.502824261153729
"2002-08-28",-1.64407792452551
"2002-08-29",-1.17227236632033
"2002-08-30",0.181292930147069
"2002-09-03",-4.21469163505051
"2002-09-04",1.78781369153043
"2002-09-05",-1.20157274412782
"2002-09-06",1.57563208092696
"2002-09-09",0.61563061167356
"2002-09-10",1.15423148826234
"2002-09-11",-0.13320581146373
"2002-09-12",-2.11049536558875
"2002-09-13",-1.11875311071902
"2002-09-16",1.4895431695578
"2002-09-17",-2.49784255647382
"2002-09-18",-0.470140529008549
"2002-09-19",-2.95840254170988
"2002-09-20",0.686520029611172
"2002-09-23",-1.13818273126833
"2002-09-24",-1.85223963476901
"2002-09-25",2.94055921205531
"2002-09-26",1.88093249650219
"2002-09-27",-3.99133694218345
"2002-09-30",-1.15241279857201
"2002-10-01",4.25099462834734
"2002-10-02",-2.40018572501971
"2002-10-03",-0.0563242547046887
"2002-10-04",-3.22707520144272
"2002-10-07",-0.680439019877497
"2002-10-08",0.781649092959593
"2002-10-09",-2.96842351400489
"2002-10-10",2.79691828428914
"2002-10-11",3.67716437449311
"2002-10-14",0.214106222410975
"2002-10-15",3.54794195026016
"2002-10-16",-2.65789651985512
"2002-10-17",3.08971944077777
"2002-10-18",0.46061385958846
"2002-10-21",2.10610630864793
"2002-10-22",-1.79609771149303
"2002-10-23",0.847281851849568
"2002-10-24",-2.25768373068971
"2002-10-25",1.46430481460702
"2002-10-28",-1.12608491411354
"2002-10-29",-0.20513712026949
"2002-10-30",1.17365701064634
"2002-10-31",-1.05307425592509
"2002-11-01",1.57433170244232
"2002-11-04",-0.281297077148638
"2002-11-05",1.80898709279999
"2002-11-06",1.00427963960594
"2002-11-07",-2.0060428055716
"2002-11-08",-0.251141847760424
"2002-11-11",-2.31257559619766
"2002-11-12",0.579575331380886
"2002-11-13",-0.183753115608477
"2002-11-14",1.50660758259732
"2002-11-15",0.633709185613356
"2002-11-18",-0.583052949684856
"2002-11-19",0.759772784483188
"2002-11-20",1.55304012618144
"2002-11-21",1.87674923638119
"2002-11-22",-0.269017721878002
"2002-11-25",0.754888661103992
"2002-11-26",-1.71135834227896
"2002-11-27",2.56432156889176
"2002-11-29",-0.754545590852039
"2002-12-02",-0.262042513142001
"2002-12-03",-0.902172842767432
"2002-12-04",0.193358628317417
"2002-12-05",-1.11842007315413
"2002-12-06",0.468025735168249
"2002-12-09",-1.65466198484828
"2002-12-10",1.25956105549693
"2002-12-11",0.181354438108799
"2002-12-12",-0.794072053196201
"2002-12-13",-0.823915292877463
"2002-12-16",2.06371583879988
"2002-12-17",-1.0006943870145
"2002-12-18",-0.686817661354935
"2002-12-19",-0.899735462975605
"2002-12-20",1.35135527472801
"2002-12-23",0.0391225828389697
"2002-12-24",-0.381761116004151
"2002-12-26",-0.213057826466615
"2002-12-27",-1.52931271455249
"2002-12-30",0.365023727959257
"2002-12-31",0.317150502426249
"2003-01-02",2.86091495427352
"2003-01-03",0.359551900829398
"2003-01-06",1.54426965942064
"2003-01-07",-1.29774085252694
"2003-01-08",-1.01030446516834
"2003-01-09",1.74132367937184
"2003-01-10",-0.129169048596079
"2003-01-13",0.167363242437724
"2003-01-14",0.220045427653134
"2003-01-15",-1.09570997704079
"2003-01-16",0.446486250797567
"2003-01-17",-1.11853082076069
"2003-01-21",-1.92079019385712
"2003-01-22",-1.64141750775413
"2003-01-23",0.548067070464736
"2003-01-24",-2.64267444165234
"2003-01-27",-1.78304933217648
"2003-01-28",1.82792583919281
"2003-01-29",0.565613144604466
"2003-01-30",-1.72877162074751
"2003-01-31",1.74644122512003
"2003-02-03",0.685101943369221
"2003-02-04",-0.676414741929002
"2003-02-05",-0.580103795683135
"2003-02-06",-0.507602662076318
"2003-02-07",-1.01132374078095
"2003-02-10",0.863740205650463
"2003-02-11",-1.15422908553421
"2003-02-12",-0.963644373860052
"2003-02-13",-0.327886728950212
"2003-02-14",1.99506910152406
"2003-02-18",1.16925876974633
"2003-02-19",0.436016115595787
"2003-02-20",-1.12711248169025
"2003-02-21",1.19897940868781
"2003-02-24",-1.80959945951745
"2003-02-25",0.410849881763211
"2003-02-26",-1.26094251960607
"2003-02-27",0.909682053003098
"2003-02-28",-0.036024211077879
"2003-03-03",-0.663973153543743
"2003-03-04",-1.25672233643404
"2003-03-05",0.548265189343866
"2003-03-06",-0.833863061088766
"2003-03-07",0.814616990516745
"2003-03-10",-2.00611349343401
"2003-03-11",-0.416048413177036
"2003-03-12",0.223029810698213
"2003-03-13",3.01503452329179
"2003-03-14",0.701582810539077
"2003-03-17",3.26865335374761
"2003-03-18",0.915334027171145
"2003-03-19",0.960922397933924
"2003-03-20",0.0341779979120475
"2003-03-21",2.36068875511578
"2003-03-24",-3.07018801034549
"2003-03-25",0.924116844375712
"2003-03-26",-1.13443140824512
"2003-03-27",-0.0104295452662725
"2003-03-28",-0.650565464260953
"2003-03-31",-1.80280903286947
"2003-04-01",1.31234691115143
"2003-04-02",2.22231372335556
"2003-04-03",-0.595699774342847
"2003-04-04",0.691833724426044
"2003-04-07",0.154816530460653
"2003-04-08",-0.0332903831913943
"2003-04-09",-0.753064664465399
"2003-04-10",0.106178214921849
"2003-04-11",-0.315200678900455
"2003-04-14",1.57029876066466
"2003-04-15",0.753537336590009
"2003-04-16",-1.85067981763257
"2003-04-17",0.44146793060544
"2003-04-21",0.147159027895524
"2003-04-22",2.07318010516819
"2003-04-23",-0.148235632614625
"2003-04-24",-0.691889531570443
"2003-04-25",-1.21540298872628
"2003-04-28",1.38532601582979
"2003-04-29",0.0989433687405462
"2003-04-30",-0.244051174926029
"2003-05-01",-0.0545065553778469
"2003-05-02",1.94091102931424
"2003-05-05",-0.744085645098411
"2003-05-06",0.748909702133848
"2003-05-07",0.343757424729334
"2003-05-08",-0.703333835707999
"2003-05-09",1.61645609362083
"2003-05-12",1.22359060403086
"2003-05-13",-0.32835994569258
"2003-05-14",-0.16784991503682
"2003-05-15",0.727343350512083
"2003-05-16",-0.40952452961875
"2003-05-19",-1.99705537176781
"2003-05-20",-0.411457033025989
"2003-05-21",0.102425869270988
"2003-05-22",0.54346865990341
"2003-05-23",0.169148093179324
"2003-05-27",2.00254204995916
"2003-05-28",-0.051906201370033
"2003-05-29",-1.15951392044252
"2003-05-30",1.73082765300052
"2003-06-02",0.849741281864385
"2003-06-03",0.285085686966612
"2003-06-04",1.3781288972447
"2003-06-05",0.365941120334036
"2003-06-06",0.455893480477634
"2003-06-09",-0.831803532753819
"2003-06-10",0.815932594989732
"2003-06-11",1.95772765822386
"2003-06-12",0.181720720186747
"2003-06-13",-0.616835158166553
"2003-06-16",1.9084902840257
"2003-06-17",-0.470564316906378
"2003-06-18",-0.355625230138792
"2003-06-19",-1.31482377961886
"2003-06-20",0.5834877820233
"2003-06-23",-0.931480589126164
"2003-06-24",0.302324726462471
"2003-06-25",-1.09322683925645
"2003-06-26",0.436503311025749
"2003-06-27",-1.03003960052359
"2003-06-30",-0.307184488500981
"2003-07-01",0.475815967809612
"2003-07-02",0.529642733898444
"2003-07-03",-0.576243847529511
"2003-07-07",1.05671062268567
"2003-07-08",-0.261777135946554
"2003-07-09",-0.731111857186251
"2003-07-10",-0.789424213730638
"2003-07-11",0.86936235901264
"2003-07-14",-0.238605610631852
"2003-07-15",-0.55584307843197
"2003-07-16",-0.248222905111349
"2003-07-17",0.899257884822292
"2003-07-18",1.48061493440754
"2003-07-21",-1.4142579438388
"2003-07-22",0.0954562289859409
"2003-07-23",0.113636646753929
"2003-07-24",-1.11670182552873
"2003-07-25",1.71639147436289
"2003-07-28",-0.413516107953486
"2003-07-29",-0.937197278982278
"2003-07-30",0.364535041087411
"2003-07-31",0.395601114142355
"2003-08-01",-0.832120151805796
"2003-08-04",0.151194318249294
"2003-08-05",-1.28217414720696
"2003-08-06",0.308434980057605
"2003-08-07",1.09659223055504
"2003-08-08",0.526264578020895
"2003-08-11",0.0920941506837396
"2003-08-12",0.744355602491335
"2003-08-13",-0.554823136028216
"2003-08-14",0.9748799042733
"2003-08-15",0.111972936066429
"2003-08-18",0.994298458602997
"2003-08-19",0.0858723501561201
"2003-08-20",-0.0833748860391321
"2003-08-21",0.571552061691066
"2003-08-22",-0.778796219619978
"2003-08-25",-0.198662981694943
"2003-08-26",0.309501219793167
"2003-08-27",0.176307901935668
"2003-08-28",0.474929844317093
"2003-08-29",0.344522611132321
"2003-09-02",1.36142991689163
"2003-09-03",0.486905253762263
"2003-09-04",0.42383016157005
"2003-09-05",-0.901143962826357
"2003-09-08",1.23061438014888
"2003-09-09",-0.659083173722521
"2003-09-10",-0.377075630462257
"2003-09-11",0.112127295703358
"2003-09-12",-0.068110062254901
"2003-09-15",-0.300429430103986
"2003-09-16",0.945075133473742
"2003-09-17",-0.559678686990561
"2003-09-18",0.901708754931626
"2003-09-19",-0.38284826868816
"2003-09-22",-1.12357395527303
"2003-09-23",0.520044325177045
"2003-09-24",-1.26962456263082
"2003-09-25",-0.506050585509246
"2003-09-26",-0.353034116615597
"2003-09-29",0.903002801739072
"2003-09-30",-0.905917592053632
"2003-10-01",2.35773271388618
"2003-10-02",0.382798856114407
"2003-10-03",0.404145608184516
"2003-10-06",0.263155735356394
"2003-10-07",0.463098207538798
"2003-10-08",-0.156789320663414
"2003-10-09",0.0025500302339055
"2003-10-10",-0.0324600314095683
"2003-10-13",0.543609507275804
"2003-10-14",0.436326803413328
"2003-10-15",-0.288224048544815
"2003-10-16",-0.394812010640277
"2003-10-17",-0.628249761506117
"2003-10-20",0.300587886752353
"2003-10-21",-0.319994589742329
"2003-10-22",-1.77497825887555
"2003-10-23",-0.00652925898107035
"2003-10-24",-0.0395780878911101
"2003-10-27",0.0866724504833188
"2003-10-28",0.693774107980115
"2003-10-29",0.865169049006912
"2003-10-30",-0.443379426792057
"2003-10-31",0.435462036399368
"2003-11-03",0.351535011216171
"2003-11-04",-0.297740779541651
"2003-11-05",-0.314109900409138
"2003-11-06",0.360181419737022
"2003-11-07",-0.631241834497454
"2003-11-10",-0.268935546553239
"2003-11-11",-0.0508609287637803
"2003-11-12",1.36584508415153
"2003-11-13",0.591166522940733
"2003-11-14",-0.720977551307399
"2003-11-17",-0.348150916338463
"2003-11-18",-0.640915927347454
"2003-11-19",1.00885462262598
"2003-11-20",-0.717536070111935
"2003-11-21",-0.82900685138164
"2003-11-24",0.590581712510094
"2003-11-25",0.182493206241722
"2003-11-26",0.258852770432763
"2003-11-28",-0.0691266991885801
"2003-12-01",1.06181543621486
"2003-12-02",0.0470006726679563
"2003-12-03",0.596647014597753
"2003-12-04",0.35805245053133
"2003-12-05",-0.356640263957373
"2003-12-08",1.15647941764363
"2003-12-09",-0.114636131007888
"2003-12-10",0.205335891056086
"2003-12-11",1.0334799983695
"2003-12-12",0.592952425759514
"2003-12-15",-0.00669981634447928
"2003-12-16",1.77341050149834
"2003-12-17",0.385271215654318
"2003-12-18",0.877989966465926
"2003-12-19",0.0543005691160788
"2003-12-22",0.0973733400996159
"2003-12-23",0.239405878319269
"2003-12-24",-0.36238550538403
"2003-12-26",0.27664166995267
"2003-12-29",1.0871510404456
"2003-12-30",-0.0575123834094346
"2003-12-31",0.287028578484911
"2004-01-02",-0.332780189598155
"2004-01-05",1.34469800756654
"2004-01-06",-0.564253866897699
"2004-01-07",-0.264735166323637
"2004-01-08",0.446403363238238
"2004-01-09",-1.21947609391794
"2004-01-12",0.238977898949759
"2004-01-13",-0.547775893273471
"2004-01-14",1.09234814577229
"2004-01-15",-0.0252140117379982
"2004-01-16",1.21388680298125
"2004-01-20",-0.333175502296574
"2004-01-21",0.912398604660492
"2004-01-22",-0.379183843239096
"2004-01-23",-0.482163118611771
"2004-01-26",1.50489306514846
"2004-01-27",-0.641427043284918
"2004-01-28",-0.980514676535137
"2004-01-29",0.610725031070068
"2004-01-30",-0.460636747163806
"2004-02-02",0.381974211214328
"2004-02-03",0.0627769879820173
"2004-02-04",-0.14651529402869
"2004-02-05",0.277332592954516
"2004-02-06",0.357691899908374
"2004-02-09",0.111161915009191
"2004-02-10",0.000268327987519243
"2004-02-11",1.11507184627111
"2004-02-12",-0.468393513844436
"2004-02-13",-0.208848218097842
"2004-02-17",0.733733887011171
"2004-02-18",-0.170323587728197
"2004-02-19",-0.296318040555745
"2004-02-20",-0.437286724858658
"2004-02-23",0.0440763405736335
"2004-02-24",-0.700747531264838
"2004-02-25",0.112864629298884
"2004-02-26",-0.51118131130514
"2004-02-27",0.167249767024814
"2004-03-01",0.822394948502011
"2004-03-02",-0.930547411020811
"2004-03-03",0.0163143826627975
"2004-03-04",-0.266393716597173
"2004-03-05",0.453055709717922
"2004-03-08",-0.418268113260665
"2004-03-09",-0.560009423688044
"2004-03-10",-1.2295377391512
"2004-03-11",-2.04643505820642
"2004-03-12",1.20979034600088
"2004-03-15",-0.97591515087121
"2004-03-16",0.518033612120629
"2004-03-17",0.900595402087896
"2004-03-18",0.036109010523952
"2004-03-19",-1.46788543744417
"2004-03-22",-1.12682428173287
"2004-03-23",0.0994568341319674
"2004-03-24",-0.470640839677552
"2004-03-25",1.00402616701537
"2004-03-26",0.384381556518058
"2004-03-29",0.907815220138056
"2004-03-30",0.660322042840597
"2004-03-31",0.044544164430744
"2004-04-01",0.34043140187811
"2004-04-02",1.25247684571147
"2004-04-05",0.850882133085979
"2004-04-06",0.0788563981438264
"2004-04-07",-0.364122391660976
"2004-04-08",-0.0163449420129566
"2004-04-12",0.846706819822634
"2004-04-13",-1.01182267557775
"2004-04-14",0.121435364501227
"2004-04-15",0.535203155449082
"2004-04-16",0.446067714311585
"2004-04-19",-0.0912170771848952
"2004-04-20",-1.51244941959021
"2004-04-21",-0.0451012752383669
"2004-04-22",1.38964758213026
"2004-04-23",-0.193356793616523
"2004-04-26",0.0452849597448957
"2004-04-27",0.653335283900253
"2004-04-28",-0.96254439906248
"2004-04-29",-0.980127511068886
"2004-04-30",-0.189813980477115
"2004-05-03",1.29449860339135
"2004-05-04",-0.156641213681741
"2004-05-05",0.518584176771771
"2004-05-06",-0.163364935333526
"2004-05-07",-1.03227779028904
"2004-05-10",-2.13757153833614
"2004-05-11",0.647715812372649
"2004-05-12",0.770640910601552
"2004-05-13",-0.47204523518701
"2004-05-14",0.393299543404123
"2004-05-17",-0.829811395228905
"2004-05-18",0.151209010033475
"2004-05-19",-0.142570005143392
"2004-05-20",-0.166632559348731
"2004-05-21",0.302539577788925
"2004-05-24",0.637649068133774
"2004-05-25",1.37882723948572
"2004-05-26",-0.278356253588469
"2004-05-27",0.823606930155213
"2004-05-28",-0.143853074977556
"2004-06-01",0.469976734637106
"2004-06-02",0.519666389131474
"2004-06-03",-0.608416773494507
"2004-06-04",0.390918780964798
"2004-06-07",1.5299623676797
"2004-06-08",0.100635689779918
"2004-06-09",-0.66320579869095
"2004-06-10",0.379813097688028
"2004-06-14",-0.430404245032633
"2004-06-15",0.788342938883193
"2004-06-16",0.304139032491672
"2004-06-17",0.180223847242609
"2004-06-18",0.313998254989933
"2004-06-21",-0.304061791036691
"2004-06-22",0.356754057928863
"2004-06-23",1.1664486208054
"2004-06-24",-0.179387888965584
"2004-06-25",-1.20255318436332
"2004-06-28",-0.335882004319235
"2004-06-29",0.575539865800434
"2004-06-30",0.284653596126152
"2004-07-01",-0.855433114294006
"2004-07-02",-0.542807667673866
"2004-07-06",-0.223905652321098
"2004-07-07",0.152089105567138
"2004-07-08",-0.387919754972049
"2004-07-09",0.627091205639068
"2004-07-12",0.304117409594561
"2004-07-13",0.30283462135017
"2004-07-14",-0.0533162413497626
"2004-07-15",-0.0835271776600463
"2004-07-16",-0.0652470947639388
"2004-07-19",-0.189194411562187
"2004-07-20",0.153549858452266
"2004-07-21",-1.10043539497216
"2004-07-22",-0.131167940471201
"2004-07-23",-1.46832142116468
"2004-07-26",-0.166464007205981
"2004-07-27",0.692811358403566
"2004-07-28",0.537187512948506
"2004-07-29",0.241518449696193
"2004-07-30",0.244156730451735
"2004-08-02",0.39878453768958
"2004-08-03",-0.226025630373202
"2004-08-04",-0.161394410784157
"2004-08-05",-1.53759799037919
"2004-08-06",-1.46806003409912
"2004-08-09",0.357529916681563
"2004-08-10",1.08715479966921
"2004-08-11",0.594257770885805
"2004-08-12",-1.02956128155872
"2004-08-13",0.703556132966978
"2004-08-16",1.12175499497117
"2004-08-17",-0.719117146056489
"2004-08-18",0.941453831421571
"2004-08-19",-0.717521534073063
"2004-08-20",0.736796235100603
"2004-08-23",-0.35007249847497
"2004-08-24",0.308960803466402
"2004-08-25",0.726239511485464
"2004-08-26",-0.210242697233164
"2004-08-27",0.239485622389343
"2004-08-30",-0.61442582499894
"2004-08-31",0.889311817688703
"2004-09-01",0.205510890740218
"2004-09-02",1.1830937864688
"2004-09-03",-0.168414301454817
"2004-09-07",0.862843321068898
"2004-09-08",-0.363257358503949
"2004-09-09",-0.10176901025387
"2004-09-10",0.149765003185552
"2004-09-13",0.269490001218145
"2004-09-14",0.0732960649711668
"2004-09-15",-0.87463184004758
"2004-09-16",-0.148324033023404
"2004-09-17",0.969559741983968
"2004-09-20",-0.559644157633729
"2004-09-21",0.887588806076254
"2004-09-22",-1.19041469373011
"2004-09-23",-1.1039718643037
"2004-09-24",0.109991747593332
"2004-09-27",-0.277360637414386
"2004-09-28",0.914741261528671
"2004-09-29",0.368650017607049
"2004-09-30",-2.41046657343464
"2004-10-01",0.992729979874765
"2004-10-04",0.438198190502568
"2004-10-05",-0.43957687122116
"2004-10-06",0.287185711634549
"2004-10-07",-1.2890799982432
"2004-10-08",-0.681496363006598
"2004-10-11",0.167731579265359
"2004-10-12",-0.20447939155492
"2004-10-13",-1.37085503841544
"2004-10-14",0.0133240339050267
"2004-10-15",0.643859007675789
"2004-10-18",-0.0804492160094816
"2004-10-19",0.0389988372016486
"2004-10-20",0.279720731875999
"2004-10-21",-0.237922685149876
"2004-10-22",-0.692120604567019
"2004-10-25",0.0221913619339823
"2004-10-26",1.32195198347779
"2004-10-27",0.368978357382609
"2004-10-28",-0.453129505918208
"2004-10-29",0.440119090699279
"2004-11-01",-0.73524220575243
"2004-11-02",-0.839581066404776
"2004-11-03",1.84274383423693
"2004-11-04",1.01910041315912
"2004-11-05",0.361031765744001
"2004-11-08",-0.028397343478402
"2004-11-09",-0.190504330599203
"2004-11-10",0.491200469966658
"2004-11-11",0.627758551979601
"2004-11-12",0.800458321828084
"2004-11-15",-0.259093676239229
"2004-11-16",-0.152293595256788
"2004-11-17",0.674509971826396
"2004-11-18",0.314975680608413
"2004-11-19",-0.787912569885428
"2004-11-22",0.381631837727302
"2004-11-23",-0.00513229232234789
"2004-11-24",0.166006088098351
"2004-11-26",0.121148772715824
"2004-11-29",-0.182616368272897
"2004-11-30",-0.170871380742945
"2004-12-01",1.09113791538989
"2004-12-02",0.107863060456858
"2004-12-03",0.0847682438186018
"2004-12-06",-0.614920460920258
"2004-12-07",-0.962219481929514
"2004-12-08",0.827875798608074
"2004-12-09",0.829846628950077
"2004-12-10",0.0845179827653487
"2004-12-13",1.17450517147721
"2004-12-14",0.235033470154471
"2004-12-15",0.18768178279359
"2004-12-16",-0.043892266081879
"2004-12-17",-0.233743314624152
"2004-12-20",0.559167164602748
"2004-12-21",0.735380509292334
"2004-12-22",0.347742716240819
"2004-12-23",0.139028194052376
"2004-12-27",-0.83805128980578
"2004-12-28",0.672683335246192
"2004-12-29",-0.3280876688059
"2004-12-30",-0.166854714408386
"2004-12-31",-0.117336633828267
"2005-01-03",-1.31954641713098
"2005-01-04",-1.09674245619203
"2005-01-05",-0.0428868416308578
"2005-01-06",0.633053891883089
"2005-01-07",-0.465561572725662
"2005-01-10",0.313678974990677
"2005-01-11",-0.535239564640825
"2005-01-12",0.987201004909405
"2005-01-13",-1.04565553273355
"2005-01-14",0.562394789374574
"2005-01-18",0.902338100055797
"2005-01-19",-0.770498597258142
"2005-01-20",-0.650950117488213
"2005-01-21",-0.823832709893151
"2005-01-24",-0.330117796360939
"2005-01-25",1.18981081630763
"2005-01-26",0.403456104532574
"2005-01-27",-0.00467374701171577
"2005-01-28",-1.43022581093106
"2005-01-31",0.388668387748206
"2005-02-01",0.521719044335003
"2005-02-02",0.966957752520981
"2005-02-03",0.146527488251505
"2005-02-04",0.662680735981051
"2005-02-07",-0.278036294108554
"2005-02-08",0.557239176293236
"2005-02-09",-0.444308136130457
"2005-02-10",0.66302617146672
"2005-02-11",0.526120972430476
"2005-02-14",0.350723840932515
"2005-02-15",0.34386933981546
"2005-02-16",0.564110615054544
"2005-02-17",-0.737944174933989
"2005-02-18",1.30688558804627
"2005-02-22",-1.72364065522769
"2005-02-23",0.985787307023802
"2005-02-24",1.35775621596512
"2005-02-25",1.10279161706774
"2005-02-28",-0.521538087285035
"2005-03-01",0.191850914976226
"2005-03-02",0.269205942464047
"2005-03-03",0.393410634108478
"2005-03-04",1.02320541994954
"2005-03-07",-0.28829232754805
"2005-03-08",0.0254710463315274
"2005-03-09",-1.2624646527105
"2005-03-10",0.273757569582179
"2005-03-11",-0.374213883908435
"2005-03-14",0.397959700189571
"2005-03-15",-0.486137736118994
"2005-03-16",-0.729972352472412
"2005-03-17",0.359397396452713
"2005-03-18",0.656983573077138
"2005-03-21",-0.301223576210445
"2005-03-22",-0.814710493392202
"2005-03-23",-0.287761814678506
"2005-03-24",-0.239234665024592
"2005-03-28",0.324464907752608
"2005-03-29",-0.989380182596864
"2005-03-30",1.55574079664326
"2005-03-31",-0.212792423312085
"2005-04-01",-0.254805628584138
"2005-04-04",-0.307050475892653
"2005-04-05",-0.0430612850188411
"2005-04-06",0.453668988344355
"2005-04-07",0.865537339180834
"2005-04-08",-0.874411918542921
"2005-04-11",0.0784870785612741
"2005-04-12",0.27718692755361
"2005-04-13",-1.01167211245446
"2005-04-14",-0.869251761512513
"2005-04-15",-2.36635385492715
"2005-04-18",0.173269099738823
"2005-04-19",0.973124221666869
"2005-04-20",-1.22307533399227
"2005-04-21",2.17833353149985
"2005-04-22",-0.170694654461161
"2005-04-25",0.85957933820966
"2005-04-26",-0.757419243156777
"2005-04-27",-0.162824063764222
"2005-04-28",-1.26463391544483
"2005-04-29",1.27062422666167
"2005-05-02",0.556583141874552
"2005-05-03",-0.239125342164827
"2005-05-04",0.931885060956568
"2005-05-05",-0.238249070124346
"2005-05-06",-0.099312069940584
"2005-05-09",0.450865454351546
"2005-05-10",-0.844791281464478
"2005-05-11",0.517788960879289
"2005-05-12",-1.25898908848554
"2005-05-13",-0.754161533020853
"2005-05-16",0.671370482711251
"2005-05-17",0.856050999828959
"2005-05-18",1.03391143113033
"2005-05-19",0.403038014345904
"2005-05-20",-0.312857664899892
"2005-05-23",0.585263042858477
"2005-05-24",-0.0758843391129888
"2005-05-25",-0.213577806005016
"2005-05-26",0.830504345712197
"2005-05-27",0.288481811336541
"2005-05-31",-0.734592486420974
"2005-06-01",1.0483596213722
"2005-06-02",0.179650889882558
"2005-06-03",-0.725196122931591
"2005-06-06",0.0642541379453226
"2005-06-07",0.108725577594563
"2005-06-08",-0.355708123845356
"2005-06-09",0.527530543195895
"2005-06-10",-0.233753196013604
"2005-06-13",0.031606627300856
"2005-06-14",-0.0211892793523366
"2005-06-15",0.553719202033546
"2005-06-16",0.306002406984305
"2005-06-17",0.943378737008647
"2005-06-20",-0.137428492527343
"2005-06-21",-0.5209979551349
"2005-06-22",-0.204250245428289
"2005-06-23",-1.73328705562498
"2005-06-24",-1.41916026592494
"2005-06-27",0.2998695618019
"2005-06-28",1.16299940692143
"2005-06-29",-0.671021522183064
"2005-06-30",-0.509471183100415
"2005-07-01",0.515839869804197
"2005-07-05",0.819446211865348
"2005-07-06",-1.19774999440692
"2005-07-07",0.437968434234701
"2005-07-08",1.38453906593691
"2005-07-11",0.501748311961228
"2005-07-12",-0.0322937452499088
"2005-07-13",0.506856965455613
"2005-07-14",0.3659966800389
"2005-07-15",-0.220784030512219
"2005-07-18",-0.278773470159435
"2005-07-19",1.32132987556083
"2005-07-20",0.443615108817506
"2005-07-21",-0.644827099215575
"2005-07-22",0.330762002442769
"2005-07-25",-0.428857502030645
"2005-07-26",-0.129887492769795
"2005-07-27",0.702006564590213
"2005-07-28",0.689767332896784
"2005-07-29",-0.994273292461733
"2005-08-01",-0.228249961472691
"2005-08-02",0.594750314595748
"2005-08-03",0.146402944645523
"2005-08-04",-0.862261774734061
"2005-08-05",-0.208558965321066
"2005-08-08",0.141957535533878
"2005-08-09",0.819310928289479
"2005-08-10",0.0752003627354796
"2005-08-11",1.07522379423735
"2005-08-12",-0.679098622118964
"2005-08-15",0.259302754490222
"2005-08-16",-1.46936885757417
"2005-08-17",-0.0215525588556296
"2005-08-18",-0.085061108350382
"2005-08-19",0.312406578433291
"2005-08-22",0.243519327884349
"2005-08-23",-0.352478958429697
"2005-08-24",-0.877301054301544
"2005-08-25",0.0810223716272899
"2005-08-26",-0.617384181414393
"2005-08-29",0.838840089438172
"2005-08-30",-0.322470064374329
"2005-08-31",1.12665882248581
"2005-09-01",0.434352323401768
"2005-09-02",0.109338581858711
"2005-09-06",0.980735902050684
"2005-09-07",0.218941236502932
"2005-09-08",-0.466103798980147
"2005-09-09",1.15392145586259
"2005-09-12",-0.101900533204106
"2005-09-13",-0.711918210830713
"2005-09-14",-0.57198645504511
"2005-09-15",0.143477907770777
"2005-09-16",0.580611525938496
"2005-09-19",-0.442836620649317
"2005-09-20",-0.501934656235163
"2005-09-21",-0.633246387122739
"2005-09-22",0.293542989869898
"2005-09-23",0.222577145186728
"2005-09-26",0.36458744857062
"2005-09-27",0.509463224133081
"2005-09-28",0.390137176065174
"2005-09-29",0.402912615361413
"2005-09-30",0.140158884579926
"2005-10-03",-0.419238845133729
"2005-10-04",-1.3241250747163
"2005-10-05",-1.3508994194401
"2005-10-06",-0.385582176269882
"2005-10-07",0.351821618915017
"2005-10-10",-0.0763075002310745
"2005-10-11",0.339742951096661
"2005-10-12",-0.317931316642121
"2005-10-13",-0.497091496799281
"2005-10-14",0.893898027313206
"2005-10-17",-0.120275092790516
"2005-10-18",-1.39162974059028
"2005-10-19",1.44841613129468
"2005-10-20",-1.46657807231378
"2005-10-21",-1.60043395956686
"2005-10-24",1.75377674135593
"2005-10-25",0.111937198057971
"2005-10-26",-0.833965511143808
"2005-10-27",-0.94281562829871
"2005-10-28",1.53380757919748
"2005-10-31",0.304270411362832
"2005-11-01",-0.0228372190458973
"2005-11-02",0.459555753607378
"2005-11-03",1.28445917907264
"2005-11-04",-0.493584943506058
"2005-11-07",0.0695136050230937
"2005-11-08",-0.0833722184015322
"2005-11-09",0.102993470969196
"2005-11-10",0.713472555811296
"2005-11-11",0.277003670082357
"2005-11-14",0.123113422785626
"2005-11-15",0.207107824900032
"2005-11-16",0.688535863345539
"2005-11-17",0.335040995391799
"2005-11-18",0.905655881013558
"2005-11-21",0.854641429639474
"2005-11-22",0.409252919729201
"2005-11-23",0.100437819826168
"2005-11-25",0.139476456072705
"2005-11-28",-1.17659085338468
"2005-11-29",0.364704635298977
"2005-11-30",-0.474790510599244
"2005-12-01",1.21542967839658
"2005-12-02",0.0214051893639596
"2005-12-05",0.0210194546444892
"2005-12-06",0.369216073231417
"2005-12-07",-0.623087698505209
"2005-12-08",-0.285114125893414
"2005-12-09",-0.42452569269446
"2005-12-12",-0.236537685303646
"2005-12-13",0.368041578523705
"2005-12-14",0.790717981575561
"2005-12-15",0.103415068260283
"2005-12-16",-0.328250451181738
"2005-12-19",-0.195751516322976
"2005-12-20",-0.0948073613514419
"2005-12-21",0.0206647772890895
"2005-12-22",0.579639094188513
"2005-12-23",0.0151860303926756
"2005-12-27",-1.10367710926418
"2005-12-28",0.240396975011569
"2005-12-29",-0.0354509328427361
"2005-12-30",-0.626400409623046
"2006-01-03",1.61940133964628
"2006-01-04",0.373085212217945
"2006-01-05",-0.254006540357153
"2006-01-06",0.899195676489108
"2006-01-09",0.273629851179754
"2006-01-10",0.000593835103032014
"2006-01-11",0.327129337963863
"2006-01-12",-0.457025132402543
"2006-01-13",0.356308643660527
"2006-01-17",0.132841964652793
"2006-01-18",-0.535414172213876
"2006-01-19",0.353129411740909
"2006-01-20",-1.87482002218117
"2006-01-23",0.235112628761414
"2006-01-24",0.399572447911261
"2006-01-25",0.0877421568731292
"2006-01-26",1.06985733003253
"2006-01-27",1.30561033499274
"2006-01-30",0.130536962324899
"2006-01-31",-0.410074107402353
"2006-02-01",0.746515168582108
"2006-02-02",-0.684313788516082
"2006-02-03",-0.598905647540752
"2006-02-06",0.215617507606113
"2006-02-07",-0.810518361487589
"2006-02-08",0.865752311704739
"2006-02-09",-0.278988320188727
"2006-02-10",0.325570305691247
"2006-02-13",-0.274096896805673
"2006-02-14",0.825668950669897
"2006-02-15",0.470340520322973
"2006-02-16",0.551056721897069
"2006-02-17",0.403406684540204
"2006-02-21",0.1593146348844
"2006-02-22",0.57009286861812
"2006-02-23",-0.718931409074424
"2006-02-24",0.264184510261947
"2006-02-27",0.12670791002494
"2006-02-28",-1.19102241110427
"2006-03-01",0.609184470614458
"2006-03-02",-0.162379354875405
"2006-03-03",0.138111754041754
"2006-03-06",-0.68939250392604
"2006-03-07",0.0410336419426172
"2006-03-08",0.28877885413249
"2006-03-09",-0.378005820344169
"2006-03-10",0.625572592257855
"2006-03-13",0.465251084383863
"2006-03-14",0.547040092374047
"2006-03-15",0.634673126591829
"2006-03-16",0.410396041601876
"2006-03-17",0.394275363030546
"2006-03-20",-0.0903409720600338
"2006-03-21",-0.271641370157176
"2006-03-22",0.764780835735144
"2006-03-23",-0.592641527298355
"2006-03-24",0.251979212698953
"2006-03-27",-0.167514229957102
"2006-03-28",-0.879923667542049
"2006-03-29",0.50797114215393
"2006-03-30",-0.225944097448368
"2006-03-31",-0.504966434002029
"2006-04-03",0.512419546555433
"2006-04-04",0.669302267545463
"2006-04-05",0.363836705350588
"2006-04-06",-0.376096559202142
"2006-04-07",-1.01179605097287
"2006-04-10",0.431289566441365
"2006-04-11",-0.289988069519802
"2006-04-12",0.228532869630146
"2006-04-13",-0.09438663283188
"2006-04-17",-0.313439269083689
"2006-04-18",1.83168881936922
"2006-04-19",0.949588906654535
"2006-04-20",0.297135662530303
"2006-04-21",0.372466683229151
"2006-04-24",-0.313570945053555
"2006-04-25",-0.548479925146157
"2006-04-26",0.328463179805222
"2006-04-27",-0.0325220875256433
"2006-04-28",-0.117887663760626
"2006-05-01",-0.0455949680898913
"2006-05-02",1.19979942202703
"2006-05-03",-0.658751766314645
"2006-05-04",0.293496138114898
"2006-05-05",1.08057184068829
"2006-05-08",-0.0134502793843207
"2006-05-09",0.533128796875662
"2006-05-10",0.226792721154739
"2006-05-11",-0.716396705023036
"2006-05-12",-1.21482925252954
"2006-05-15",0.17018117002728
"2006-05-16",0.342577406175246
"2006-05-17",-1.86225371748749
"2006-05-18",-0.558494807118863
"2006-05-19",-0.317288705443219
"2006-05-22",0.14329584118882
"2006-05-23",-0.103541688959514
"2006-05-24",-0.461019697820259
"2006-05-25",1.11751709730242
"2006-05-26",0.326612764441745
"2006-05-30",-1.8509545476563
"2006-05-31",0.851772648760449
"2006-06-01",0.619049090227892
"2006-06-02",-0.0294262880058769
"2006-06-05",-2.0117022249582
"2006-06-06",-0.177979596021621
"2006-06-07",-0.876866397819298
"2006-06-08",0.353782103861286
"2006-06-09",-0.350763430836118
"2006-06-12",-1.01296634441425
"2006-06-13",-0.57807721622303
"2006-06-14",1.44018314065456
"2006-06-15",2.01013334483741
"2006-06-16",-0.0190822774491621
"2006-06-19",-0.937790443322494
"2006-06-20",0.4393331045359
"2006-06-21",0.880038791121602
"2006-06-22",-0.349046586000908
"2006-06-23",-0.178424350137513
"2006-06-26",0.498401526852402
"2006-06-27",-0.646581990537102
"2006-06-28",0.777098222835337
"2006-06-29",1.79403382535904
"2006-06-30",-0.623094313403979
"2006-07-03",0.82041715526339
"2006-07-05",-0.301565668871515
"2006-07-06",0.567102983591601
"2006-07-07",-0.727768338441747
"2006-07-10",0.453420334133066
"2006-07-11",0.765758182920258
"2006-07-12",-1.04771190596645
"2006-07-13",-0.991921022432412
"2006-07-14",-1.18495823938244
"2006-07-17",-0.0937928183348347
"2006-07-18",0.859362029695916
"2006-07-19",1.87300066855551
"2006-07-20",-0.990690090103829
"2006-07-21",-0.75776965211632
"2006-07-24",2.20800823658489
"2006-07-25",0.702977802848428
"2006-07-26",-0.137777560839097
"2006-07-27",0.0871009282762164
"2006-07-28",0.376857514243548
"2006-07-31",-0.521971044781309
"2006-08-01",-0.170543349891542
"2006-08-02",0.813398146250464
"2006-08-03",0.672968734182386
"2006-08-04",-0.0236265301214873
"2006-08-07",0.112110112326041
"2006-08-08",-0.506896423347061
"2006-08-09",-0.667472936344598
"2006-08-10",0.194900872883545
"2006-08-11",-0.435285488422603
"2006-08-14",-0.0722403722454013
"2006-08-15",0.732265020056196
"2006-08-16",0.939051465065568
"2006-08-17",-0.361734834443483
"2006-08-18",0.330261348112094
"2006-08-21",-0.16624656849486
"2006-08-22",0.0686573781014691
"2006-08-23",-0.449160395833723
"2006-08-24",0.0248552315867401
"2006-08-25",-0.0591429320802732
"2006-08-28",0.390301957501895
"2006-08-29",0.143830596868846
"2006-08-30",-0.0897815278262797
"2006-08-31",-0.122958594888951
"2006-09-01",0.663795998351283
"2006-09-05",0.565003995811574
"2006-09-06",-0.725787625245461
"2006-09-07",-0.695418174279361
"2006-09-08",-0.0796307088352159
"2006-09-11",-0.494100344717652
"2006-09-12",0.402899059661067
"2006-09-13",0.440397284513152
"2006-09-14",-0.562345537453739
"2006-09-15",0.311731879508302
"2006-09-18",0.354449402194758
"2006-09-19",-0.274019435580587
"2006-09-20",0.21616885589745
"2006-09-21",-0.42248926693578
"2006-09-22",-0.293294138712971
"2006-09-25",0.906637807349727
"2006-09-26",1.15628394936633
"2006-09-27",0.276579990955968
"2006-09-28",0.230839742860291
"2006-09-29",-0.424616073283756
"2006-10-02",0.0557303959642377
"2006-10-03",0.0127223945397323
"2006-10-04",1.1795243540007
"2006-10-05",0.552797385629411
"2006-10-06",-0.0826326089990201
"2006-10-09",-0.24524061682172
"2006-10-10",0.127647845503491
"2006-10-11",-0.330554234708156
"2006-10-12",1.00387949866779
"2006-10-13",0.130863829893854
"2006-10-16",0.664134830131994
"2006-10-17",-0.352686022637924
"2006-10-18",0.487331537619225
"2006-10-19",0.279331130881232
"2006-10-20",-0.793932994477999
"2006-10-23",0.827632822495121
"2006-10-24",0.282740783699101
"2006-10-25",0.312198877839253
"2006-10-26",-0.027908108027041
"2006-10-27",-0.405653722331844
"2006-10-30",-0.214410694058036
"2006-10-31",0.123796587042764
"2006-11-01",-0.451908692144213
"2006-11-02",-0.0209613385395088
"2006-11-03",0.216974658374134
"2006-11-06",0.901620105920429
"2006-11-07",0.654853690009983
"2006-11-08",0.118798221720854
"2006-11-09",-0.598492860337714
"2006-11-10",-0.072617475865463
"2006-11-13",0.235367312280631
"2006-11-14",0.515732710337887
"2006-11-15",0.539291859445439
"2006-11-16",0.233647484900892
"2006-11-17",0.344760364878145
"2006-11-20",-0.468757905748518
"2006-11-21",0.474267741894587
"2006-11-22",0.0469265114401315
"2006-11-24",-0.378188767015643
"2006-11-27",-1.17731882115723
"2006-11-28",0.349208069034165
"2006-11-29",0.975519044191992
"2006-11-30",0.190352103573264
"2006-12-01",0.0152028013162938
"2006-12-04",0.711119867295085
"2006-12-05",0.79156027804952
"2006-12-06",-0.118256684531059
"2006-12-07",-0.308776150708254
"2006-12-08",0.0197438149272962
"2006-12-11",0.0118562050280738
"2006-12-12",0.11357430079986
"2006-12-13",-0.170389817729574
"2006-12-14",0.538244737480573
"2006-12-15",0.348985581810335
"2006-12-18",-0.495656456696851
"2006-12-19",0.389834577579128
"2006-12-20",-0.147887375812371
"2006-12-21",-0.393495116541745
"2006-12-22",-0.650289876921713
"2006-12-26",0.462177566384651
"2006-12-27",0.687538056899949
"2006-12-28",-0.0383708962231464
"2006-12-29",-0.387436761795254
"2007-01-03",-0.198049699767658
"2007-01-04",-0.0362444357951095
"2007-01-05",-0.568484024418491
"2007-01-08",0.349129399061041
"2007-01-09",-0.348534021224192
"2007-01-10",-0.121789235638133
"2007-01-11",0.132579821284515
"2007-01-12",0.664399248389723
"2007-01-16",-0.0873513918773535
"2007-01-17",0.555823168714102
"2007-01-18",0.000769790831477916
"2007-01-19",-0.131236487500239
"2007-01-22",-1.08063151094308
"2007-01-23",1.20735517450126
"2007-01-24",0.400168962314559
"2007-01-25",-0.891047089576089
"2007-01-26",0.0290707772172337
"2007-01-29",0.0222957823977184
"2007-01-30",0.701364654734527
"2007-01-31",0.70135037519251
"2007-02-01",0.976061763319124
"2007-02-02",-0.182356398648376
"2007-02-05",-0.0773421360188399
"2007-02-06",-0.0815874075520962
"2007-02-07",-0.138231906213946
"2007-02-08",-0.10504391302695
"2007-02-09",-0.467697629565048
"2007-02-12",-0.386783941172739
"2007-02-13",0.413796285874646
"2007-02-14",0.749815356989141
"2007-02-15",0.230437617758959
"2007-02-16",-0.156644536166383
"2007-02-20",-0.0800691639435403
"2007-02-21",-0.363937992313878
"2007-02-22",-0.321082702769287
"2007-02-23",-0.242036006370196
"2007-02-26",0.256357607996446
"2007-02-27",-3.3057520489484
"2007-02-28",0.557932446404503
"2007-03-01",-0.412152077889846
"2007-03-02",-0.965915335256174
"2007-03-05",-0.114149163619028
"2007-03-06",1.11311154369832
"2007-03-07",0.0278782903171915
"2007-03-08",0.29726262863821
"2007-03-09",0.0895620386239941
"2007-03-12",0.484075274235908
"2007-03-13",-1.55464560625257
"2007-03-14",0.584406352965769
"2007-03-15",0.177136302698537
"2007-03-16",-0.475453747858268
"2007-03-19",0.963645923542523
"2007-03-20",0.578548249067086
"2007-03-21",1.44855865084533
"2007-03-22",0.5812839547577
"2007-03-23",0.388398945467387
"2007-03-26",0.0825938846899259
"2007-03-27",-0.380803984018355
"2007-03-28",-0.636678241051975
"2007-03-29",0.456215728478025
"2007-03-30",-0.27717245373137
"2007-04-02",0.474086858247594
"2007-04-03",0.690653828826051
"2007-04-04",0.162436899611927
"2007-04-05",0.118100791025222
"2007-04-09",-0.115658583115139
"2007-04-10",0.384111947330856
"2007-04-11",-0.685843254115299
"2007-04-12",0.759189649295517
"2007-04-13",0.898204580964359
"2007-04-16",0.540860428780713
"2007-04-17",0.504240958369446
"2007-04-18",0.366010091345455
"2007-04-19",-0.336531583311002
"2007-04-20",1.46602316216893
"2007-04-23",-0.201194959513791
"2007-04-24",0.346459330353299
"2007-04-25",1.19653214281481
"2007-04-26",-0.0185824883836068
"2007-04-27",0.239508154122977
"2007-04-30",-0.22744960317865
"2007-05-01",0.236782948695353
"2007-05-02",0.177120182007639
"2007-05-03",0.258231489452942
"2007-05-04",0.0597700531426255
"2007-05-07",0.369620625732753
"2007-05-08",-0.0290647537635558
"2007-05-09",0.400091622520565
"2007-05-10",-1.27065870968889
"2007-05-11",1.14775796513203
"2007-05-14",0.163224358359899
"2007-05-15",0.124434723118373
"2007-05-16",0.662753912786567
"2007-05-17",-0.00320309707901564
"2007-05-18",0.915619750173739
"2007-05-21",-0.0817698838041362
"2007-05-22",-0.115395742075865
"2007-05-23",-0.157583075725853
"2007-05-24",-0.611408873477636
"2007-05-25",0.765037474612243
"2007-05-29",0.0626768400260066
"2007-05-30",1.235961692898
"2007-05-31",-0.191612276942551
"2007-06-01",-0.028082871125824
"2007-06-04",0.0712217791110063
"2007-06-05",-0.284455177826178
"2007-06-06",-0.945089070970147
"2007-06-07",-1.41606182487941
"2007-06-08",1.05095383022173
"2007-06-11",0.308158242469037
"2007-06-12",-1.09269015060506
"2007-06-13",1.2938930388639
"2007-06-14",0.567519224736717
"2007-06-15",0.684598036406045
"2007-06-18",0.0121850832770889
"2007-06-19",0.198322858912916
"2007-06-20",-1.11720380705156
"2007-06-21",0.726732267382414
"2007-06-22",-1.38515476813872
"2007-06-25",0.126132857845122
"2007-06-26",-0.121447660591005
"2007-06-27",0.743793099341192
"2007-06-28",0.112321937252927
"2007-06-29",-0.224252483492456
"2007-07-02",0.833801160821391
"2007-07-03",0.377813974096567
"2007-07-05",-0.00365746062291866
"2007-07-06",0.528001860616542
"2007-07-09",0.589082209133927
"2007-07-10",-0.58289121934347
"2007-07-11",0.774655884168389
"2007-07-12",1.89951816443966
"2007-07-13",0.580101049592912
"2007-07-16",0.598749354057172
"2007-07-17",-0.154870179663321
"2007-07-18",0.262134665679712
"2007-07-19",0.935226995093213
"2007-07-20",-1.08088116404441
"2007-07-23",1.3595508071988
"2007-07-24",-1.25856353010316
"2007-07-25",1.28448290765086
"2007-07-26",-2.50081408569983
"2007-07-27",-1.72910349775841
"2007-07-30",0.669501748153313
"2007-07-31",-1.14320064911731
"2007-08-01",1.45097215946386
"2007-08-02",0.331991285603625
"2007-08-03",-1.97340759358155
"2007-08-06",1.8546234257628
"2007-08-07",0.327361159936485
"2007-08-08",1.04134834511513
"2007-08-09",-2.60441753884929
"2007-08-10",0.177493224341537
"2007-08-13",-0.294706873252742
"2007-08-14",-1.00115106872559
"2007-08-15",-1.29102637394678
"2007-08-16",-0.75792765243224
"2007-08-17",2.29585743054265
"2007-08-20",0.377278613281458
"2007-08-21",-0.6652057410447
"2007-08-22",0.989399901059539
"2007-08-23",0.015290096335033
"2007-08-24",1.33719439276733
"2007-08-27",-0.538491879463826
"2007-08-28",-2.12269377380255
"2007-08-29",1.77235831491089
"2007-08-30",-0.147819383421943
"2007-08-31",0.797800760647807
"2007-09-04",0.596312908812809
"2007-09-05",-0.631716855715798
"2007-09-06",1.01034417789057
"2007-09-07",-1.59330994879411
"2007-09-10",0.260424141678491
"2007-09-11",1.28575116233053
"2007-09-12",0.182668757386373
"2007-09-13",0.542951535626828
"2007-09-14",0.252825571087371
"2007-09-17",-0.241889680485839
"2007-09-18",2.42138789191168
"2007-09-19",0.703468187307571
"2007-09-20",-0.0708015552935345
"2007-09-21",0.59986384069476
"2007-09-24",-0.303335102553398
"2007-09-25",0.192687874096182
"2007-09-26",0.460831346671899
"2007-09-27",0.381140886813726
"2007-09-28",-0.0312188697614911
"2007-10-01",1.28670824620779
"2007-10-02",-0.827529245408653
"2007-10-03",-0.890898576523906
"2007-10-04",0.259026428933216
"2007-10-05",0.420052735657716
"2007-10-08",-0.26576790479451
"2007-10-09",0.95355087746522
"2007-10-10",-0.606864742566739
"2007-10-11",-0.984699346763946
"2007-10-12",0.448655400518804
"2007-10-15",-0.385878484940154
"2007-10-16",0.131464162349468
"2007-10-17",-0.4310970745052
"2007-10-18",0.223351117077784
"2007-10-19",-2.26846220334079
"2007-10-22",0.384391156413861
"2007-10-23",0.875166961843782
"2007-10-24",0.216432330222947
"2007-10-25",0.327903416294567
"2007-10-26",0.457112560209819
"2007-10-29",0.505582221976525
"2007-10-30",-1.07237772380998
"2007-10-31",1.13304121432967
"2007-11-01",-2.1315673549126
"2007-11-02",0.240793406506987
"2007-11-05",-0.2103960080211
"2007-11-06",0.920618380353645
"2007-11-07",-2.25128331122011
"2007-11-08",0.350389441652475
"2007-11-09",-1.8461822936763
"2007-11-12",-0.705545753190093
"2007-11-13",2.13344089773114
"2007-11-14",-0.543780487217748
"2007-11-15",-0.69190529816628
"2007-11-16",0.724272721576261
"2007-11-19",-1.20331595642491
"2007-11-20",1.00775168004115
"2007-11-21",-1.45439581697884
"2007-11-23",1.28756286427772
"2007-11-26",-1.4627668699639
"2007-11-27",1.60410272124484
"2007-11-28",2.10900516174169
"2007-11-29",0.0349185030165122
"2007-11-30",-0.332094249428456
"2007-12-03",-0.50700531986855
"2007-12-04",-0.503957616597858
"2007-12-05",1.52390792552206
"2007-12-06",1.2494475098722
"2007-12-07",0.217407873605057
"2007-12-10",0.662410128308124
"2007-12-11",-2.00941424631438
"2007-12-12",0.574857158002218
"2007-12-13",0.663882755326026
"2007-12-14",-1.07956940238962
"2007-12-17",-1.55605674894292
"2007-12-18",0.583857732453788
"2007-12-19",-0.0701000881186912
"2007-12-20",0.475134588080299
"2007-12-21",1.64259320938251
"2007-12-24",0.479834943174633
"2007-12-26",0.174230464543062
"2007-12-27",-1.17019931206055
"2007-12-28",0.404577626874525
"2007-12-31",-1.13160352786649
"2008-01-02",-1.27237868214373
"2008-01-03",0.431758035629913
"2008-01-04",-1.56178854950217
"2008-01-07",-0.163863237579056
"2008-01-08",-1.33171332009194
"2008-01-09",1.00090423016831
"2008-01-10",0.508816200815689
"2008-01-11",-1.83931456768982
"2008-01-14",1.07680860785965
"2008-01-15",-2.20121927153453
"2008-01-16",-0.676505422493336
"2008-01-17",-2.67687498780118
"2008-01-18",0.0644544028549081
"2008-01-22",-1.93063792658289
"2008-01-23",1.37947785954404
"2008-01-24",1.06091258185819
"2008-01-25",-1.55909329987329
"2008-01-28",1.5408826177643
"2008-01-29",0.0637170237992558
"2008-01-30",-0.25097544747335
"2008-01-31",1.03888608517565
"2008-02-01",0.6343574905281
"2008-02-04",-0.313236268056807
"2008-02-05",-2.86265471332063
"2008-02-06",-0.589051028903243
"2008-02-07",0.315758182697395
"2008-02-08",-0.327547543348605
"2008-02-11",1.38718717859869
"2008-02-12",1.52487749995984
"2008-02-13",1.39032560934516
"2008-02-14",-0.944769706279469
"2008-02-15",-0.0400384186518406
"2008-02-19",0.141440350653182
"2008-02-20",0.561255753150515
"2008-02-21",-1.2379689410846
"2008-02-22",0.608602310408389
"2008-02-25",1.62393292116604
"2008-02-26",0.811939817644082
"2008-02-27",-0.0209692955368057
"2008-02-28",-0.232255469735386
"2008-02-29",-2.11110457774743
"2008-03-03",0.0323874423700185
"2008-03-04",-0.465950254907717
"2008-03-05",0.703165831908721
"2008-03-06",-1.67752915018813
"2008-03-07",-1.59581127503799
"2008-03-10",-1.02192070671463
"2008-03-11",2.91671152780499
"2008-03-12",0.286868998519414
"2008-03-13",0.368355109396911
"2008-03-14",-1.03106851154369
"2008-03-17",0.155438120780916
"2008-03-18",2.91156532390272
"2008-03-19",-2.2742343921796
"2008-03-20",1.59720639181294
"2008-03-24",1.24381967973225
"2008-03-25",-0.0759364390336248
"2008-03-26",0.0936486736722418
"2008-03-27",-0.607364438409478
"2008-03-28",-0.578976937912153
"2008-03-31",-0.895351071362901
"2008-04-01",2.04443016272342
"2008-04-02",-0.626759030723279
"2008-04-03",0.0692036663515178
"2008-04-04",0.563550298139896
"2008-04-07",0.0603327730530726
"2008-04-08",0.22833466288796
"2008-04-09",0.137121605583357
"2008-04-10",0.540560288423504
"2008-04-11",-2.71784937516992
"2008-04-14",0.603129687049388
"2008-04-15",0.224111332628933
"2008-04-16",1.29530165283934
"2008-04-17",-0.616190074137775
"2008-04-18",1.80366478217227
"2008-04-21",-0.229382715623912
"2008-04-22",-0.662760619128925
"2008-04-23",0.556938302192137
"2008-04-24",0.325164260698775
"2008-04-25",0.349294469076844
"2008-04-28",0.0450808477216662
"2008-04-29",-1.08256854699791
"2008-04-30",0.397808270675903
"2008-05-01",0.555985332930211
"2008-05-02",0.248661335401242
"2008-05-05",-0.352670354988187
"2008-05-06",0.241566928351145
"2008-05-07",-1.14061947735132
"2008-05-08",0.590552594842548
"2008-05-09",-0.700309796774374
"2008-05-12",0.9340807789301
"2008-05-13",0.250083089279218
"2008-05-14",0.28450088440569
"2008-05-15",0.545675824769286
"2008-05-16",0.222162432103201
"2008-05-19",0.787343361727051
"2008-05-20",-0.906519724912814
"2008-05-21",-1.50674298070131
"2008-05-22",0.052310374690852
"2008-05-23",-0.936436343224995
"2008-05-27",0.291582833492216
"2008-05-28",0.142959535190121
"2008-05-29",-0.0493098196245289
"2008-05-30",0.139985245190696
"2008-06-02",-0.979988718936856
"2008-06-03",-0.890988975274575
"2008-06-04",-0.0220609931066064
"2008-06-05",1.4409071793369
"2008-06-06",-3.0767066048114
"2008-06-09",0.792911848824096
"2008-06-10",-0.158874111442607
"2008-06-11",-0.829600751491147
"2008-06-12",-0.0776927556698613
"2008-06-13",0.591936146222189
"2008-06-16",-0.54355469961583
"2008-06-17",-0.336330768563176
"2008-06-18",-0.857788616832436
"2008-06-19",0.223729686570691
"2008-06-20",-1.04776660794377
"2008-06-23",0.819605716784682
"2008-06-24",-0.339861265176366
"2008-06-25",-0.400781472161564
"2008-06-26",-2.7314231751269
"2008-06-27",-0.987765864202009
"2008-06-30",0.546190531190581
"2008-07-01",0.25493856468696
"2008-07-02",-1.31165998158867
"2008-07-03",0.990723678928567
"2008-07-07",-0.772680310078628
"2008-07-08",0.845803558196912
"2008-07-09",-1.36315890259565
"2008-07-10",0.962414186639046
"2008-07-11",-1.15551470738412
"2008-07-14",0.102121447626135
"2008-07-15",-1.08389048912283
"2008-07-16",1.1639724838935
"2008-07-17",0.761115585900615
"2008-07-18",0.515960852528662
"2008-07-21",-0.305139424934203
"2008-07-22",0.10672493947114
"2008-07-23",-0.492639418770587
"2008-07-24",-1.53043193393424
"2008-07-25",0.706324343910158
"2008-07-28",-1.7375429803108
"2008-07-29",1.51152605223027
"2008-07-30",1.88019965983697
"2008-07-31",-2.37763235482843
"2008-08-01",-0.0207743445614159
"2008-08-04",-0.371169598449953
"2008-08-05",2.56343055033451
"2008-08-06",1.03297825777104
"2008-08-07",-1.42439536286277
"2008-08-08",2.59148572792724
"2008-08-11",-0.319502883357211
"2008-08-12",-0.369663560845671
"2008-08-13",-0.300251964526102
"2008-08-14",0.294760210519137
"2008-08-15",0.205973241950729
"2008-08-18",-1.22912270255754
"2008-08-19",-0.538833951106826
"2008-08-20",0.174650556356508
"2008-08-21",0.21757308428079
"2008-08-22",1.57381331292274
"2008-08-25",-2.00651438913438
"2008-08-26",0.124091955119979
"2008-08-27",0.702766340330188
"2008-08-28",1.49716899954402
"2008-08-29",-1.73196563915911
"2008-09-02",-1.06800194963863
"2008-09-03",0.371107699040982
"2008-09-04",-2.88885204785049
"2008-09-05",-0.181188549719873
"2008-09-08",2.27729223975251
"2008-09-09",-2.31405762278412
"2008-09-10",0.390113088436878
"2008-09-11",1.28099709048658
"2008-09-12",0.234446040785186
"2008-09-15",-3.35302876528722
"2008-09-16",0.930572644205113
"2008-09-17",-3.79562961687874
"2008-09-18",2.98431832558663
"2008-09-19",2.33345410532847
"2008-09-22",-2.13292542318831
"2008-09-23",-2.04603057198596
"2008-09-24",-0.0386441900685411
"2008-09-25",1.8157718280756
"2008-09-26",0.672629574650266
"2008-09-29",-6.34167789326286
"2008-09-30",4.38418818645133
"2008-10-01",-0.988186152503622
"2008-10-02",-4.46104663457658
"2008-10-03",-0.554232561519157
"2008-10-06",-3.28578605868134
"2008-10-07",-3.9761885455944
"2008-10-08",-1.16446874648166
"2008-10-09",-8.12946084680986
"2008-10-10",-1.94770205944655
"2008-10-13",10.8053099713219
"2008-10-14",-2.06202785265192
"2008-10-15",-8.1153688693827
"2008-10-16",5.01753369833383
"2008-10-17",-1.97667282571101
"2008-10-20",5.41342636171825
"2008-10-21",-2.58344795029137
"2008-10-22",-6.41397508149633
"2008-10-23",2.33281319091153
"2008-10-24",-3.75447747496939
"2008-10-27",-3.00164388113882
"2008-10-28",10.7139062790217
"2008-10-29",-0.259162700135515
"2008-10-30",2.68655306366167
"2008-10-31",1.42625374823845
"2008-11-03",-0.0958866335570652
"2008-11-04",4.09881258839634
"2008-11-05",-4.96108745896718
"2008-11-06",-5.00519692378148
"2008-11-07",3.08326287599395
"2008-11-10",-1.01666802322254
"2008-11-11",-2.10676903690387
"2008-11-12",-4.71917345515346
"2008-11-13",6.68109121410855
"2008-11-14",-4.0838118148533
"2008-11-17",-2.16347090507873
"2008-11-18",1.27841058678027
"2008-11-19",-5.15208665027839
"2008-11-20",-5.83898382072884
"2008-11-21",6.85969267608474
"2008-11-24",4.6297246929243
"2008-11-25",0.232662233441136
"2008-11-26",2.46119206998448
"2008-11-28",1.96011757339774
"2008-12-01",-7.60622446178779
"2008-12-02",4.08532984016258
"2008-12-03",1.89489707490002
"2008-12-04",-3.51669266284025
"2008-12-05",2.7265750165118
"2008-12-08",3.93701362521155
"2008-12-09",-2.9417372540572
"2008-12-10",1.52595967003142
"2008-12-11",-2.10175158727786
"2008-12-12",0.672768068652408
"2008-12-15",-0.108623247898766
"2008-12-16",4.22937007047982
"2008-12-17",-1.76982367930973
"2008-12-18",-2.46665186367353
"2008-12-19",0.110852420397055
"2008-12-22",-0.552409535157137
"2008-12-23",-0.706655158281226
"2008-12-24",0.496299391666214
"2008-12-26",0.633945852861574
"2008-12-29",-0.443936872468025
"2008-12-30",2.37490165303283
"2008-12-31",1.67885444571033
"2009-01-02",3.2882787950239
"2009-01-05",-0.721631632180395
"2009-01-06",0.0463799653463234
"2009-01-07",-2.66893762303169
"2009-01-08",0.0944937808699284
"2009-01-09",-1.62850442834623
"2009-01-12",-1.35486286188145
"2009-01-13",-0.860318246966066
"2009-01-14",-3.26908619616308
"2009-01-15",0.436843043352931
"2009-01-16",1.42101356952095
"2009-01-20",-3.37361669240796
"2009-01-21",2.85204920107863
"2009-01-22",-0.955159214565039
"2009-01-23",-1.97049477351875
"2009-01-26",0.486928024413836
"2009-01-27",1.06486505668054
"2009-01-28",1.97098851905836
"2009-01-29",-2.90946543556799
"2009-01-30",-1.67949624300587
"2009-02-02",-1.56904387466142
"2009-02-03",1.85995683174728
"2009-02-04",-0.701906030134297
"2009-02-05",0.994879633069894
"2009-02-06",2.33991025345666
"2009-02-09",0.688681328942901
"2009-02-10",-5.03737725820272
"2009-02-11",0.841936144764039
"2009-02-12",0.102947730953764
"2009-02-13",-0.63085087800416
"2009-02-17",-3.88063697743408
"2009-02-18",0.0176450722851366
"2009-02-19",-1.13153635624998
"2009-02-20",-2.14579253263102
"2009-02-23",-3.71111665303875
"2009-02-24",2.6841515600993
"2009-02-25",-1.94312421328993
"2009-02-26",-1.70357294384333
"2009-02-27",-2.3722979908744
"2009-03-02",-5.3635509218682
"2009-03-03",-1.50503960223462
"2009-03-04",2.58119450772048
"2009-03-05",-4.06147033456253
"2009-03-06",1.96566475489961
"2009-03-09",-0.543251138041307
"2009-03-10",6.72537282605277
"2009-03-11",-0.461616903454567
"2009-03-12",3.94920285967222
"2009-03-13",1.1337490701377
"2009-03-16",0.116866237370167
"2009-03-17",1.92043370018696
"2009-03-18",0.688945448396224
"2009-03-19",-0.742012691012006
"2009-03-20",-1.88096387798924
"2009-03-23",6.61233382997188
"2009-03-24",-0.471350019682203
"2009-03-25",0.753089106123719
"2009-03-26",2.35075783105754
"2009-03-27",-1.73548000129245
"2009-03-30",-3.96365959233854
"2009-03-31",0.722296964878017
"2009-04-01",1.51869758091463
"2009-04-02",3.47717345636609
"2009-04-03",0.394061953122652
"2009-04-06",0.125093251657278
"2009-04-07",-2.87290757780484
"2009-04-08",0.49477956547356
"2009-04-09",3.07920506353207
"2009-04-13",-0.801352504035132
"2009-04-14",-1.61728064253293
"2009-04-15",1.53831461530837
"2009-04-16",1.02314606667061
"2009-04-17",-0.00852331547863354
"2009-04-20",-3.41421044676985
"2009-04-21",0.795829260748019
"2009-04-22",-0.544775952247632
"2009-04-23",0.850038373293718
"2009-04-24",1.29887342285761
"2009-04-27",-0.376861980615768
"2009-04-28",-0.245950500205587
"2009-04-29",2.27863612998133
"2009-04-30",0.247971201786283
"2009-05-01",1.27972091046544
"2009-05-04",1.95005795868026
"2009-05-05",0.0919945260903625
"2009-05-06",1.6090718848118
"2009-05-07",-0.421873987736852
"2009-05-08",2.15593678974884
"2009-05-11",-1.79195241381597
"2009-05-12",0.704620301144916
"2009-05-13",-2.07775126152073
"2009-05-14",0.639032820547831
"2009-05-15",-0.872070092446598
"2009-05-18",2.91103673449696
"2009-05-19",0.352280849966822
"2009-05-20",-0.125934577743062
"2009-05-21",-2.00411454460644
"2009-05-22",-0.355075046842092
"2009-05-26",1.93122761424051
"2009-05-27",-1.72909641860527
"2009-05-28",1.13720263161082
"2009-05-29",1.58301718846855
"2009-06-01",3.11524905276147
"2009-06-02",0.596527209363395
"2009-06-03",-1.20444439552722
"2009-06-04",1.23718718315112
"2009-06-05",0.340893475471835
"2009-06-08",0.10028395425954
"2009-06-09",-0.477683806585441
"2009-06-10",-0.431357966411524
"2009-06-11",0.443025078768802
"2009-06-12",0.362073473758043
"2009-06-15",-2.52456876510375
"2009-06-16",-1.48117093695371
"2009-06-17",-0.737448647936458
"2009-06-18",0.580719539883053
"2009-06-19",-0.559823179979371
"2009-06-22",-2.7611934344393
"2009-06-23",-0.551727167139467
"2009-06-24",-0.638589304895187
"2009-06-25",2.27457374126827
"2009-06-26",-0.376539316637375
"2009-06-29",1.23289139859078
"2009-06-30",-1.22453334599479
"2009-07-01",0.722268568557118
"2009-07-02",-2.9829257991943
"2009-07-06",0.518229504768521
"2009-07-07",-2.35978344141459
"2009-07-08",0.286627861633587
"2009-07-09",-0.13312655825848
"2009-07-10",-0.872894526406516
"2009-07-13",2.54568487086495
"2009-07-14",0.634156889869684
"2009-07-15",3.34328488659211
"2009-07-16",1.13356153603132
"2009-07-17",-0.40395544323063
"2009-07-20",1.60750268291826
"2009-07-21",1.43001228923193
"2009-07-22",-1.04625218649437
"2009-07-23",1.95625300573248
"2009-07-24",0.756663697711811
"2009-07-27",0.46591634531616
"2009-07-28",-0.030474363611689
"2009-07-29",-0.528666600220834
"2009-07-30",1.38537715024031
"2009-07-31",0.487980746651386
"2009-08-03",1.12124388064509
"2009-08-04",0.559607567435719
"2009-08-05",-0.86596824597554
"2009-08-06",0.16896829781708
"2009-08-07",1.27110784243682
"2009-08-10",-0.283861563596591
"2009-08-11",-1.2648330297897
"2009-08-12",1.44195020694976
"2009-08-13",-0.184794967887235
"2009-08-14",-0.850071203364567
"2009-08-17",-1.81443267986913
"2009-08-18",0.551530813109855
"2009-08-19",0.792312553425629
"2009-08-20",0.976211540385188
"2009-08-21",2.19632636346953
"2009-08-24",0.48513202178813
"2009-08-25",0.374177474899505
"2009-08-26",-0.118662549926995
"2009-08-27",0.860939805302149
"2009-08-28",-0.84232919455485
"2009-08-31",-0.8561056700279
"2009-09-01",-1.85510463923526
"2009-09-02",-0.412631374106531
"2009-09-03",0.547002488981438
"2009-09-04",1.37748527069567
"2009-09-08",1.51813729446374
"2009-09-09",0.98052489965842
"2009-09-10",0.917218431248879
"2009-09-11",0.272394082464729
"2009-09-14",0.654277472159282
"2009-09-15",1.18782965998506
"2009-09-16",1.33192236402618
"2009-09-17",0.290273306072958
"2009-09-18",0.369342331574834
"2009-09-21",-0.461273685432132
"2009-09-22",0.611377776727558
"2009-09-23",-0.859435448406888
"2009-09-24",-0.804961135818317
"2009-09-25",-0.234470265897584
"2009-09-28",1.17765200012286
"2009-09-29",-0.196440705173831
"2009-09-30",-0.43598425874807
"2009-10-01",-2.23921642228373
"2009-10-02",-0.494889756013518
"2009-10-05",1.40223964140721
"2009-10-06",1.36642568933408
"2009-10-07",0.014472204321327
"2009-10-08",0.784134705934779
"2009-10-09",0.762050868899115
"2009-10-12",0.119250109374751
"2009-10-13",0.00356968039905901
"2009-10-14",1.68362715222732
"2009-10-15",0.386049539472261
"2009-10-16",-0.539244378413005
"2009-10-19",1.05318773188478
"2009-10-20",-0.416417693205066
"2009-10-21",-0.952356870611795
"2009-10-22",0.700184867114809
"2009-10-23",-1.31050191021617
"2009-10-26",-1.17762821141329
"2009-10-27",0.299632981545731
"2009-10-28",-1.35414964369938
"2009-10-29",1.9835873385424
"2009-10-30",-2.56600563718957
"2009-11-02",0.939457864323676
"2009-11-03",-0.24060397118851
"2009-11-04",0.689679072902034
"2009-11-05",1.99069126174076
"2009-11-06",0.677410911231646
"2009-11-09",2.21029971603871
"2009-11-10",-0.00964273191410184
"2009-11-11",0.241768008862668
"2009-11-12",-1.02916050988391
"2009-11-13",0.636973245457497
"2009-11-16",1.93687018715146
"2009-11-17",0.330602835258989
"2009-11-18",-0.0159958919575209
"2009-11-19",-0.837677149778171
"2009-11-20",0.0397872611799653
"2009-11-23",1.39402826229049
"2009-11-24",-0.155021391274745
"2009-11-25",0.591571573666405
"2009-11-27",-1.42761947043098
"2009-11-30",0.234296218696281
"2009-12-01",1.48098155843717
"2009-12-02",-0.282537376341223
"2009-12-03",-0.707591857359313
"2009-12-04",0.385958069370257
"2009-12-07",0.0634964269584204
"2009-12-08",-1.08962490811363
"2009-12-09",0.22022491953338
"2009-12-10",0.39857680806766
"2009-12-11",0.830806372930775
"2009-12-14",0.118862438560184
"2009-12-15",-0.410716769814058
"2009-12-16",-0.320817661644809
"2009-12-17",-1.01438163232296
"2009-12-18",-0.323269285055602
"2009-12-21",0.466772754501059
"2009-12-22",0.276675711933898
"2009-12-23",-0.133862176157407
"2009-12-24",0.342046662385199
"2009-12-28",0.233299022011235
"2009-12-29",-0.087619191710491
"2009-12-30",-0.0527517526137423
"2009-12-31",-1.31283821732913
"2010-01-04",1.90996171092591
"2010-01-05",0.261050362363935
"2010-01-06",0.335502501930971
"2010-01-07",0.835381712967997
"2010-01-08",0.125256684658341
"2010-01-11",1.20342499484474
"2010-01-12",-0.304287947457827
"2010-01-13",0.643276042198881
"2010-01-14",0.395084072105231
"2010-01-15",-1.19209163426987
"2010-01-19",0.926441251689986
"2010-01-20",-1.27606483540731
"2010-01-21",-2.22241686000966
"2010-01-22",-1.63061502725591
"2010-01-25",0.307034223028457
"2010-01-26",-0.0606290113196459
"2010-01-27",0.174846638655188
"2010-01-28",-0.764227336640416
"2010-01-29",-0.572109453506793
"2010-02-01",1.21147570137489
"2010-02-02",1.48221867332204
"2010-02-03",-0.60125054656699
"2010-02-04",-3.04884469463185
"2010-02-05",-0.377126544058747
"2010-02-08",-0.974352150252769
"2010-02-09",1.77445404828339
"2010-02-10",-0.323267354170894
"2010-02-11",1.38109045710055
"2010-02-12",-0.557144997212889
"2010-02-16",1.96248347435017
"2010-02-17",0.444858394860171
"2010-02-18",0.824161754387805
"2010-02-19",0.229633416046329
"2010-02-22",-0.356413366756389
"2010-02-23",-1.22892289153428
"2010-02-24",0.898750398897186
"2010-02-25",-0.816557653268913
"2010-02-26",0.132339041476225
"2010-03-01",0.80393486423262
"2010-03-02",0.199886073626566
"2010-03-03",0.101475725341605
"2010-03-04",0.386148303690254
"2010-03-05",1.27438690725516
"2010-03-08",-0.452799537509224
"2010-03-09",0.221288205641342
"2010-03-10",0.156986686221673
"2010-03-11",0.36484711748126
"2010-03-12",0.462262268278879
"2010-03-15",0.152136766746827
"2010-03-16",0.620922069728496
"2010-03-17",0.458649970410621
"2010-03-18",0.404197914875631
"2010-03-19",-0.0626037691454051
"2010-03-22",0.152148106386553
"2010-03-23",1.09247715741246
"2010-03-24",-0.617260354573793
"2010-03-25",-0.0318281946899849
"2010-03-26",0.14568849901646
"2010-03-29",0.778265713529182
"2010-03-30",-0.23300394254792
"2010-03-31",-0.40011372396566
"2010-04-01",0.745636523654547
"2010-04-05",0.428183202241191
"2010-04-06",-0.185823671935371
"2010-04-07",-0.799115292803959
"2010-04-08",0.0624541859280697
"2010-04-09",0.848962182503732
"2010-04-12",0.298255164595466
"2010-04-13",-0.0226369876121311
"2010-04-14",0.613840538773987
"2010-04-15",0.198167360685607
"2010-04-16",-0.931860146282289
"2010-04-19",0.446127507460617
"2010-04-20",0.123111548880518
"2010-04-21",0.380233898457318
"2010-04-22",-0.280508005823639
"2010-04-23",0.951505662505465
"2010-04-26",0.382707110019536
"2010-04-27",-2.31281793029686
"2010-04-28",0.711086249487392
"2010-04-29",1.18983554472538
"2010-04-30",-1.50027309978165
"2010-05-03",1.35740941911069
"2010-05-04",-2.0048723857572
"2010-05-05",-0.70340733862003
"2010-05-06",-3.40948142342275
"2010-05-07",-1.33031250405045
"2010-05-10",4.27118467832068
"2010-05-11",-0.373614079856166
"2010-05-12",1.60136466825326
"2010-05-13",-1.08941344324346
"2010-05-14",-1.51482801310648
"2010-05-17",-0.223666754589866
"2010-05-18",-1.0592677718799
"2010-05-19",-0.75527127960062
"2010-05-20",-3.93360454237923
"2010-05-21",1.04347519621843
"2010-05-24",-1.15058386813808
"2010-05-25",-0.444252987352037
"2010-05-26",-0.20526566421344
"2010-05-27",3.03722342677958
"2010-05-28",-0.893606646735519
"2010-06-01",-1.41543952930216
"2010-06-02",2.22778917679889
"2010-06-03",0.352473354212811
"2010-06-04",-3.61750937639487
"2010-06-07",-1.19674911932384
"2010-06-08",1.28318076184849
"2010-06-09",-0.472639666409046
"2010-06-10",3.07659163626113
"2010-06-11",0.314096608362469
"2010-06-14",0.0331043509614143
"2010-06-15",2.25316520376478
"2010-06-16",0.0453905426422345
"2010-06-17",0.373766426891985
"2010-06-18",0.263908706960937
"2010-06-21",0.071700607764672
"2010-06-22",-1.53057125023722
"2010-06-23",-0.201480955781566
"2010-06-24",-1.08129448484511
"2010-06-25",-0.366021541776194
"2010-06-28",0.0183743985265682
"2010-06-29",-2.96358109190318
"2010-06-30",-0.695445516497991
"2010-07-01",-0.83958402304667
"2010-07-02",-0.547062629593363
"2010-07-06",0.642868541822774
"2010-07-07",2.85602531754468
"2010-07-08",1.39257675706847
"2010-07-09",0.638880654901938
"2010-07-12",-0.163079587633462
"2010-07-13",1.35843422692612
"2010-07-14",0.0270448536955882
"2010-07-15",0.063574997562488
"2010-07-16",-2.51290757757241
"2010-07-19",0.659541107891294
"2010-07-20",0.922713264692052
"2010-07-21",-0.599899221900624
"2010-07-22",1.94610681379753
"2010-07-23",1.1413050893561
"2010-07-26",1.11047786019806
"2010-07-27",0.067661719693134
"2010-07-28",-0.370380568389766
"2010-07-29",-0.109621607398223
"2010-07-30",-0.125105526040758
"2010-08-02",2.11480972514631
"2010-08-03",-0.415634200124525
"2010-08-04",0.448165021887141
"2010-08-05",0.170694589254542
"2010-08-06",-0.335985870025975
"2010-08-09",0.677439938529453
"2010-08-10",-0.185398781339306
"2010-08-11",-2.54693802238818
"2010-08-12",-0.758391928339955
"2010-08-13",-0.0396387454996217
"2010-08-16",0.0424379278093586
"2010-08-17",1.12783415582284
"2010-08-18",-0.0944735518860719
"2010-08-19",-1.49145920044309
"2010-08-20",-0.657805166076018
"2010-08-23",-0.481741601057264
"2010-08-24",-1.6948399442905
"2010-08-25",-0.0951051452941597
"2010-08-26",-0.557874888164337
"2010-08-27",1.94297515844154
"2010-08-30",-1.35188388217004
"2010-08-31",0.166770965899686
"2010-09-01",2.60380684043002
"2010-09-02",0.372046042257106
"2010-09-03",1.14788701464728
"2010-09-07",-0.678167978448369
"2010-09-08",0.797739486470372
"2010-09-09",0.204516631683452
"2010-09-10",0.789010495578157
"2010-09-13",0.484914500680754
"2010-09-14",-0.336377460634378
"2010-09-15",0.133677638094985
"2010-09-16",-0.0104937668986424
"2010-09-17",0.298103273354538
"2010-09-20",1.24706972860564
"2010-09-21",0.395284852213451
"2010-09-22",0.00346568398973987
"2010-09-23",-0.959945951715168
"2010-09-24",2.17645676179888
"2010-09-27",-0.483667267946644
"2010-09-28",0.44064123536332
"2010-09-29",0.0648542599215951
"2010-09-30",-0.447536178197099
"2010-10-01",0.459116227649452
"2010-10-04",-0.70049513764186
"2010-10-05",2.1488775386949
"2010-10-06",0.451152036186031
"2010-10-07",-0.131276298525313
"2010-10-08",0.742093708415874
"2010-10-11",0.0848127231037924
"2010-10-12",0.0753671560357573
"2010-10-13",0.877455043138313
"2010-10-14",0.0312137157440143
"2010-10-15",-0.844360202701968
"2010-10-18",0.684136809362509
"2010-10-19",-1.50001534525797
"2010-10-20",1.31160870862329
"2010-10-21",0.301577928782145
"2010-10-22",-0.100825776231601
"2010-10-25",0.197065693482701
"2010-10-26",-0.104612657849297
"2010-10-27",-0.488247995686663
"2010-10-28",0.223916967135881
"2010-10-29",-0.0837060965397339
"2010-11-01",-0.0330851177386145
"2010-11-02",0.477187994395836
"2010-11-03",0.145940615406281
"2010-11-04",2.01897504000914
"2010-11-05",0.143643011708462
"2010-11-08",-0.269486094772488
"2010-11-09",-0.512317570275878
"2010-11-10",-0.145860549423868
"2010-11-11",-0.267940121881229
"2010-11-12",-1.08953467327472
"2010-11-15",0.00981313071756552
"2010-11-16",-1.59399287524803
"2010-11-17",0.148768732442394
"2010-11-18",1.98170733668716
"2010-11-19",0.280782989761287
"2010-11-22",-0.166309416484649
"2010-11-23",-1.53203828707763
"2010-11-24",1.60286382511986
"2010-11-26",-0.943099228489767
"2010-11-29",-0.234028347048796
"2010-11-30",-0.447464300861771
"2010-12-01",2.57035744218732
"2010-12-02",0.953297072773938
"2010-12-03",0.118850597348235
"2010-12-06",-0.241956583356203
"2010-12-07",0.472961372735685
"2010-12-08",-0.11436538466946
"2010-12-09",0.17916205823188
"2010-12-10",0.621471178703586
"2010-12-13",0.349874303434281
"2010-12-14",0.406530627618999
"2010-12-15",-0.0145987257748629
"2010-12-16",0.636390335293507
"2010-12-17",-0.0692263739686078
"2010-12-20",-0.202512235069336
"2010-12-21",0.583550435056061
"2010-12-22",0.390070670316686
"2010-12-23",0.240894892004294
"2010-12-27",-0.341334297362028
"2010-12-28",0.300682225220613
"2010-12-29",0.0171013351331957
"2010-12-30",-0.104177395684323
"2010-12-31",0.0471064541576715
"2011-01-03",0.559285990375935
"2011-01-04",0.159066670119972
"2011-01-05",0.0881515475205743
"2011-01-06",0.177805237820294
"2011-01-07",0.117648933699947
"2011-01-10",-0.319183275152033
"2011-01-11",0.196029868075162
"2011-01-12",0.770575677264277
"2011-01-13",-0.563941681175001
"2011-01-14",0.215332327869785
"2011-01-18",0.726034900341356
"2011-01-19",0.0113032663696442
"2011-01-20",-0.32872554428655
"2011-01-21",0.976180374492872
"2011-01-24",1.05266787461322
"2011-01-25",-0.125951531581528
"2011-01-26",-0.209740781568638
"2011-01-27",0.217392813001465
"2011-01-28",-0.973135242085156
"2011-01-31",0.650050126774175
"2011-02-01",1.48282305302937
"2011-02-02",0.0560542831571701
"2011-02-03",-0.189468885097828
"2011-02-04",0.165103037767739
"2011-02-07",0.81056691337515
"2011-02-08",0.556937175061733
"2011-02-09",-0.3468934694035
"2011-02-10",0.32636337498316
"2011-02-11",0.252541492201955
"2011-02-14",0.238938016146847
"2011-02-15",-0.609476696558259
"2011-02-16",0.474316536849609
"2011-02-17",0.312609249932501
"2011-02-18",0.610482429781805
"2011-02-22",-1.33663139599626
"2011-02-23",-0.368160862861523
"2011-02-24",-0.0128309915418894
"2011-02-25",0.66427474481632
"2011-02-28",0.368855684283924
"2011-03-01",-1.27719895122146
"2011-03-02",0.0743160354362185
"2011-03-03",1.77050228389392
"2011-03-04",-0.787312412373905
"2011-03-07",-0.634209345978062
"2011-03-08",0.968299969489255
"2011-03-09",-0.0871122416329593
"2011-03-10",-2.15273607034792
"2011-03-11",0.651527599810403
"2011-03-14",-0.410312324987021
"2011-03-15",-1.23597403510959
"2011-03-16",-2.26110629091164
"2011-03-17",1.5674072670665
"2011-03-18",0.774690796889872
"2011-03-21",1.9304474849664
"2011-03-22",-0.207408284816263
"2011-03-23",0.531122399020786
"2011-03-24",0.561601582885507
"2011-03-25",0.588785707590993
"2011-03-28",-0.222567203057386
"2011-03-29",0.781026683604349
"2011-03-30",0.822256091639863
"2011-03-31",-0.203220280628197
"2011-04-01",0.835001762609374
"2011-04-04",0.265230861674429
"2011-04-05",-0.274890604545642
"2011-04-06",0.0981642887453199
"2011-04-07",-0.0182233510878966
"2011-04-08",-0.148337828120808
"2011-04-11",-0.241042195525935
"2011-04-12",-1.10921328273362
"2011-04-13",0.0127141887801497
"2011-04-14",0.53802718093513
"2011-04-15",0.556233654265998
"2011-04-18",-1.14904024565798
"2011-04-19",0.516004580492144
"2011-04-20",1.5792578381693
"2011-04-21",0.333763930757195
"2011-04-25",-0.256130322603568
"2011-04-26",1.10026389564175
"2011-04-27",0.864159287725267
"2011-04-28",0.561709693752862
"2011-04-29",0.630951682623256
"2011-05-02",-0.015966170493959
"2011-05-03",-0.204164478725031
"2011-05-04",-0.809934547804027
"2011-05-05",-1.3283041461907
"2011-05-06",0.407912198076442
"2011-05-09",0.426659696115886
"2011-05-10",0.641404117755176
"2011-05-11",-0.92886383637452
"2011-05-12",0.59185712213141
"2011-05-13",-0.693184634721484
"2011-05-16",-0.452216397930829
"2011-05-17",-0.565072645137144
"2011-05-18",0.959651743257132
"2011-05-19",0.48911392385236
"2011-05-20",-0.764043232950332
"2011-05-23",-1.22646413907405
"2011-05-24",-0.198264869745427
"2011-05-25",0.341765758120942
"2011-05-26",0.139249029219144
"2011-05-27",0.0458008406566874
"2011-05-31",1.17933664481523
"2011-06-01",-2.23074820183268
"2011-06-02",-0.325058099678034
"2011-06-03",-0.837794478260718
"2011-06-06",-0.631358396481747
"2011-06-07",-0.315774037476357
"2011-06-08",0.00550633385215419
"2011-06-09",0.69971115254668
"2011-06-10",-1.46930064079444
"2011-06-13",-0.0864754893891968
"2011-06-14",1.27726353506628
"2011-06-15",-1.46915007853075
"2011-06-16",0.596460397142558
"2011-06-17",0.328110896220248
"2011-06-20",0.791188867798036
"2011-06-21",0.710485015831264
"2011-06-22",-0.790963879991013
"2011-06-23",-0.983938607630184
"2011-06-24",-1.06044882872901
"2011-06-27",0.895753559388311
"2011-06-28",1.31752345875531
"2011-06-29",0.428090366850858
"2011-06-30",1.51061778653167
"2011-07-01",1.29388082183688
"2011-07-05",-0.0874698432159075
"2011-07-06",0.572910247670912
"2011-07-07",0.841390021254621
"2011-07-08",-0.467800132649716
"2011-07-11",-1.29229639958798
"2011-07-12",-0.655741587569221
"2011-07-13",0.54461786216184
"2011-07-14",-0.322775280777204
"2011-07-15",0.392591307362252
"2011-07-18",-0.77069582100082
"2011-07-19",1.8148943927003
"2011-07-20",-0.04957790685258
"2011-07-21",1.30389353385851
"2011-07-22",-0.740532160233051
"2011-07-25",-0.731821540160542
"2011-07-26",-0.736339243237749
"2011-07-27",-1.61176702861483
"2011-07-28",-0.618829940103599
"2011-07-29",-0.949923685849814
"2011-08-01",-0.0580366339204383
"2011-08-02",-2.4971299859457
"2011-08-03",0.129552533972533
"2011-08-04",-5.06851414758502
"2011-08-05",0.774294225026714
"2011-08-08",-5.71543745818132
"2011-08-09",3.40017498029832
"2011-08-10",-4.77738171168604
"2011-08-11",3.71709928138646
"2011-08-12",1.88145180914396
"2011-08-15",2.24555978103718
"2011-08-16",-0.941636674744241
"2011-08-17",0.185943251830492
"2011-08-18",-4.23640161028935
"2011-08-19",-1.46696747886943
"2011-08-22",0.493391318232772
"2011-08-23",3.30138752890534
"2011-08-24",1.1493699650029
"2011-08-25",-1.58597490964482
"2011-08-26",1.20528637318481
"2011-08-29",2.29229370228194
"2011-08-30",0.533921546929218
"2011-08-31",0.697744216907155
"2011-09-01",-0.946155006239646
"2011-09-02",-2.20333960508554
"2011-09-06",-1.00484578405455
"2011-09-07",2.70246525097002
"2011-09-08",-0.987583049850125
"2011-09-09",-2.68208405797782
"2011-09-12",0.425205656742112
"2011-09-13",0.780978769818964
"2011-09-14",1.28372882027837
"2011-09-15",1.79073294071034
"2011-09-16",0.837057618831074
"2011-09-19",-0.943708145981652
"2011-09-20",-0.0455015238321258
"2011-09-21",-2.8062965031024
"2011-09-22",-4.04166916888871
"2011-09-23",0.294481745533201
"2011-09-26",2.81049521469413
"2011-09-27",1.53858683099601
"2011-09-28",-1.53631037217849
"2011-09-29",1.60252845388134
"2011-09-30",-2.09873368057205
"2011-10-03",-2.64707840144004
"2011-10-04",1.05438319314697
"2011-10-05",1.35105986086874
"2011-10-06",1.26250066094572
"2011-10-07",0.0556176754484406
"2011-10-10",3.05279677979361
"2011-10-11",-0.146956873701785
"2011-10-12",0.955430060684371
"2011-10-13",-0.432305372131708
"2011-10-14",1.64234828843741
"2011-10-17",-2.11804881566788
"2011-10-18",1.64922662876035
"2011-10-19",-0.614595003192915
"2011-10-20",0.527807187021755
"2011-10-21",1.81627968937623
"2011-10-24",0.735333738744185
"2011-10-25",-1.50712418396636
"2011-10-26",1.65162817064951
"2011-10-27",2.63552172212883
"2011-10-28",0.412838115388202
"2011-10-31",-2.49392064869203
"2011-11-01",-2.75680446502145
"2011-11-02",1.54905089288012
"2011-11-03",1.752621859121
"2011-11-04",-0.704913998946469
"2011-11-07",0.562186674400542
"2011-11-08",0.811605589421624
"2011-11-09",-3.14845426211965
"2011-11-10",1.19752604786534
"2011-11-11",2.1723211869947
"2011-11-14",-0.469936473870315
"2011-11-15",0.100158640859711
"2011-11-16",-1.43909821768439
"2011-11-17",-1.04402413173609
"2011-11-18",0.235438226926216
"2011-11-21",-2.39134488501283
"2011-11-22",-0.746201060134079
"2011-11-23",-2.14323782203317
"2011-11-25",-0.398277449681228
"2011-11-28",2.75804351124077
"2011-11-29",0.580587638628801
"2011-11-30",4.64210579939652
"2011-12-01",-0.0324659950005404
"2011-12-02",0.0627014530008617
"2011-12-05",0.401464200111396
"2011-12-06",0.473119954925657
"2011-12-07",0.0939497114176805
"2011-12-08",-1.51906505669768
"2011-12-09",2.02216172082566
"2011-12-12",-1.5775112856057
"2011-12-13",-0.240824363139461
"2011-12-14",-1.07585026692854
"2011-12-15",0.65849545978543
"2011-12-16",-0.0222416095078719
"2011-12-19",-0.499321368028345
"2011-12-20",2.80834357231645
"2011-12-21",0.550078138536436
"2011-12-22",0.691353312741654
"2011-12-23",0.834809252397751
"2011-12-27",-0.143989116369549
"2011-12-28",-1.14526543720748
"2011-12-29",1.1035612715378
"2011-12-30",-0.646613175651193
